prompt,solution0,solution1,solution2,solution3,label,language,eng_prompt,eng_solution0,eng_solution1,eng_solution2,eng_solution3,categories,example_id,supplement
يملأ كيس بلاستيكي بالهواء ثم يغلق بإحكام. عندما يوضع جسم على الكيس، ماذا يحدث؟,تتناقص كمية الهواء في الكيس,يتغير لون الهواء في الكيس,كمية الهواء في الكيس تبقى كما هي,تزداد كمية الهواء في الكيس,2,arb_arab,"A plastic bag is filled with air and then sealed. When an object is placed on the bag, what happens?",The amount of air in the bag decreases,The color of the air in the bag changes,The amount of air in the bag stays the same,The amount of air in the bag increases,object_properties_interactions,parallel_ex000000_arb_arab,"{""example_inspiration"": ""ewok"", ""uncorrected_prompt"": ""\u064a\u064f\u0645\u0644\u0623 \u0643\u064a\u0633 \u0628\u0644\u0627\u0633\u062a\u064a\u0643\u064a \u0628\u0627\u0644\u0647\u0648\u0627\u0621 \u062b\u0645 \u064a\u064f\u063a\u0644\u0642 \u0628\u0625\u062d\u0643\u0627\u0645. \u0639\u0646\u062f\u0645\u0627 \u064a\u0648\u0636\u0639 \u062c\u0633\u0645 \u0639\u0644\u0649 \u0627\u0644\u0643\u064a\u0633\u060c \u0645\u0627\u0630\u0627 \u064a\u062d\u062f\u062b\u061f"", ""editdist_prompt"": 2, ""uncorrected_solution0"": ""\u062a\u062a\u0646\u0627\u0642\u0635 \u0643\u0645\u064a\u0629 \u0627\u0644\u0647\u0648\u0627\u0621 \u0641\u064a \u0627\u0644\u0643\u064a\u0633"", ""editdist_solution0"": 0, ""uncorrected_solution1"": ""\u064a\u064e\u062a\u064e\u063a\u064e\u064a\u0651\u064e\u0631\u064f \u0644\u064e\u0648\u0652\u0646\u064f \u0627\u0644\u0652\u0647\u064e\u0648\u064e\u0627\u0621\u0650 \u0641\u0650\u064a \u0627\u0644\u0652\u0643\u0650\u064a\u0633\u0650."", ""editdist_solution1"": 18, ""uncorrected_solution2"": ""\u0643\u0645\u064a\u0629 \u0627\u0644\u0647\u0648\u0627\u0621 \u0641\u064a \u0627\u0644\u0643\u064a\u0633 \u062a\u0628\u0642\u0649 \u0643\u0645\u0627 \u0647\u064a."", ""editdist_solution2"": 1, ""uncorrected_solution3"": ""\u062a\u0632\u062f\u0627\u062f \u0643\u0645\u064a\u0629 \u0627\u0644\u0647\u0648\u0627\u0621 \u0641\u064a \u0627\u0644\u0643\u064a\u0633"", ""editdist_solution3"": 0}"
يوضع كوب على الطاولة وفتحته للأسفل. عندما أصب الماء فوق الكوب، ماذا يحدث للماء؟,الماء لا يلامس الكوب,يدخل الماء في الكوب,يكسر الماء الكأس,يتناثر الماء عن الكوب,3,arb_arab,"A cup is placed with the opening on the table. When I pour water over the cup, what happens to the water?",The water does not touch the cup,The water goes into the cup,The water breaks the cup,The water splashes off the cup,object_properties_interactions,parallel_ex000001_arb_arab,"{""example_inspiration"": ""new"", ""uncorrected_prompt"": ""\u064a\u064f\u0648\u0636\u064e\u0639\u064f \u0643\u0648\u0628\u064c \u0639\u0644\u0649 \u0627\u0644\u0637\u0627\u0648\u0644\u0629\u0650 \u0648\u0641\u064f\u062a\u0652\u062d\u064e\u062a\u064f\u0647\u064f \u0644\u0644\u0623\u0633\u0641\u0644. \u0639\u0646\u062f\u0645\u0627 \u0623\u0635\u0628\u0651\u064f \u0627\u0644\u0645\u0627\u0621\u064e \u0641\u0648\u0642\u064e \u0627\u0644\u0643\u0648\u0628\u0650\u060c \u0645\u0627\u0630\u0627 \u064a\u062d\u062f\u062b\u064f \u0644\u0644\u0645\u0627\u0621\u061f"", ""editdist_prompt"": 16, ""uncorrected_solution0"": ""\u0627\u0644\u0645\u0627\u0621 \u0644\u0627 \u064a\u0644\u0627\u0645\u0633 \u0627\u0644\u0643\u0648\u0628"", ""editdist_solution0"": 0, ""uncorrected_solution1"": ""\u064a\u062f\u062e\u0644 \u0627\u0644\u0645\u0627\u0621 \u0641\u064a \u0627\u0644\u0643\u0648\u0628"", ""editdist_solution1"": 0, ""uncorrected_solution2"": ""\u064a\u0643\u0633\u0631 \u0627\u0644\u0645\u0627\u0621 \u0627\u0644\u0643\u0623\u0633"", ""editdist_solution2"": 0, ""uncorrected_solution3"": ""\u064a\u062a\u0646\u0627\u062b\u0631 \u0627\u0644\u0645\u0627\u0621 \u0645\u0646 \u0627\u0644\u0643\u0648\u0628"", ""editdist_solution3"": 1}"
طفل يرمي كرة ورقية على نافذة زجاجية. ماذا يحدث للكرة؟,تلتصق الكرة بالنافذة,ترتد الكرة عن النافذة,تكسر الكرة النافذة,تتكسر الكرة إلى قطع,1,arb_arab,A child throws a paper ball at a glass window. What happens to the ball?,The ball sticks to the window,The ball bounces off the window,The ball breaks the window,The ball breaks into pieces,object_properties_interactions,parallel_ex000002_arb_arab,"{""example_inspiration"": ""ewok"", ""uncorrected_prompt"": ""\u0637\u0641\u0644 \u064a\u0631\u0645\u064a \u0643\u0631\u0629 \u0648\u0631\u0642\u064a\u0629 \u0639\u0644\u0649 \u0646\u0627\u0641\u0630\u0629 \u0632\u062c\u0627\u062c\u064a\u0629. \u0645\u0627\u0630\u0627 \u064a\u062d\u062f\u062b \u0644\u0644\u0643\u0631\u0629\u061f"", ""editdist_prompt"": 0, ""uncorrected_solution0"": ""\u062a\u0644\u062a\u0635\u0642 \u0627\u0644\u0643\u0631\u0629 \u0628\u0627\u0644\u0646\u0627\u0641\u0630\u0629."", ""editdist_solution0"": 1, ""uncorrected_solution1"": ""\u062a\u0631\u062a\u062f \u0627\u0644\u0643\u0631\u0629 \u0639\u0646 \u0627\u0644\u0646\u0627\u0641\u0630\u0629."", ""editdist_solution1"": 1, ""uncorrected_solution2"": ""\u062a\u0643\u0633\u0631 \u0627\u0644\u0643\u0631\u0629 \u0627\u0644\u0646\u0627\u0641\u0630\u0629"", ""editdist_solution2"": 0, ""uncorrected_solution3"": ""\u062a\u062a\u0643\u0633\u0651\u0631 \u0627\u0644\u0643\u0631\u0629 \u0625\u0644\u0649 \u0642\u0637\u0639"", ""editdist_solution3"": 1}"
طفل يرمي كرة معدنية على نافذة زجاجية. ماذا يحدث للكرة؟,ترتد الكرة عن النافذة,تتكسر الكرة إلى قطع,تلتصق الكرة بالنافذة,تكسر الكرة النافذة,3,arb_arab,A child throws a metal ball at a glass window. What happens to the ball?,The ball bounces off the window,The ball breaks into pieces,The ball sticks to the window,The ball breaks the window,object_properties_interactions,parallel_ex000003_arb_arab,"{""example_inspiration"": ""ewok"", ""uncorrected_prompt"": ""\u0637\u0641\u0644\u064c \u064a\u0631\u0645\u064a \u0643\u0631\u0629\u064b \u0645\u0639\u062f\u0646\u064a\u0629\u064b \u0639\u0644\u0649 \u0646\u0627\u0641\u0630\u0629\u064d \u0632\u062c\u0627\u062c\u064a\u0629\u064d. \u0645\u0627\u0630\u0627 \u064a\u062d\u062f\u062b \u0644\u0644\u0643\u0631\u0629\u061f"", ""editdist_prompt"": 5, ""uncorrected_solution0"": ""\u062a\u0631\u062a\u062f \u0627\u0644\u0643\u0631\u0629 \u0639\u0646 \u0627\u0644\u0646\u0627\u0641\u0630\u0629."", ""editdist_solution0"": 1, ""uncorrected_solution1"": ""\u062a\u062a\u0643\u0633\u0651\u0631 \u0627\u0644\u0643\u0631\u0629 \u0625\u0644\u0649 \u0642\u0637\u0639"", ""editdist_solution1"": 1, ""uncorrected_solution2"": ""\u062a\u0644\u062a\u0635\u0642 \u0627\u0644\u0643\u0631\u0629 \u0628\u0627\u0644\u0646\u0627\u0641\u0630\u0629."", ""editdist_solution2"": 1, ""uncorrected_solution3"": ""\u062a\u0643\u0633\u0631 \u0627\u0644\u0643\u0631\u0629 \u0627\u0644\u0646\u0627\u0641\u0630\u0629"", ""editdist_solution3"": 0}"
هناك مصباح كهربائي أمامك. بينك وبين المصباح، يوجد لوح زجاجي. عندما تشعل المصباح، ماذا يحدث؟,المصباح الكهربائي لا يصدر أي ضوء,يعكس الزجاج الضوء مرة أخرى إلى عينيك,يحجب الزجاج كل الضوء الصادر من المصباح الكهربائي,ترى الضوء من المصباح الكهربائي عبر الزجاج,3,arb_arab,"There is a lightbulb in front of you. Between you and the lightbulb, there is a sheet of glass. When you turn the lightbulb on, what happens?",The lightbulb does not emit any light,The glass reflects the light back into your eyes,The glass blocks all the light from the lightbulb,You see the light from the lightbulb through the glass,object_properties_interactions,parallel_ex000004_arb_arab,"{""example_inspiration"": ""ewok"", ""uncorrected_prompt"": ""\u0647\u0646\u0627\u0643 \u0645\u0635\u0628\u0627\u062d \u0643\u0647\u0631\u0628\u0627\u0626\u064a \u0623\u0645\u0627\u0645\u0643. \u0628\u064a\u0646\u0643 \u0648\u0628\u064a\u0646 \u0627\u0644\u0645\u0635\u0628\u0627\u062d\u060c \u064a\u0648\u062c\u062f \u0644\u0648\u062d \u0632\u062c\u0627\u062c\u064a. \u0639\u0646\u062f\u0645\u0627 \u062a\u0634\u0639\u0644 \u0627\u0644\u0645\u0635\u0628\u0627\u062d\u060c \u0645\u0627\u0630\u0627 \u064a\u062d\u062f\u062b\u061f"", ""editdist_prompt"": 0, ""uncorrected_solution0"": ""\u0627\u0644\u0645\u0635\u0628\u0627\u062d \u0627\u0644\u0643\u0647\u0631\u0628\u0627\u0626\u064a \u0644\u0627 \u064a\u0635\u062f\u0631 \u0623\u064a \u0636\u0648\u0621"", ""editdist_solution0"": 0, ""uncorrected_solution1"": ""\u064a\u0639\u0643\u0633 \u0627\u0644\u0632\u062c\u0627\u062c \u0627\u0644\u0636\u0648\u0621 \u0645\u0631\u0629 \u0623\u062e\u0631\u0649 \u0625\u0644\u0649 \u0639\u064a\u0646\u064a\u0643"", ""editdist_solution1"": 0, ""uncorrected_solution2"": ""\u064a\u062d\u062c\u0628 \u0627\u0644\u0632\u062c\u0627\u062c \u0643\u0644 \u0627\u0644\u0636\u0648\u0621 \u0627\u0644\u0635\u0627\u062f\u0631 \u0645\u0646 \u0627\u0644\u0645\u0635\u0628\u0627\u062d \u0627\u0644\u0643\u0647\u0631\u0628\u0627\u0626\u064a."", ""editdist_solution2"": 1, ""uncorrected_solution3"": ""\u062a\u064e\u0631\u064e\u0649 \u0627\u0644\u0636\u0648\u0621\u064e \u0645\u0650\u0646\u064e \u0627\u0644\u0645\u0650\u0635\u0628\u0627\u062d\u0650 \u0627\u0644\u0643\u0647\u0631\u0628\u0627\u0626\u064a\u0651\u0650 \u0639\u0628\u0631\u064e \u0627\u0644\u0632\u062c\u0627\u062c\u0650."", ""editdist_solution3"": 12}"
أمسك بيدك قطعة قماش قطنية مربعة الشكل بحيث تكون مشدودة وموازية للأرض. عندما تقرب يديك من بعضهما البعض، ماذا يحدث لقطعة القماش؟,يقترب مركز القماش من الأرض,يبتعد القماش عن يديك أكثر فأكثر,يبتعد مركز القماش عن الأرض,تبتعد حواف القماش عن الأرض,0,arb_arab,"You hold a square of cotton fabric in your hands so that it is taut and parallel with the ground. When you move your hands closer to each other, what happens to the fabric?",The center of the fabric gets closer to the ground,The fabric gets further away from your hands,The center of the fabric gets further from the ground,The edges of the fabric get further from the ground,object_properties_interactions,parallel_ex000005_arb_arab,"{""example_inspiration"": ""ewok"", ""uncorrected_prompt"": ""\u0623\u0645\u0633\u0643 \u0628\u064a\u062f\u0643 \u0642\u0637\u0639\u0629 \u0642\u0645\u0627\u0634 \u0642\u0637\u0646\u064a\u0629 \u0645\u0631\u0628\u0639\u0629 \u0627\u0644\u0634\u0643\u0644 \u0628\u062d\u064a\u062b \u062a\u0643\u0648\u0646 \u0645\u0634\u062f\u0648\u062f\u0629 \u0648\u0645\u0648\u0627\u0632\u064a\u0629 \u0644\u0644\u0623\u0631\u0636. \u0639\u0646\u062f\u0645\u0627 \u062a\u0642\u0631\u0651\u0628 \u064a\u062f\u064a\u0643 \u0645\u0646 \u0628\u0639\u0636\u0647\u0645\u0627 \u0627\u0644\u0628\u0639\u0636\u060c \u0645\u0627\u0630\u0627 \u064a\u062d\u062f\u062b \u0644\u0642\u0637\u0639\u0629 \u0627\u0644\u0642\u0645\u0627\u0634\u061f"", ""editdist_prompt"": 1, ""uncorrected_solution0"": ""\u064a\u064e\u0642\u0652\u062a\u064e\u0631\u0650\u0628\u064f \u0645\u064e\u0631\u0652\u0643\u064e\u0632\u064f \u0627\u0644\u0642\u064f\u0645\u064e\u0627\u0634\u0650 \u0645\u0650\u0646\u064e \u0627\u0644\u0623\u064e\u0631\u0652\u0636\u0650"", ""editdist_solution0"": 17, ""uncorrected_solution1"": ""\u064a\u0628\u062a\u0639\u062f \u0627\u0644\u0642\u0645\u0627\u0634 \u0639\u0646 \u064a\u062f\u064a\u0643 \u0623\u0643\u062b\u0631 \u0641\u0623\u0643\u062b\u0631"", ""editdist_solution1"": 0, ""uncorrected_solution2"": ""\u064a\u064e\u0628\u0652\u062a\u064e\u0639\u0650\u062f\u064f \u0645\u064e\u0631\u0652\u0643\u064e\u0632\u064f \u0627\u0644\u0642\u064f\u0645\u064e\u0627\u0634\u0650 \u0639\u064e\u0646\u0650 \u0627\u0644\u0623\u064e\u0631\u0652\u0636\u0650"", ""editdist_solution2"": 17, ""uncorrected_solution3"": ""\u062a\u064e\u0628\u0652\u062a\u064e\u0639\u0650\u062f\u064f \u062d\u064e\u0648\u064e\u0627\u0641\u0651\u064f \u0627\u0644\u0642\u064f\u0645\u064e\u0627\u0634\u0650 \u0639\u064e\u0646\u0650 \u0627\u0644\u0623\u064e\u0631\u0652\u0636\u0650"", ""editdist_solution3"": 17}"
إذا كان مبنى يخضع للصيانة كل ثمانية أشهر، وكانت آخر صيانة في شهر يناير، ففي أي شهر ستكون الصيانة التالية؟,أكتوبر,يناير,أغسطس,سبتمبر,3,arb_arab,"If a building undergoes maintenance every eight months and the last maintenance was in January, which month will the next maintenance be?",October,January,August,September,"time,counting",parallel_ex000008_arb_arab,"{""example_inspiration"": ""tram"", ""uncorrected_prompt"": ""\u0625\u0630\u0627 \u0643\u0627\u0646 \u0645\u0628\u0646\u0649 \u064a\u062e\u0636\u0639 \u0644\u0644\u0635\u064a\u0627\u0646\u0629 \u0643\u0644 \u062b\u0645\u0627\u0646\u064a\u0629 \u0623\u0634\u0647\u0631\u060c \u0648\u0643\u0627\u0646\u062a \u0622\u062e\u0631 \u0635\u064a\u0627\u0646\u0629 \u0641\u064a \u0634\u0647\u0631 \u064a\u0646\u0627\u064a\u0631\u060c \u0641\u0641\u064a \u0623\u064a \u0634\u0647\u0631 \u0633\u062a\u0643\u0648\u0646 \u0627\u0644\u0635\u064a\u0627\u0646\u0629 \u0627\u0644\u062a\u0627\u0644\u064a\u0629\u061f"", ""editdist_prompt"": 0, ""uncorrected_solution0"": ""\u0623\u0643\u062a\u0648\u0628\u0631"", ""editdist_solution0"": 0, ""uncorrected_solution1"": ""\u064a\u0646\u0627\u064a\u0631"", ""editdist_solution1"": 0, ""uncorrected_solution2"": ""\u0623\u063a\u0633\u0637\u0633"", ""editdist_solution2"": 0, ""uncorrected_solution3"": ""\u0633\u0628\u062a\u0645\u0628\u0631"", ""editdist_solution3"": 0}"
اليوم هو الأربعاء. أنت تريد أن تقابل صديقك بعد ثلاثة أيام. في أي يوم تريد أن تقابل صديقك؟,السبت,الأحد,الأربعاء,الجمعة,0,arb_arab,Today is Wednesday. You want to meet your friend in three days. Which day do you want to meet your friend?,Saturday,Sunday,Wednesday,Friday,"time,counting",parallel_ex000009_arb_arab,"{""example_inspiration"": ""tram"", ""uncorrected_prompt"": ""\u0627\u0644\u064a\u0648\u0645 \u0647\u0648 \u0627\u0644\u0623\u0631\u0628\u0639\u0627\u0621. \u0623\u0646\u062a \u062a\u0631\u064a\u062f \u0623\u0646 \u062a\u0642\u0627\u0628\u0644 \u0635\u062f\u064a\u0642\u0643 \u0628\u0639\u062f \u062b\u0644\u0627\u062b\u0629 \u0623\u064a\u0627\u0645. \u0641\u064a \u0623\u064a \u064a\u0648\u0645 \u062a\u0631\u064a\u062f \u0623\u0646 \u062a\u0642\u0627\u0628\u0644 \u0635\u062f\u064a\u0642\u0643\u061f"", ""editdist_prompt"": 0, ""uncorrected_solution0"": ""\u0627\u0644\u0633\u0651\u064e\u0628\u0652\u062a"", ""editdist_solution0"": 3, ""uncorrected_solution1"": ""\u0627\u0644\u0623\u062d\u062f"", ""editdist_solution1"": 0, ""uncorrected_solution2"": ""\u0627\u0644\u0623\u0631\u0628\u0639\u0627\u0621"", ""editdist_solution2"": 0, ""uncorrected_solution3"": ""\u0627\u0644\u062c\u0645\u0639\u0629"", ""editdist_solution3"": 0}"
يظهر نوع من حشرات الزيز كل 22 عاما. إذا كان آخر ظهور لها في عام 1914، فمتى ستظهر في المرة القادمة؟,1930,1936,1934,1940,1,arb_arab,"A species of cicada emerges every 22 years. If they last emerged in 1914, when will they next emerge?",1930,1936,1934,1940,"time,counting",parallel_ex000010_arb_arab,"{""example_inspiration"": ""tram"", ""uncorrected_prompt"": ""\u064a\u0638\u0647\u0631 \u0646\u0648\u0639 \u0645\u0646 \u062d\u0634\u0631\u0627\u062a \u0627\u0644\u0632\u064a\u0632 \u0643\u0644 22 \u0639\u0627\u0645\u064b\u0627. \u0625\u0630\u0627 \u0643\u0627\u0646 \u0622\u062e\u0631 \u0638\u0647\u0648\u0631 \u0644\u0647\u0627 \u0641\u064a \u0639\u0627\u0645 1914\u060c \u0641\u0645\u062a\u0649 \u0633\u062a\u0638\u0647\u0631 \u0641\u064a \u0627\u0644\u0645\u0631\u0629 \u0627\u0644\u0642\u0627\u062f\u0645\u0629\u061f"", ""editdist_prompt"": 1, ""uncorrected_solution0"": ""\u0623\u0644\u0641 \u0648\u062a\u0633\u0639\u0645\u0627\u0626\u0629 \u0648\u062b\u0644\u0627\u062b\u0648\u0646"", ""editdist_solution0"": 20, ""uncorrected_solution1"": ""\u0623\u0644\u0641 \u0648\u062a\u0633\u0639\u0645\u0626\u0629 \u0648\u0633\u062a\u0629 \u0648\u062b\u0644\u0627\u062b\u0648\u0646"", ""editdist_solution1"": 24, ""uncorrected_solution2"": ""\u0623\u0644\u0641 \u0648\u062a\u0633\u0639\u0645\u0627\u0626\u0629 \u0648\u0623\u0631\u0628\u0639\u0629 \u0648\u062b\u0644\u0627\u062b\u0648\u0646"", ""editdist_solution2"": 27, ""uncorrected_solution3"": ""\u0623\u0644\u0641 \u0648\u062a\u0633\u0639\u0645\u0627\u0626\u0629 \u0648\u0623\u0631\u0628\u0639\u0648\u0646"", ""editdist_solution3"": 20}"
العام هو 2026. يبلغ جورج من العمر 43 عاما. في أي عام على الأرجح ولد جورج؟,1981,1983,1984,1985,1,arb_arab,The year is 2026. George is 43 years old. What year is George most likely born?,1981,1983,1984,1985,"time,counting",parallel_ex000011_arb_arab,"{""example_inspiration"": ""tram"", ""uncorrected_prompt"": ""\u0627\u0644\u0639\u0627\u0645 \u0647\u0648 2026. \u064a\u0628\u0644\u063a \u062c\u0648\u0631\u062c \u0645\u0646 \u0627\u0644\u0639\u0645\u0631 43 \u0639\u0627\u0645\u064b\u0627. \u0641\u064a \u0623\u064a \u0639\u0627\u0645 \u0639\u0644\u0649 \u0627\u0644\u0623\u0631\u062c\u062d \u0648\u064f\u0644\u0650\u062f \u062c\u0648\u0631\u062c\u061f"", ""editdist_prompt"": 3, ""uncorrected_solution0"": ""\u0623\u0644\u0641 \u0648\u062a\u0633\u0639\u0645\u0627\u0626\u0629 \u0648\u0648\u0627\u062d\u062f \u0648\u062b\u0645\u0627\u0646\u0648\u0646"", ""editdist_solution0"": 26, ""uncorrected_solution1"": ""\u0623\u0644\u0641 \u0648\u062a\u0633\u0639\u0645\u0626\u0629 \u0648\u062b\u0644\u0627\u062b\u0629 \u0648\u062b\u0645\u0627\u0646\u0648\u0646"", ""editdist_solution1"": 26, ""uncorrected_solution2"": ""\u0623\u0644\u0641 \u0648\u062a\u0633\u0639\u0645\u0627\u0626\u0629 \u0648\u0623\u0631\u0628\u0639\u0629 \u0648\u062b\u0645\u0627\u0646\u0648\u0646"", ""editdist_solution2"": 27, ""uncorrected_solution3"": ""\u0623\u0644\u0641 \u0648\u062a\u0633\u0639\u0645\u0626\u0629 \u0648\u062e\u0645\u0633\u0629 \u0648\u062b\u0645\u0627\u0646\u0648\u0646"", ""editdist_solution3"": 25}"
يجب على الولد أن ينجز مهمة منزلية قبل التوجه إلى المدرسة. متى يكون من المرجح أن يقوم بالمهمة المنزلية؟,6:30 مساء,10 صباحا,6:30 صباحا,9:30 صباحا,2,arb_arab,The boy needs to complete a household chore before heading to school. When is he more likely to do the household chore?,6:30 PM,10 AM,6:30 AM,9:30 AM,time,parallel_ex000013_arb_arab,"{""example_inspiration"": ""tram"", ""uncorrected_prompt"": ""\u064a\u062c\u0628 \u0639\u0644\u0649 \u0627\u0644\u0648\u0644\u062f \u0623\u0646 \u064a\u0646\u062c\u0632 \u0645\u0647\u0645\u0629 \u0645\u0646\u0632\u0644\u064a\u0629 \u0642\u0628\u0644 \u0627\u0644\u062a\u0648\u062c\u0647 \u0625\u0644\u0649 \u0627\u0644\u0645\u062f\u0631\u0633\u0629. \u0645\u062a\u0649 \u064a\u0643\u0648\u0646 \u0645\u0646 \u0627\u0644\u0645\u0631\u062c\u062d \u0623\u0646 \u064a\u0642\u0648\u0645 \u0628\u0627\u0644\u0645\u0647\u0645\u0629 \u0627\u0644\u0645\u0646\u0632\u0644\u064a\u0629\u061f"", ""editdist_prompt"": 0, ""uncorrected_solution0"": ""6:30 \u0645\u0633\u0627\u0621\u064b"", ""editdist_solution0"": 1, ""uncorrected_solution1"": ""10 \u0635\u0628\u0627\u062d\u064b\u0627"", ""editdist_solution1"": 1, ""uncorrected_solution2"": ""\u0627\u0644\u0633\u0627\u062f\u0633\u0629 \u0648\u0627\u0644\u0646\u0635\u0641 \u0635\u0628\u0627\u062d\u064b\u0627"", ""editdist_solution2"": 15, ""uncorrected_solution3"": ""9:30 \u0635\u0628\u0627\u062d\u064b\u0627"", ""editdist_solution3"": 1}"
الوقت هو بعد الظهر. يسير شخص والشمس في عينيه. ثم ينعطف يسارا. في أي اتجاه عام يسير؟,غرب,شرق,جنوب,شمال,2,arb_arab,It is late in the afternoon. A person is walking so that the sun is in their eyes. They turn left. What general direction are they walking in?,West,East,South,North,spatial,parallel_ex000014_arb_arab,"{""example_inspiration"": ""prost"", ""uncorrected_prompt"": ""\u0627\u0644\u0648\u0642\u062a \u0647\u0648 \u0622\u062e\u0631 \u0627\u0644\u0646\u0647\u0627\u0631. \u064a\u0633\u064a\u0631 \u0634\u062e\u0635 \u0648\u0627\u0644\u0634\u0645\u0633 \u0641\u064a \u0639\u064a\u0646\u064a\u0647. \u062b\u0645 \u064a\u0646\u0639\u0637\u0641 \u064a\u0633\u0627\u0631\u0627\u064b. \u0641\u064a \u0623\u064a \u0627\u062a\u062c\u0627\u0647 \u0639\u0627\u0645 \u064a\u0633\u064a\u0631\u061f"", ""editdist_prompt"": 6, ""uncorrected_solution0"": ""\u063a\u064e\u0631\u0652\u0628"", ""editdist_solution0"": 2, ""uncorrected_solution1"": ""\u0634\u0631\u0642"", ""editdist_solution1"": 0, ""uncorrected_solution2"": ""\u062c\u0646\u0648\u0628"", ""editdist_solution2"": 0, ""uncorrected_solution3"": ""\u0634\u064e\u0645\u0627\u0644"", ""editdist_solution3"": 1}"
شخص يسير وهو يواجه الشمس. الشمس منخفضة في السماء. يستدير يسارا، وهو الآن يسير باتجاه الشمال. ما هو الوقت التقريبي من اليوم؟,أواخر الصباح,آخر الظهيرة,منتصف النهار,الصباح الباكر,3,arb_arab,A person is walking so that they are facing the sun. The sun is low in the sky. They turn left and now they are walking north. What general time of day is it?,Late morning,Late Afternoon,Mid day,Early Morning,spatial,parallel_ex000015_arb_arab,"{""example_inspiration"": ""prost"", ""uncorrected_prompt"": ""\u0634\u062e\u0635 \u064a\u0633\u064a\u0631 \u0648\u0647\u0648 \u064a\u0648\u0627\u062c\u0647 \u0627\u0644\u0634\u0645\u0633. \u0627\u0644\u0634\u0645\u0633 \u0645\u0646\u062e\u0641\u0636\u0629 \u0641\u064a \u0627\u0644\u0633\u0645\u0627\u0621. \u064a\u0633\u062a\u062f\u064a\u0631 \u064a\u0633\u0627\u0631\u064b\u0627\u060c \u0648\u0647\u0648 \u0627\u0644\u0622\u0646 \u064a\u0633\u064a\u0631 \u0628\u0627\u062a\u062c\u0627\u0647 \u0627\u0644\u0634\u0645\u0627\u0644. \u0645\u0627 \u0647\u0648 \u0627\u0644\u0648\u0642\u062a \u0627\u0644\u062a\u0642\u0631\u064a\u0628\u064a \u0645\u0646 \u0627\u0644\u064a\u0648\u0645\u061f"", ""editdist_prompt"": 1, ""uncorrected_solution0"": ""\u0623\u0648\u0627\u062e\u0631 \u0627\u0644\u0635\u0628\u0627\u062d"", ""editdist_solution0"": 0, ""uncorrected_solution1"": ""\u0622\u062e\u0631 \u0627\u0644\u0638\u0647\u064a\u0631\u0629"", ""editdist_solution1"": 0, ""uncorrected_solution2"": ""\u0645\u0646\u062a\u0635\u0641 \u0627\u0644\u0646\u0647\u0627\u0631"", ""editdist_solution2"": 0, ""uncorrected_solution3"": ""\u0627\u0644\u0635\u064e\u0628\u064e\u0627\u062d \u0627\u0644\u0628\u064e\u0627\u0643\u0650\u0631"", ""editdist_solution3"": 4}"
يوجد باب لا يفتح إلا في اتجاه واحد. عندما تدخل من الباب إلى الغرفة، فإنك تدفعه لفتحه. للخروج من الغرفة، كيف تفتح الباب؟,تدفعه,تكسره,تفتحه,تسحبه,3,arb_arab,"There is a door which only opens in one direction. When you go through the door to enter the room, you push it to open. To exit the room, how do you open the door?",You push it,You break it,You unlock it,You pull it,spatial,parallel_ex000016_arb_arab,"{""example_inspiration"": ""prost"", ""uncorrected_prompt"": ""\u064a\u0648\u062c\u062f \u0628\u0627\u0628 \u0644\u0627 \u064a\u0641\u062a\u062d \u0625\u0644\u0627 \u0641\u064a \u0627\u062a\u062c\u0627\u0647 \u0648\u0627\u062d\u062f. \u0639\u0646\u062f\u0645\u0627 \u062a\u062f\u062e\u0644 \u0645\u0646 \u0627\u0644\u0628\u0627\u0628 \u0625\u0644\u0649 \u0627\u0644\u063a\u0631\u0641\u0629\u060c \u0641\u0625\u0646\u0643 \u062a\u062f\u0641\u0639\u0647 \u0644\u0641\u062a\u062d\u0647. \u0644\u0644\u062e\u0631\u0648\u062c \u0645\u0646 \u0627\u0644\u063a\u0631\u0641\u0629\u060c \u0643\u064a\u0641 \u062a\u0641\u062a\u062d \u0627\u0644\u0628\u0627\u0628\u061f"", ""editdist_prompt"": 0, ""uncorrected_solution0"": ""\u0623\u0646\u062a \u062a\u062f\u0641\u0639\u0647\u0627\n\u0623\u0646\u062a \u062a\u062f\u0641\u0639\u0647\n\u0623\u0646\u062a\u0650 \u062a\u062f\u0641\u0639\u064a\u0646\u0647\u0627\n\u0623\u0646\u062a\u0650 \u062a\u062f\u0641\u0639\u064a\u0646\u0647"", ""editdist_solution0"": 42, ""uncorrected_solution1"": ""\u0623\u0646\u062a \u062a\u0643\u0633\u0631\u0647/\u0623\u0646\u062a\u0650 \u062a\u0643\u0633\u0631\u064a\u0646\u0647"", ""editdist_solution1"": 17, ""uncorrected_solution2"": ""\u062a\u0641\u062a\u062d\u0647 / \u062a\u0641\u062a\u062d\u0647\u0627"", ""editdist_solution2"": 9, ""uncorrected_solution3"": ""\u0623\u0646\u062a\u064e \u062a\u0633\u062d\u0628\u064f\u0647\u064f"", ""editdist_solution3"": 7}"
تحتاج أن تكتب شيئا ما، ولديك ورق ولكن ليس لديك أداة كتابة. أي من هذه الخيارات سيكون الأفضل للكتابة به؟,عصا,طبشورة بيضاء,ورقة,قطعة فحم,3,arb_arab,"You need to write something down, and you have paper but no writing utensil. Which of these would be best to use to write?",A stick,White chalk,Paper,Charcoal,"object_properties_interactions,affordances",parallel_ex000017_arb_arab,"{""example_inspiration"": ""new"", ""uncorrected_prompt"": ""\u062a\u062d\u062a\u0627\u062c \u0623\u0646 \u062a\u0643\u062a\u0628 \u0634\u064a\u0626\u064b\u0627 \u0645\u0627\u060c \u0648\u0644\u062f\u064a\u0643 \u0648\u0631\u0642 \u0648\u0644\u0643\u0646 \u0644\u064a\u0633 \u0644\u062f\u064a\u0643 \u0623\u062f\u0627\u0629 \u0643\u062a\u0627\u0628\u0629. \u0623\u064a \u0645\u0646 \u0647\u0630\u0647 \u0627\u0644\u062e\u064a\u0627\u0631\u0627\u062a \u0633\u064a\u0643\u0648\u0646 \u0627\u0644\u0623\u0641\u0636\u0644 \u0644\u0644\u0643\u062a\u0627\u0628\u0629 \u0628\u0647\u061f"", ""editdist_prompt"": 1, ""uncorrected_solution0"": ""\u0639\u0635\u0627"", ""editdist_solution0"": 0, ""uncorrected_solution1"": ""\u0637\u0628\u0627\u0634\u064a\u0631 \u0623\u0628\u064a\u0636"", ""editdist_solution1"": 6, ""uncorrected_solution2"": ""\u0648\u064e\u0631\u064e\u0642"", ""editdist_solution2"": 3, ""uncorrected_solution3"": ""\u0641\u064e\u062d\u0652\u0645"", ""editdist_solution3"": 7}"
أي حدث يستغرق وقتا أطول بشكل عام؟,كنس الأرض,الجري لمسافة 5 كيلومترات,مشاهدة فيلم,صنع وجبة الفطور,2,arb_arab,Which event generally takes longer?,Sweeping the floor,Running 5km,Watching a movie,Making breakfast,time,parallel_ex000018_arb_arab,"{""example_inspiration"": ""tram"", ""uncorrected_prompt"": ""\u0623\u064a \u062d\u062f\u062b \u064a\u0633\u062a\u063a\u0631\u0642 \u0648\u0642\u062a\u0627\u064b \u0623\u0637\u0648\u0644 \u0628\u0634\u0643\u0644 \u0639\u0627\u0645\u061f"", ""editdist_prompt"": 1, ""uncorrected_solution0"": ""\u0643\u064e\u0646\u0652\u0633\u064f \u0627\u0644\u0623\u064e\u0631\u0652\u0636\u0650"", ""editdist_solution0"": 6, ""uncorrected_solution1"": ""\u0627\u0644\u062c\u0631\u064a \u0644\u0645\u0633\u0627\u0641\u0629 5 \u0643\u064a\u0644\u0648\u0645\u062a\u0631\u0627\u062a"", ""editdist_solution1"": 0, ""uncorrected_solution2"": ""\u0645\u064f\u0634\u0627\u0647\u062f\u0629\u064f \u0641\u064a\u0644\u0645"", ""editdist_solution2"": 2, ""uncorrected_solution3"": ""\u0635\u0646\u0639 \u0648\u062c\u0628\u0629 \u0627\u0644\u0641\u0637\u0648\u0631"", ""editdist_solution3"": 0}"
حوض الاستحمام مملوء بالماء، ولكن البالوعة مسدودة. تحتاج إلى نقل الماء من حوض الاستحمام إلى المغسلة لتصريفه. أي من الأدوات التالية هي الأفضل؟,ملعقة حساء,إناء طبخ,منشفة,صحن,1,arb_arab,"The bathtub is full of water, but the drain is clogged. You need to move water from the bathtub to the sink to drain it. Which of the following is the best tool?",A soup spoon,A cooking pot,A towel,A plate,"object_properties_interactions,affordances",parallel_ex000020_arb_arab,"{""example_inspiration"": ""new"", ""uncorrected_prompt"": ""\u062d\u0648\u0636 \u0627\u0644\u0627\u0633\u062a\u062d\u0645\u0627\u0645 \u0645\u0645\u0644\u0648\u0621 \u0628\u0627\u0644\u0645\u0627\u0621\u060c \u0648\u0644\u0643\u0646 \u0627\u0644\u0628\u0627\u0644\u0648\u0639\u0629 \u0645\u0633\u062f\u0648\u062f\u0629. \u062a\u062d\u062a\u0627\u062c \u0625\u0644\u0649 \u0646\u0642\u0644 \u0627\u0644\u0645\u0627\u0621 \u0645\u0646 \u062d\u0648\u0636 \u0627\u0644\u0627\u0633\u062a\u062d\u0645\u0627\u0645 \u0625\u0644\u0649 \u0627\u0644\u0645\u063a\u0633\u0644\u0629 \u0644\u062a\u0635\u0631\u064a\u0641\u0647. \u0623\u064a \u0645\u0646 \u0627\u0644\u0623\u062f\u0648\u0627\u062a \u0627\u0644\u062a\u0627\u0644\u064a\u0629 \u0647\u064a \u0627\u0644\u0623\u0641\u0636\u0644\u061f"", ""editdist_prompt"": 0, ""uncorrected_solution0"": ""\u0645\u0644\u0639\u0642\u0629 \u062d\u0633\u0627\u0621"", ""editdist_solution0"": 0, ""uncorrected_solution1"": ""\u0625\u0646\u0627\u0621 \u0637\u0628\u062e"", ""editdist_solution1"": 0, ""uncorrected_solution2"": ""\u0645\u0650\u0646\u0652\u0634\u064e\u0641\u064e\u0629"", ""editdist_solution2"": 4, ""uncorrected_solution3"": ""\u0635\u064e\u062d\u0652\u0646"", ""editdist_solution3"": 2}"
بالنسبة لصندوق بحجم معين، أي من الأشياء التالية يمكن تعبئة أكبر عدد منها فيه؟,ليمون,عنب,تفاح,ملفوف,1,arb_arab,"For a box of a given size, which of the following objects can be packed in the largest number?",Lemons,Grapes,Apples,Cabbages,object_properties_interactions,parallel_ex000021_arb_arab,"{""example_inspiration"": ""prost"", ""uncorrected_prompt"": ""\u0628\u0627\u0644\u0646\u0633\u0628\u0629 \u0644\u0635\u0646\u062f\u0648\u0642 \u0628\u062d\u062c\u0645 \u0645\u0639\u064a\u0646\u060c \u0623\u064a \u0645\u0646 \u0627\u0644\u0623\u0634\u064a\u0627\u0621 \u0627\u0644\u062a\u0627\u0644\u064a\u0629 \u064a\u0645\u0643\u0646 \u062a\u0639\u0628\u0626\u0629 \u0623\u0643\u0628\u0631 \u0639\u062f\u062f \u0645\u0646\u0647\u0627 \u0641\u064a\u0647\u061f"", ""editdist_prompt"": 0, ""uncorrected_solution0"": ""\u0644\u064e\u064a\u0652\u0645\u064f\u0648\u0646"", ""editdist_solution0"": 3, ""uncorrected_solution1"": ""\u0639\u0646\u0628"", ""editdist_solution1"": 0, ""uncorrected_solution2"": ""\u062a\u0641\u0627\u062d"", ""editdist_solution2"": 0, ""uncorrected_solution3"": ""\u0645\u0644\u0641\u0648\u0641"", ""editdist_solution3"": 0}"
أنت تملأ مرطبانا زجاجيا بأشياء. تريد أن يكون في المرطبان أقل قدر ممكن من الفراغ. بماذا يجب أن تملأ المرطبان؟,طماطم,أرز,كلل,فول,1,arb_arab,You are filling a glass jar with objects. You want the jar to have as little empty space as possible. What should you fill the jar with?,Tomatoes,Rice,Marbles,Beans,object_properties_interactions,parallel_ex000022_arb_arab,"{""example_inspiration"": ""prost"", ""uncorrected_prompt"": ""\u0623\u0646\u062a \u062a\u0645\u0644\u0623 \u0645\u0631\u0637\u0628\u0627\u0646\u064b\u0627 \u0632\u062c\u0627\u062c\u064a\u064b\u0627 \u0628\u0623\u0634\u064a\u0627\u0621. \u062a\u0631\u064a\u062f \u0623\u0646 \u064a\u0643\u0648\u0646 \u0641\u064a \u0627\u0644\u0645\u0631\u0637\u0628\u0627\u0646 \u0623\u0642\u0644 \u0642\u062f\u0631 \u0645\u0645\u0643\u0646 \u0645\u0646 \u0627\u0644\u0641\u0631\u0627\u063a. \u0628\u0645\u0627\u0630\u0627 \u064a\u062c\u0628 \u0623\u0646 \u062a\u0645\u0644\u0623 \u0627\u0644\u0645\u0631\u0637\u0628\u0627\u0646\u061f"", ""editdist_prompt"": 2, ""uncorrected_solution0"": ""\u0637\u0645\u0627\u0637\u0645"", ""editdist_solution0"": 0, ""uncorrected_solution1"": ""\u0623\u064e\u0631\u064f\u0632\u0651"", ""editdist_solution1"": 3, ""uncorrected_solution2"": ""\u0643\u064f\u0644\u064e\u0644"", ""editdist_solution2"": 2, ""uncorrected_solution3"": ""\u0641\u0648\u0644"", ""editdist_solution3"": 0}"
إذا أسقطت أحد هذه الأشياء من نافذة مبنى شاهق، فأيها الأكثر عرضة للانبعاج؟,علبة ألومنيوم,وعاء خزفي,صندوق خشبي,حذاء,0,arb_arab,"If you drop one of these items from the window of a tall building, which is most likely to be dented?",An aluminum can,A ceramic bowl,A wooden box,A shoe,object_properties_interactions,parallel_ex000023_arb_arab,"{""example_inspiration"": ""prost"", ""uncorrected_prompt"": ""\u0625\u0630\u0627 \u0623\u0633\u0642\u0637\u062a\u064e \u0623\u062d\u062f \u0647\u0630\u0647 \u0627\u0644\u0623\u0634\u064a\u0627\u0621 \u0645\u0646 \u0646\u0627\u0641\u0630\u0629 \u0645\u0628\u0646\u0649 \u0634\u0627\u0647\u0642\u060c \u0641\u0623\u064a\u0647\u0627 \u0627\u0644\u0623\u0643\u062b\u0631 \u0639\u0631\u0636\u0629 \u0644\u0644\u0627\u0646\u0628\u0639\u0627\u062c\u061f"", ""editdist_prompt"": 1, ""uncorrected_solution0"": ""\u0639\u064f\u0644\u0628\u0629 \u0623\u0644\u0648\u0645\u0646\u064a\u0648\u0645"", ""editdist_solution0"": 1, ""uncorrected_solution1"": ""\u0648\u0650\u0639\u064e\u0627\u0621\u064c \u062e\u064e\u0632\u064e\u0641\u0650\u064a\u0651\u064c"", ""editdist_solution1"": 8, ""uncorrected_solution2"": ""\u0635\u0646\u062f\u0648\u0642 \u062e\u0634\u0628\u064a"", ""editdist_solution2"": 0, ""uncorrected_solution3"": ""\u062d\u0650\u0630\u064e\u0627\u0621"", ""editdist_solution3"": 2}"
إذا قدت سيارتك فوق هذه الأشياء، فأيها الأكثر عرضة للسحق؟,كرة مطاطية,علبة ألومنيوم,عملة معدنية,حجر صغير,1,arb_arab,"If you drive over these items with a car, which is most likely to be crushed?",A rubber ball,An aluminum can,A coin,A small stone,object_properties_interactions,parallel_ex000024_arb_arab,"{""example_inspiration"": ""prost"", ""uncorrected_prompt"": ""\u0625\u0630\u0627 \u0642\u062f\u062a \u0633\u064a\u0627\u0631\u062a\u0643 \u0641\u0648\u0642 \u0647\u0630\u0647 \u0627\u0644\u0623\u0634\u064a\u0627\u0621\u060c \u0641\u0623\u064a\u0647\u0627 \u0627\u0644\u0623\u0643\u062b\u0631 \u0639\u0631\u0636\u0629 \u0644\u0644\u0633\u062d\u0642\u061f"", ""editdist_prompt"": 0, ""uncorrected_solution0"": ""\u0643\u0631\u0629 \u0645\u0637\u0627\u0637\u064a\u0629"", ""editdist_solution0"": 0, ""uncorrected_solution1"": ""\u0639\u064f\u0644\u0628\u0629 \u0623\u0644\u0648\u0645\u0646\u064a\u0648\u0645"", ""editdist_solution1"": 1, ""uncorrected_solution2"": ""\u0639\u0645\u0644\u0629 \u0645\u0639\u062f\u0646\u064a\u0629"", ""editdist_solution2"": 0, ""uncorrected_solution3"": ""\u062d\u064e\u062c\u064e\u0631\u064c \u0635\u064e\u063a\u0650\u064a\u0631\u064c"", ""editdist_solution3"": 6}"
إذا أسقطت أحد هذه الأغراض من نافذة مبنى شاهق، فأيها على الأرجح لن يتأثر؟,علبة طعام,صندوق خشبي,كوب شرب,قطعة من حبل,3,arb_arab,"If you drop one of these items from the window of a tall building, which is most likely to be unaffected?",A can of food,A wooden box,A drinking cup,A piece of rope,object_properties_interactions,parallel_ex000025_arb_arab,"{""example_inspiration"": ""prost"", ""uncorrected_prompt"": ""\u0625\u0630\u0627 \u0623\u0633\u0642\u0637\u062a \u0623\u062d\u062f \u0647\u0630\u0647 \u0627\u0644\u0623\u063a\u0631\u0627\u0636 \u0645\u0646 \u0646\u0627\u0641\u0630\u0629 \u0645\u0628\u0646\u0649 \u0634\u0627\u0647\u0642\u060c \u0641\u0623\u064a\u0647\u0627 \u0639\u0644\u0649 \u0627\u0644\u0623\u0631\u062c\u062d \u0644\u0646 \u064a\u062a\u0623\u062b\u0631\u061f"", ""editdist_prompt"": 0, ""uncorrected_solution0"": ""\u0639\u064f\u0644\u0652\u0628\u064e\u0629\u064f \u0637\u064e\u0639\u064e\u0627\u0645\u064d"", ""editdist_solution0"": 7, ""uncorrected_solution1"": ""\u0635\u0646\u062f\u0648\u0642 \u062e\u0634\u0628\u064a"", ""editdist_solution1"": 0, ""uncorrected_solution2"": ""\u0643\u0648\u0628 \u0634\u0631\u0628"", ""editdist_solution2"": 0, ""uncorrected_solution3"": ""\u0642\u0637\u0639\u0629 \u0645\u0646 \u062d\u0628\u0644"", ""editdist_solution3"": 0}"
أنت تخبئ كتابا اشتريته هدية لأخيك حتى تعطيه له. ما هو أفضل مكان لتخبئه؟,تحت الطاولة,على كرسي مكتبك,تحت ملابسك المطوية,في حذاء أخيك,2,arb_arab,You are hiding a book you bought as a present for your sibling until you give it to them. What is the best place for you to hide it?,Under the table,On your desk chair,Under your folded clothes,Inside your sibling's shoes,"object_properties_interactions,affordances",parallel_ex000026_arb_arab,"{""example_inspiration"": ""glenberg_robertson"", ""uncorrected_prompt"": ""\u0623\u0646\u062a \u062a\u062e\u0628\u0651\u0626 \u0643\u062a\u0627\u0628\u0627\u064b \u0627\u0634\u062a\u0631\u064a\u062a\u0647 \u0647\u062f\u064a\u0629 \u0644\u0623\u062e\u064a\u0643 (\u0623\u0648 \u0623\u062e\u062a\u0643) \u062d\u062a\u0649 \u062a\u0639\u0637\u064a\u0647 \u0644\u0647. \u0645\u0627 \u0647\u0648 \u0623\u0641\u0636\u0644 \u0645\u0643\u0627\u0646 \u0644\u062a\u062e\u0628\u0626\u0647\u061f"", ""editdist_prompt"": 12, ""uncorrected_solution0"": ""\u062a\u062d\u062a \u0627\u0644\u0637\u0627\u0648\u0644\u0629"", ""editdist_solution0"": 0, ""uncorrected_solution1"": ""\u0639\u0644\u0649 \u0643\u0631\u0633\u064a \u0645\u0643\u062a\u0628\u0643"", ""editdist_solution1"": 0, ""uncorrected_solution2"": ""\u062a\u062d\u062a \u0645\u0644\u0627\u0628\u0633\u0643 \u0627\u0644\u0645\u0637\u0648\u064a\u0629"", ""editdist_solution2"": 0, ""uncorrected_solution3"": ""\u0641\u064a \u062d\u0650\u0630\u064e\u0627\u0621\u0650 \u0623\u064e\u062e\u0650\u064a\u0652\u0643\u064e/\u0623\u064f\u062e\u0652\u062a\u0650\u0643\u064e"", ""editdist_solution3"": 16}"
أنت تخبئ زوجا من الأحذية اشتريته هدية لأخيك إلى أن تعطيه له. ما هو أفضل مكان يمكنك أن تخبئه فيه؟,في داخل حذائك,تحت وسادة أريكة,في داخل حقيبة سفر فارغة,في درج المطبخ,2,arb_arab,You are hiding a pair of shoes you bought as a present for your sibling until you give it to them. What is the best place for you to hide it?,Inside your boots,Under a couch cushion,Inside an empty suitcase,In a kitchen drawer,"object_properties_interactions,affordances",parallel_ex000027_arb_arab,"{""example_inspiration"": ""glenberg_robertson"", ""uncorrected_prompt"": ""\u0623\u0646\u062a\u064e \u062a\u064f\u062e\u0628\u0651\u0626 \u0632\u0648\u062c\u064b\u0627 \u0645\u0646 \u0627\u0644\u0623\u062d\u0630\u064a\u0629 \u0627\u0634\u062a\u0631\u064a\u062a\u064e\u0647 \u0647\u062f\u064a\u0629\u064b \u0644\u0623\u062e\u064a\u0643/\u0644\u0623\u062e\u062a\u0650\u0643 \u0625\u0644\u0649 \u0623\u0646 \u062a\u064f\u0639\u0637\u064a\u064e\u0647 \u0644\u0647/\u0644\u0647\u0627. \u0645\u0627 \u0647\u0648 \u0623\u0641\u0636\u0644 \u0645\u0643\u0627\u0646 \u064a\u064f\u0645\u0643\u0646\u0643 \u0623\u0646 \u062a\u064f\u062e\u0628\u0651\u0626\u0647 \u0641\u064a\u0647\u061f"", ""editdist_prompt"": 22, ""uncorrected_solution0"": ""\u0641\u064a \u062f\u0627\u062e\u0644 \u062d\u0630\u0627\u0626\u0643"", ""editdist_solution0"": 0, ""uncorrected_solution1"": ""\u062a\u062d\u062a \u0648\u0633\u0627\u062f\u0629 \u0623\u0631\u064a\u0643\u0629"", ""editdist_solution1"": 0, ""uncorrected_solution2"": ""\u0641\u064a \u062f\u0627\u062e\u0644 \u062d\u0642\u064a\u0628\u0629 \u0633\u0641\u0631 \u0641\u0627\u0631\u063a\u0629"", ""editdist_solution2"": 0, ""uncorrected_solution3"": ""\u0641\u064a \u062f\u0631\u062c \u0627\u0644\u0645\u0637\u0628\u062e"", ""editdist_solution3"": 0}"
يجب عليك تجفيف نظارتك التي تبللت بماء المطر. ما هي أفضل طريقة لتجفيفها؟,حذاؤك,جزء من قميصك,كيس ورقي,أصابعك,1,arb_arab,"You need to dry off your glasses, which got wet in the rain. Which is best for drying them off?",Your shoe,Part of your shirt,A paper bag,Your fingers,"object_properties_interactions,affordances",parallel_ex000028_arb_arab,"{""example_inspiration"": ""glenberg_robertson"", ""uncorrected_prompt"": ""\u064a\u062c\u0628 \u0639\u0644\u064a\u0643 \u062a\u062c\u0641\u064a\u0641 \u0646\u0638\u0627\u0631\u062a\u0643 \u0627\u0644\u062a\u064a \u062a\u0628\u0644\u0644\u062a \u0628\u0645\u0627\u0621 \u0627\u0644\u0645\u0637\u0631. \u0645\u0627 \u0647\u064a \u0623\u0641\u0636\u0644 \u0637\u0631\u064a\u0642\u0629 \u0644\u062a\u062c\u0641\u064a\u0641\u0647\u0627\u061f"", ""editdist_prompt"": 0, ""uncorrected_solution0"": ""\u062d\u0630\u0627\u0624\u0643"", ""editdist_solution0"": 0, ""uncorrected_solution1"": ""\u062c\u0632\u0621 \u0645\u0646 \u0642\u0645\u064a\u0635\u0643"", ""editdist_solution1"": 0, ""uncorrected_solution2"": ""\u0643\u064a\u0633 \u0648\u0631\u0642\u064a"", ""editdist_solution2"": 0, ""uncorrected_solution3"": ""\u0623\u0635\u0627\u0628\u0639\u0643"", ""editdist_solution3"": 0}"
تسأل صديقك عما في جيب بنطاله. أي من هذه الخيارات هو الأرجح؟,عشرة مفاتيح,عشر قبعات,عشر محافظ,عشرة أزواج من النظارات,0,arb_arab,You ask your friend what is in their pants pocket. Which of these is it most likely to be?,Ten keys,Ten hats,Ten wallets,Ten pairs of glasses,object_properties_interactions,parallel_ex000029_arb_arab,"{""example_inspiration"": ""new"", ""uncorrected_prompt"": ""\u062a\u0633\u0623\u0644 \u0635\u062f\u064a\u0642\u0643 \u0639\u0645\u0651\u0627 \u0641\u064a \u062c\u064a\u0628 \u0628\u0646\u0637\u0627\u0644\u0647. \u0623\u064a\u0651\u064c \u0645\u0646 \u0647\u0630\u0647 \u0627\u0644\u062e\u064a\u0627\u0631\u0627\u062a \u0647\u0648 \u0627\u0644\u0623\u0631\u062c\u062d\u061f"", ""editdist_prompt"": 3, ""uncorrected_solution0"": ""\u0639\u0634\u0631\u0629 \u0645\u0641\u0627\u062a\u064a\u062d"", ""editdist_solution0"": 0, ""uncorrected_solution1"": ""\u0639\u0634\u0631 \u0642\u0628\u0639\u0627\u062a"", ""editdist_solution1"": 0, ""uncorrected_solution2"": ""\u0639\u064e\u0634\u064e\u0631\u064f \u0645\u064e\u062d\u064e\u0627\u0641\u0650\u0638\u064e"", ""editdist_solution2"": 7, ""uncorrected_solution3"": ""\u0639\u0634\u0631\u0629 \u0623\u0632\u0648\u0627\u062c \u0645\u0646 \u0627\u0644\u0646\u0638\u0627\u0631\u0627\u062a"", ""editdist_solution3"": 0}"
هناك دلوان متماثلان. أحد الدلوين مملوء بالأرز والآخر مملوء بالسبانخ. أي الدلوين أثقل وزنا؟,الدلو المملوء بالسبانخ,يعتمد الأمر على مدى نضج السبانخ,الدلو المملوء بالأرز,للدلاء نفس الوزن,2,arb_arab,There are two identical buckets. One bucket is filled with rice and the other is filled with spinach. Which bucket is heavier?,The bucket filled with spinach,It depends on how ripe the spinach is,The bucket filled with rice,The buckets weigh the same,object_properties_interactions,parallel_ex000030_arb_arab,"{""example_inspiration"": ""new"", ""uncorrected_prompt"": ""\u0647\u0646\u0627\u0643 \u062f\u0644\u0648\u0627\u0646 \u0645\u062a\u0645\u0627\u062b\u0644\u0627\u0646. \u0623\u062d\u062f \u0627\u0644\u062f\u0644\u0648\u064a\u0646 \u0645\u0645\u0644\u0648\u0621 \u0628\u0627\u0644\u0623\u0631\u0632 \u0648\u0627\u0644\u0622\u062e\u0631 \u0645\u0645\u0644\u0648\u0621 \u0628\u0627\u0644\u0633\u0628\u0627\u0646\u062e. \u0623\u064a \u0627\u0644\u062f\u0644\u0648\u064a\u0646 \u0623\u062b\u0642\u0644 \u0648\u0632\u0646\u064b\u0627\u061f"", ""editdist_prompt"": 1, ""uncorrected_solution0"": ""\u0627\u0644\u062f\u0644\u0648 \u0627\u0644\u0645\u0645\u0644\u0648\u0621 \u0628\u0627\u0644\u0633\u0628\u0627\u0646\u062e"", ""editdist_solution0"": 0, ""uncorrected_solution1"": ""\u064a\u0639\u062a\u0645\u062f \u0627\u0644\u0623\u0645\u0631 \u0639\u0644\u0649 \u0645\u062f\u0649 \u0646\u0636\u062c \u0627\u0644\u0633\u0628\u0627\u0646\u062e"", ""editdist_solution1"": 0, ""uncorrected_solution2"": ""\u0627\u0644\u062f\u0644\u0648 \u0627\u0644\u0645\u0645\u0644\u0648\u0621 \u0628\u0627\u0644\u0623\u0631\u0632"", ""editdist_solution2"": 0, ""uncorrected_solution3"": ""\u0644\u0644\u062f\u0644\u0627\u0621 \u0646\u0641\u0633 \u0627\u0644\u0648\u0632\u0646"", ""editdist_solution3"": 0}"
يوجد كوبان متماثلان. ملئ أحدهما بالرمل والآخر بالماء. أي الكوبين أثقل؟,الأكواب لها نفس الوزن,الكوب المملوء بالرمل,يعتمد الأمر على لون الماء,الكأس المملوءة بالماء,1,arb_arab,There are two identical cups. One cup is filled with sand and the other is filled with water. Which cup is heavier?,The cups weigh the same,The cup filled with sand,It depends on the color of the water,The cup filled with water,object_properties_interactions,parallel_ex000031_arb_arab,"{""example_inspiration"": ""new"", ""uncorrected_prompt"": ""\u064a\u0648\u062c\u062f \u0643\u0648\u0628\u0627\u0646 \u0645\u062a\u0645\u0627\u062b\u0644\u0627\u0646. \u0645\u0644\u0626 \u0623\u062d\u062f\u0647\u0645\u0627 \u0628\u0627\u0644\u0631\u0645\u0644 \u0648\u0627\u0644\u0622\u062e\u0631 \u0628\u0627\u0644\u0645\u0627\u0621. \u0623\u064a \u0627\u0644\u0643\u0648\u0628\u064a\u0646 \u0623\u062b\u0642\u0644\u061f"", ""editdist_prompt"": 0, ""uncorrected_solution0"": ""\u0627\u0644\u0623\u0643\u0648\u0627\u0628 \u0644\u0647\u0627 \u0646\u0641\u0633 \u0627\u0644\u0648\u0632\u0646"", ""editdist_solution0"": 0, ""uncorrected_solution1"": ""\u0627\u0644\u0643\u0648\u0628 \u0627\u0644\u0645\u0645\u0644\u0648\u0621 \u0628\u0627\u0644\u0631\u0645\u0644"", ""editdist_solution1"": 0, ""uncorrected_solution2"": ""\u064a\u0639\u062a\u0645\u062f \u0627\u0644\u0623\u0645\u0631 \u0639\u0644\u0649 \u0644\u0648\u0646 \u0627\u0644\u0645\u0627\u0621"", ""editdist_solution2"": 0, ""uncorrected_solution3"": ""\u0627\u0644\u0643\u0623\u0633 \u0627\u0644\u0645\u0645\u0644\u0648\u0621\u0629 \u0628\u0627\u0644\u0645\u0627\u0621"", ""editdist_solution3"": 0}"
حقيبتك ممتلئة بالكتب. حقيبة صديقك ممتلئة بعلب معدنية فارغة. تبادلتما الحقائب. من يحمل الحقيبة الأثقل؟,أنت,كلبك,صديقك,حقائب ظهركم لها الوزن نفسه,2,arb_arab,Your backpack is full of books. Your friend's backpack is full of empty metal cans. You switch backpacks. Who is carrying the heaviest backpack?,You,Your dog,Your friend,Your backpacks weigh the same,object_properties_interactions,parallel_ex000032_arb_arab,"{""example_inspiration"": ""new"", ""uncorrected_prompt"": ""\u062d\u0642\u064a\u0628\u062a\u064f\u0643\u064e \u0645\u0645\u062a\u0644\u0626\u0629\u064c \u0628\u0627\u0644\u0643\u062a\u0628. \u062d\u0642\u064a\u0628\u0629\u064f \u0635\u062f\u064a\u0642\u0650\u0643\u064e \u0645\u0645\u062a\u0644\u0626\u0629\u064c \u0628\u0639\u064f\u0644\u064e\u0628\u064d \u0645\u0639\u062f\u0646\u064a\u0629\u064d \u0641\u0627\u0631\u063a\u0629. \u062a\u0628\u0627\u062f\u0644\u062a\u064f\u0645\u0627 \u0627\u0644\u062d\u0642\u0627\u0626\u0628. \u0645\u0646 \u064a\u062d\u0645\u0644 \u0627\u0644\u062d\u0642\u064a\u0628\u0629 \u0627\u0644\u0623\u062b\u0642\u0644\u061f"", ""editdist_prompt"": 12, ""uncorrected_solution0"": ""\u0623\u0646\u062a\u064e/\u0623\u0646\u062a\u0650/\u0623\u0646\u062a\u0645\u0627/\u0623\u0646\u062a\u0645/\u0623\u0646\u062a\u0646"", ""editdist_solution0"": 22, ""uncorrected_solution1"": ""\u0643\u064e\u0644\u0652\u0628\u064f\u0643\u064e/\u0643\u064e\u0644\u0652\u0628\u064f\u0643\u0650"", ""editdist_solution1"": 13, ""uncorrected_solution2"": ""\u0635\u062f\u064a\u0642\u0643/\u0635\u062f\u064a\u0642\u062a\u0643"", ""editdist_solution2"": 7, ""uncorrected_solution3"": ""\u062d\u0642\u0627\u0626\u0628\u064f \u0638\u0647\u0631\u0650\u0643\u0645 \u0644\u0647\u0627 \u0627\u0644\u0648\u0632\u0646\u064f \u0646\u0641\u0633\u064f\u0647"", ""editdist_solution3"": 4}"
عندما تستيقظ من النوم، يكون شعرك أشعثا جدا، فتستخدم المشط لترتيبه. في أي اتجاه يجب أن تمشط شعرك؟,نحو الأسفل,أبق المشط ثابتا,جنبا إلى جنب,نحو الأعلى,0,arb_arab,"When you wake up, your hair is very messy, so you use a comb to straighten it. What direction should you comb?",Downwards,Keep the comb still,Side to side,Upwards,"object_properties_interactions,affordances",parallel_ex000033_arb_arab,"{""example_inspiration"": ""globalpiqa_nonparallel"", ""uncorrected_prompt"": ""\u0639\u0646\u062f\u0645\u0627 \u062a\u0633\u062a\u064a\u0642\u0638 \u0645\u0646 \u0627\u0644\u0646\u0648\u0645\u060c \u064a\u0643\u0648\u0646 \u0634\u0639\u0631\u0643 \u0623\u0634\u0639\u062b\u0627\u064b \u062c\u062f\u0627\u064b\u060c \u0641\u062a\u0633\u062a\u062e\u062f\u0645 \u0627\u0644\u0645\u0634\u0637 \u0644\u062a\u0631\u062a\u064a\u0628\u0647. \u0641\u064a \u0623\u064a \u0627\u062a\u062c\u0627\u0647 \u064a\u062c\u0628 \u0623\u0646 \u062a\u0645\u0634\u0651\u0637 \u0634\u0639\u0631\u0643\u061f"", ""editdist_prompt"": 3, ""uncorrected_solution0"": ""\u0646\u062d\u0648 \u0627\u0644\u0623\u0633\u0641\u0644"", ""editdist_solution0"": 0, ""uncorrected_solution1"": ""\u0623\u064e\u0628\u0652\u0642\u0650 \u0627\u0644\u0645\u0650\u0634\u0652\u0637\u064e \u062b\u064e\u0627\u0628\u0650\u062a\u064b\u0627"", ""editdist_solution1"": 9, ""uncorrected_solution2"": ""\u062c\u0646\u0628\u064b\u0627 \u0625\u0644\u0649 \u062c\u0646\u0628"", ""editdist_solution2"": 1, ""uncorrected_solution3"": ""\u0646\u062d\u0648 \u0627\u0644\u0623\u0639\u0644\u0649"", ""editdist_solution3"": 0}"
إذا مددت يدك اليمنى عبر جسدك، فأي جانب من جسدك ستلمس؟,رأسك,جانبك الأيسر,ظهرك,جانبك الأيمن,1,arb_arab,"If you reach your right hand across your body, which side of your body will you be touching?",Your head,Your left side,Your back,Your right side,spatial,parallel_ex000034_arb_arab,"{""example_inspiration"": ""globalpiqa_nonparallel"", ""uncorrected_prompt"": ""\u0625\u0630\u0627 \u0645\u062f\u062f\u062a \u064a\u062f\u0643 \u0627\u0644\u064a\u0645\u0646\u0649 \u0639\u0628\u0631 \u062c\u0633\u062f\u0643\u060c \u0641\u0623\u064a \u062c\u0627\u0646\u0628 \u0645\u0646 \u062c\u0633\u062f\u0643 \u0633\u062a\u0644\u0645\u0633\u061f"", ""editdist_prompt"": 0, ""uncorrected_solution0"": ""\u0631\u0623\u0633\u064f\u0643\u064e"", ""editdist_solution0"": 2, ""uncorrected_solution1"": ""\u062c\u0627\u0646\u0628\u0643 \u0627\u0644\u0623\u064a\u0633\u0631"", ""editdist_solution1"": 0, ""uncorrected_solution2"": ""\u0638\u0647\u0631\u064f\u0643\u064e"", ""editdist_solution2"": 2, ""uncorrected_solution3"": ""\u062c\u0627\u0646\u0628\u0643 \u0627\u0644\u0623\u064a\u0645\u0646"", ""editdist_solution3"": 0}"
عندما توضع كرة على تل، فإنها تتدحرج. وعندما تضع رغيف خبز على التل نفسه، فماذا سيفعل الخبز؟,سوف يتمزق,سوف يتدحرج,سيبقى ثابتا,سوف يسحق,2,arb_arab,"When a ball is placed on a hill, it rolls. When you place a loaf of bread on the same hill, what will the bread do?",It will tear,It will roll,It will stay still,It will be crushed,object_properties_interactions,parallel_ex000035_arb_arab,"{""example_inspiration"": ""globalpiqa_nonparallel"", ""uncorrected_prompt"": ""\u0639\u0646\u062f\u0645\u0627 \u062a\u0648\u0636\u0639 \u0643\u0631\u0629 \u0639\u0644\u0649 \u062a\u0644\u060c \u0641\u0625\u0646\u0647\u0627 \u062a\u062a\u062f\u062d\u0631\u062c. \u0648\u0639\u0646\u062f\u0645\u0627 \u062a\u0636\u0639 \u0631\u063a\u064a\u0641 \u062e\u0628\u0632 \u0639\u0644\u0649 \u0627\u0644\u062a\u0644 \u0646\u0641\u0633\u0647\u060c \u0641\u0645\u0627\u0630\u0627 \u0633\u064a\u0641\u0639\u0644 \u0627\u0644\u062e\u0628\u0632\u061f"", ""editdist_prompt"": 0, ""uncorrected_solution0"": ""\u0633\u0648\u0641 \u064a\u062a\u0645\u0632\u0642"", ""editdist_solution0"": 0, ""uncorrected_solution1"": ""\u0633\u0648\u0641 \u064a\u062a\u062f\u062d\u0631\u062c"", ""editdist_solution1"": 0, ""uncorrected_solution2"": ""\u0633\u064a\u0628\u0642\u0649 \u062b\u0627\u0628\u062a\u0627\u064b"", ""editdist_solution2"": 1, ""uncorrected_solution3"": ""\u0633\u0648\u0641 \u064a\u064f\u0633\u062d\u064e\u0642"", ""editdist_solution3"": 2}"
إذا ملأت كوبا زجاجيا بالماء حتى حافته تماما، ثم أضفت برفق قطرة ماء إضافية، فماذا سيحدث؟,سوف ينكسر,سوف يهتز,لن ينسكب,سوف ينسكب,2,arb_arab,"If you fill a glass cup with water all the way to the top, then gently add one more drop of water, what will it do?",It will break,It will shake,It will not spill,It will spill,object_properties_interactions,parallel_ex000036_arb_arab,"{""example_inspiration"": ""globalpiqa_nonparallel"", ""uncorrected_prompt"": ""\u0625\u0630\u0627 \u0645\u0644\u0623\u062a \u0643\u0648\u0628\u064b\u0627 \u0632\u062c\u0627\u062c\u064a\u064b\u0627 \u0628\u0627\u0644\u0645\u0627\u0621 \u062d\u062a\u0649 \u062d\u0627\u0641\u062a\u0647 \u062a\u0645\u0627\u0645\u064b\u0627\u060c \u062b\u0645 \u0623\u0636\u0641\u062a \u0628\u0631\u0641\u0642 \u0642\u0637\u0631\u0629 \u0645\u0627\u0621 \u0625\u0636\u0627\u0641\u064a\u0629\u060c \u0641\u0645\u0627\u0630\u0627 \u0633\u064a\u062d\u062f\u062b\u061f"", ""editdist_prompt"": 3, ""uncorrected_solution0"": ""\u0633\u0648\u0641 \u064a\u0646\u0643\u0633\u0631"", ""editdist_solution0"": 0, ""uncorrected_solution1"": ""\u0633\u0648\u0641 \u064a\u0647\u062a\u0632"", ""editdist_solution1"": 0, ""uncorrected_solution2"": ""\u0644\u0646 \u064a\u0646\u0633\u0643\u0628"", ""editdist_solution2"": 0, ""uncorrected_solution3"": ""\u0633\u0648\u0641 \u064a\u0646\u0633\u0643\u0628"", ""editdist_solution3"": 0}"
لأشعر ببرودة أكثر تحت أشعة الشمس الحارقة، ما لون الملابس الذي يجب أن أرتديه؟,أبيض,أخضر,أسود,أزرق,0,arb_arab,"To feel cooler in the hot sun, what color clothes should I wear?",White,Green,Black,Blue,object_properties_interactions,parallel_ex000037_arb_arab,"{""example_inspiration"": ""globalpiqa_nonparallel"", ""uncorrected_prompt"": ""\u0644\u0623\u0634\u0639\u0631 \u0628\u0628\u0631\u0648\u062f\u0629 \u0623\u0643\u062b\u0631 \u062a\u062d\u062a \u0623\u0634\u0639\u0629 \u0627\u0644\u0634\u0645\u0633 \u0627\u0644\u062d\u0627\u0631\u0642\u0629\u060c \u0645\u0627 \u0644\u0648\u0646 \u0627\u0644\u0645\u0644\u0627\u0628\u0633 \u0627\u0644\u0630\u064a \u064a\u062c\u0628 \u0623\u0646 \u0623\u0631\u062a\u062f\u064a\u0647\u061f"", ""editdist_prompt"": 0, ""uncorrected_solution0"": ""\u0623\u0628\u064a\u0636"", ""editdist_solution0"": 0, ""uncorrected_solution1"": ""\u0623\u064e\u062e\u0652\u0636\u064e\u0631"", ""editdist_solution1"": 3, ""uncorrected_solution2"": ""\u0623\u0633\u0648\u062f"", ""editdist_solution2"": 0, ""uncorrected_solution3"": ""\u0623\u0632\u0631\u0642"", ""editdist_solution3"": 0}"
عندما تضع ملعقة في كوب من الماء الساخن، فإن الملعقة تسخن. ما هو نوع الملعقة الذي يسخن أسرع؟,خشب,بلاستيك,معدن,سيليكون,2,arb_arab,"You put a spoon in a cup of hot water, and the spoon gets hot. What type of spoon would heat up the fastest?",Wood,Plastic,Metal,Silicone,object_properties_interactions,parallel_ex000038_arb_arab,"{""example_inspiration"": ""globalpiqa_nonparallel"", ""uncorrected_prompt"": ""\u0639\u0646\u062f\u0645\u0627 \u062a\u0636\u0639 \u0645\u0644\u0639\u0642\u0629 \u0641\u064a \u0643\u0648\u0628 \u0645\u0646 \u0627\u0644\u0645\u0627\u0621 \u0627\u0644\u0633\u0627\u062e\u0646\u060c \u0641\u0625\u0646 \u0627\u0644\u0645\u0644\u0639\u0642\u0629 \u062a\u0633\u062e\u0646. \u0645\u0627 \u0647\u0648 \u0646\u0648\u0639 \u0627\u0644\u0645\u0644\u0639\u0642\u0629 \u0627\u0644\u0630\u064a \u064a\u0633\u062e\u0646 \u0623\u0633\u0631\u0639\u061f"", ""editdist_prompt"": 0, ""uncorrected_solution0"": ""\u062e\u0634\u0628"", ""editdist_solution0"": 0, ""uncorrected_solution1"": ""\u0628\u0644\u0627\u0633\u062a\u064a\u0643"", ""editdist_solution1"": 0, ""uncorrected_solution2"": ""\u0645\u064e\u0639\u0652\u062f\u0650\u0646"", ""editdist_solution2"": 3, ""uncorrected_solution3"": ""\u0633\u0650\u064a\u0644\u0650\u064a\u0643\u064f\u0648\u0646"", ""editdist_solution3"": 3}"
كيف تأكل الطعام بأمان؟,ابتلع دون مضغ,ابلع ثم امضغ جيدا,امضغ جيدا ثم ابلع,امضغ دون أن تبلع,2,arb_arab,How do you eat food safely?,Swallow without chewing,Swallow then chew thoroughly,Chew thoroughly then swallow,Chew without swallowing,object_properties_interactions,parallel_ex000039_arb_arab,"{""example_inspiration"": ""globalpiqa_nonparallel"", ""uncorrected_prompt"": ""\u0643\u064a\u0641 \u062a\u0623\u0643\u0644 \u0627\u0644\u0637\u0639\u0627\u0645 \u0628\u0623\u0645\u0627\u0646\u061f"", ""editdist_prompt"": 0, ""uncorrected_solution0"": ""\u0627\u0628\u062a\u0644\u0639 \u062f\u0648\u0646 \u0645\u0636\u063a"", ""editdist_solution0"": 0, ""uncorrected_solution1"": ""\u0627\u0628\u0652\u0644\u064e\u0639 \u062b\u064f\u0645\u0651\u064e \u0627\u0645\u0652\u0636\u064e\u063a \u062c\u064e\u064a\u0651\u0650\u062f\u064b\u0627"", ""editdist_solution1"": 11, ""uncorrected_solution2"": ""\u0627\u0645\u0636\u063a \u062c\u064a\u062f\u0627\u064b \u062b\u0645 \u0627\u0628\u0644\u0639"", ""editdist_solution2"": 1, ""uncorrected_solution3"": ""\u0627\u0645\u0636\u063a \u062f\u0648\u0646 \u0623\u0646 \u062a\u0628\u0644\u0639"", ""editdist_solution3"": 0}"
أنت تخبز الكعك، وتفضل الحواف المقرمشة أكثر. فما هو الحجم الذي ينبغي أن تصنع به الكعك؟,كبير وسميك,كبير ونحيف,صغير ونحيف,صغير وسميك,2,arb_arab,"You are baking cookies, and you like the crispy edges best. How big should you make your cookies?",Large and thick,Large and thin,Small and thin,Small and thick,object_properties_interactions,parallel_ex000040_arb_arab,"{""example_inspiration"": ""globalpiqa_nonparallel"", ""uncorrected_prompt"": ""\u0623\u0646\u062a\u064e \u062a\u062e\u0628\u0632\u064f \u0627\u0644\u0643\u0639\u0643\u060c \u0648\u062a\u064f\u0641\u0636\u0651\u0650\u0644 \u0627\u0644\u062d\u0648\u0627\u0641 \u0627\u0644\u0645\u0642\u0631\u0645\u0634\u0629 \u0623\u0643\u062b\u0631. \u0641\u0645\u0627 \u0647\u0648 \u0627\u0644\u062d\u062c\u0645 \u0627\u0644\u0630\u064a \u064a\u0646\u0628\u063a\u064a \u0623\u0646 \u062a\u0635\u0646\u0639 \u0628\u0647 \u0627\u0644\u0643\u0639\u0643\u061f"", ""editdist_prompt"": 5, ""uncorrected_solution0"": ""\u0643\u0628\u064a\u0631 \u0648\u0633\u0645\u064a\u0643"", ""editdist_solution0"": 0, ""uncorrected_solution1"": ""\u0643\u0628\u064a\u0631 \u0648\u0646\u062d\u064a\u0641"", ""editdist_solution1"": 0, ""uncorrected_solution2"": ""\u0635\u063a\u064a\u0631 \u0648\u0646\u062d\u064a\u0641"", ""editdist_solution2"": 0, ""uncorrected_solution3"": ""\u0635\u063a\u064a\u0631 \u0648\u0633\u0645\u064a\u0643"", ""editdist_solution3"": 0}"
رجل وامرأة في نفس الطابق من المبنى. يصعد الرجل طابقا واحدا. أين الرجل والمرأة بالنسبة لبعضهما البعض؟,المرأة في مبنى مختلف عن الرجل,الرجل والمرأة في نفس الطابق,المرأة في طابق أعلى من الرجل,المرأة في طابق أدنى من الرجل,3,arb_arab,A man and a woman are on the same floor of the building. The man goes up one floor. Where are the man and woman in relation to each other?,The woman is in a different building than the man,The man and the woman are on the same floor,The woman is on a higher floor than the man,The woman is on a lower floor than the man,spatial,parallel_ex000041_arb_arab,"{""example_inspiration"": ""ewok"", ""uncorrected_prompt"": ""\u0631\u062c\u0644 \u0648\u0627\u0645\u0631\u0623\u0629 \u0641\u064a \u0646\u0641\u0633 \u0627\u0644\u0637\u0627\u0628\u0642 \u0645\u0646 \u0627\u0644\u0645\u0628\u0646\u0649. \u064a\u0635\u0639\u062f \u0627\u0644\u0631\u062c\u0644 \u0637\u0627\u0628\u0642\u064b\u0627 \u0648\u0627\u062d\u062f\u064b\u0627. \u0623\u064a\u0646 \u0627\u0644\u0631\u062c\u0644 \u0648\u0627\u0644\u0645\u0631\u0623\u0629 \u0628\u0627\u0644\u0646\u0633\u0628\u0629 \u0644\u0628\u0639\u0636\u0647\u0645\u0627 \u0627\u0644\u0628\u0639\u0636\u061f"", ""editdist_prompt"": 2, ""uncorrected_solution0"": ""\u0627\u0644\u0645\u0631\u0623\u0629 \u0641\u064a \u0645\u0628\u0646\u0649 \u0645\u062e\u062a\u0644\u0641 \u0639\u0646 \u0627\u0644\u0631\u062c\u0644"", ""editdist_solution0"": 0, ""uncorrected_solution1"": ""\u0627\u0644\u0631\u062c\u0644 \u0648\u0627\u0644\u0645\u0631\u0623\u0629 \u0641\u064a \u0646\u0641\u0633 \u0627\u0644\u0637\u0627\u0628\u0642"", ""editdist_solution1"": 0, ""uncorrected_solution2"": ""\u0627\u0644\u0645\u0631\u0623\u0629 \u0641\u064a \u0637\u0627\u0628\u0642 \u0623\u0639\u0644\u0649 \u0645\u0646 \u0627\u0644\u0631\u062c\u0644"", ""editdist_solution2"": 0, ""uncorrected_solution3"": ""\u0627\u0644\u0645\u0631\u0623\u0629 \u0641\u064a \u0637\u0627\u0628\u0642 \u0623\u062f\u0646\u0649 \u0645\u0646 \u0627\u0644\u0631\u062c\u0644"", ""editdist_solution3"": 0}"
رجل وامرأة في نفس الطابق من المبنى. نزل الرجل طابقا واحدا، ونزلت المرأة طابقين. أين الرجل والمرأة بالنسبة لبعضهما البعض؟,الرجل في مبنى مختلف عن الذي فيه المرأة,الرجل في طابق أعلى من المرأة,الرجل في طابق أدنى من المرأة,الرجل والمرأة في نفس الطابق,1,arb_arab,"A man and a woman are on the same floor of the building. The man goes down one floor, and the woman goes down two floors. Where are the man and woman in relation to each other?",The man is in a different building than the woman,The man is on a higher floor than the woman,The man is on a lower floor than the woman,The man and the woman are on the same floor,spatial,parallel_ex000042_arb_arab,"{""example_inspiration"": ""ewok"", ""uncorrected_prompt"": ""\u0631\u062c\u0644 \u0648\u0627\u0645\u0631\u0623\u0629 \u0641\u064a \u0646\u0641\u0633 \u0627\u0644\u0637\u0627\u0628\u0642 \u0645\u0646 \u0627\u0644\u0645\u0628\u0646\u0649. \u0646\u0632\u0644 \u0627\u0644\u0631\u062c\u0644 \u0637\u0627\u0628\u0642\u064b\u0627 \u0648\u0627\u062d\u062f\u064b\u0627\u060c \u0648\u0646\u0632\u0644\u062a \u0627\u0644\u0645\u0631\u0623\u0629 \u0637\u0627\u0628\u0642\u064a\u0646. \u0623\u064a\u0646 \u0627\u0644\u0631\u062c\u0644 \u0648\u0627\u0644\u0645\u0631\u0623\u0629 \u0628\u0627\u0644\u0646\u0633\u0628\u0629 \u0644\u0628\u0639\u0636\u0647\u0645\u0627 \u0627\u0644\u0628\u0639\u0636\u061f"", ""editdist_prompt"": 2, ""uncorrected_solution0"": ""\u0627\u0644\u0631\u062c\u0644 \u0641\u064a \u0645\u0628\u0646\u0649 \u0645\u062e\u062a\u0644\u0641 \u0639\u0646 \u0627\u0644\u0630\u064a \u0641\u064a\u0647 \u0627\u0644\u0645\u0631\u0623\u0629."", ""editdist_solution0"": 1, ""uncorrected_solution1"": ""\u0627\u0644\u0631\u062c\u0644 \u0641\u064a \u0637\u0627\u0628\u0642 \u0623\u0639\u0644\u0649 \u0645\u0646 \u0627\u0644\u0645\u0631\u0623\u0629"", ""editdist_solution1"": 0, ""uncorrected_solution2"": ""\u0627\u0644\u0631\u062c\u0644 \u0641\u064a \u0637\u0627\u0628\u0642 \u0623\u062f\u0646\u0649 \u0645\u0646 \u0627\u0644\u0645\u0631\u0623\u0629"", ""editdist_solution2"": 0, ""uncorrected_solution3"": ""\u0627\u0644\u0631\u062c\u0644 \u0648\u0627\u0644\u0645\u0631\u0623\u0629 \u0641\u064a \u0646\u0641\u0633 \u0627\u0644\u0637\u0627\u0628\u0642"", ""editdist_solution3"": 0}"
وضعت المرأة الورقة على صفحة كتاب مفتوح ثم أغلقت الكتاب. أين الورقة؟,الورقة فوق الكتاب,الورقة بجانب الكتاب,الورقة داخل الكتاب,الورقة تحت الكتاب,2,arb_arab,The woman placed the paper on the page of an open book and then closed the book. Where is the paper?,The paper is on top of the book,The paper is next to the book,The paper is inside the book,The paper is underneath the book,"object_properties_interactions,spatial",parallel_ex000043_arb_arab,"{""example_inspiration"": ""ewok"", ""uncorrected_prompt"": ""\u0648\u0636\u0639\u062a \u0627\u0644\u0645\u0631\u0623\u0629 \u0627\u0644\u0648\u0631\u0642\u0629 \u0639\u0644\u0649 \u0635\u0641\u062d\u0629 \u0643\u062a\u0627\u0628 \u0645\u0641\u062a\u0648\u062d \u062b\u0645 \u0623\u063a\u0644\u0642\u062a \u0627\u0644\u0643\u062a\u0627\u0628. \u0623\u064a\u0646 \u0627\u0644\u0648\u0631\u0642\u0629\u061f"", ""editdist_prompt"": 0, ""uncorrected_solution0"": ""\u0627\u0644\u0648\u0631\u0642\u0629 \u0641\u0648\u0642 \u0627\u0644\u0643\u062a\u0627\u0628"", ""editdist_solution0"": 0, ""uncorrected_solution1"": ""\u0627\u0644\u0648\u0631\u0642\u0629 \u0628\u062c\u0627\u0646\u0628 \u0627\u0644\u0643\u062a\u0627\u0628"", ""editdist_solution1"": 0, ""uncorrected_solution2"": ""\u0627\u0644\u0648\u0631\u0642\u0629 \u062f\u0627\u062e\u0644 \u0627\u0644\u0643\u062a\u0627\u0628"", ""editdist_solution2"": 0, ""uncorrected_solution3"": ""\u0627\u0644\u0648\u0631\u0642\u0629 \u062a\u062d\u062a \u0627\u0644\u0643\u062a\u0627\u0628"", ""editdist_solution3"": 0}"
يوجد كوب قياس سعته كوب واحد على الطاولة، وهو مملوء بالزيت بمقدار ثلاثة أرباعه (3/4). بعد ملئه بالكامل، ما هي كمية الزيت التي أضيفت إلى كوب القياس؟,ثلاثة أرباع كوب,ربع كوب,نصف كوب,كوب واحد,1,arb_arab,"There is a 1-cup measuring cup on the table, and it is 3/4 full of oil. After filling it up, how much oil has been added to the measuring cup?",3/4 cup,A quarter cup,A half cup,One cup,counting,parallel_ex000044_arb_arab,"{""example_inspiration"": ""new"", ""uncorrected_prompt"": ""\u064a\u0648\u062c\u062f \u0643\u0648\u0628 \u0642\u064a\u0627\u0633 \u0633\u0639\u062a\u0647 \u0643\u0648\u0628 \u0648\u0627\u062d\u062f \u0639\u0644\u0649 \u0627\u0644\u0637\u0627\u0648\u0644\u0629\u060c \u0648\u0647\u0648 \u0645\u0645\u0644\u0648\u0621 \u0628\u0627\u0644\u0632\u064a\u062a \u0628\u0645\u0642\u062f\u0627\u0631 \u062b\u0644\u0627\u062b\u0629 \u0623\u0631\u0628\u0627\u0639\u0647 (3/4). \u0628\u0639\u062f \u0645\u0644\u0626\u0647 \u0628\u0627\u0644\u0643\u0627\u0645\u0644\u060c \u0645\u0627 \u0647\u064a \u0643\u0645\u064a\u0629 \u0627\u0644\u0632\u064a\u062a \u0627\u0644\u062a\u064a \u0623\u064f\u0636\u064a\u0641\u062a \u0625\u0644\u0649 \u0643\u0648\u0628 \u0627\u0644\u0642\u064a\u0627\u0633\u061f"", ""editdist_prompt"": 1, ""uncorrected_solution0"": ""\u062b\u0644\u0627\u062b\u0629 \u0623\u0631\u0628\u0627\u0639 \u0643\u0648\u0628"", ""editdist_solution0"": 0, ""uncorrected_solution1"": ""\u0631\u064f\u0628\u0652\u0639\u064f \u0643\u0648\u0628\u064d"", ""editdist_solution1"": 4, ""uncorrected_solution2"": ""\u0646\u0635\u0641 \u0643\u0648\u0628"", ""editdist_solution2"": 0, ""uncorrected_solution3"": ""\u0643\u0648\u0628 \u0648\u0627\u062d\u062f"", ""editdist_solution3"": 0}"
ترمي كرة لصديقك. أي مما يلي صحيح الآن؟,صديقك أقرب إلى الكرة,صديقك أقرب إليك,صديقك أبعد عن الكرة,أنت أقرب إلى الكرة,0,arb_arab,You throw a ball to your friend. Which is now true?,Your friend is closer to the ball,Your friend is closer to you,Your friend is further from the ball,You are closer to the ball,spatial,parallel_ex000045_arb_arab,"{""example_inspiration"": ""ewok"", ""uncorrected_prompt"": ""\u062a\u0631\u0645\u064a \u0643\u0631\u0629 \u0644\u0635\u062f\u064a\u0642\u0643. \u0623\u064a\u0651\u064c \u0645\u0645\u0651\u064e\u0627 \u064a\u0644\u064a \u0635\u062d\u064a\u062d \u0627\u0644\u0622\u0646\u061f"", ""editdist_prompt"": 4, ""uncorrected_solution0"": ""\u0635\u062f\u064a\u0642\u0643 \u0623\u0642\u0631\u0628 \u0625\u0644\u0649 \u0627\u0644\u0643\u0631\u0629"", ""editdist_solution0"": 0, ""uncorrected_solution1"": ""\u0635\u062f\u064a\u0642\u0643 \u0623\u0642\u0631\u0628 \u0625\u0644\u064a\u0643"", ""editdist_solution1"": 0, ""uncorrected_solution2"": ""\u0635\u062f\u064a\u0642\u0643 \u0623\u0628\u0639\u062f \u0639\u0646 \u0627\u0644\u0643\u0631\u0629"", ""editdist_solution2"": 0, ""uncorrected_solution3"": ""\u0623\u0646\u062a \u0623\u0642\u0631\u0628 \u0625\u0644\u0649 \u0627\u0644\u0643\u0631\u0629"", ""editdist_solution3"": 0}"
يرمي طفل حجرا في البحيرة. أي مما يلي صحيح الآن؟,لا تزال الصخرة مرئية,لم تعد الصخرة مرئية,الصخرة تطفو على السطح,لم تعد البحيرة مرئية,1,arb_arab,A child throws a rock into the lake. Which is now true?,The rock is still visible,The rock is no longer visible,The rock floats on the surface,The lake is no longer visible,spatial,parallel_ex000046_arb_arab,"{""example_inspiration"": ""ewok"", ""uncorrected_prompt"": ""\u064a\u0631\u0645\u064a \u0637\u0641\u0644\u064c \u062d\u062c\u0631\u064b\u0627 \u0641\u064a \u0627\u0644\u0628\u062d\u064a\u0631\u0629. \u0623\u064a\u0651\u064c \u0645\u0645\u0627 \u064a\u0644\u064a \u0635\u062d\u064a\u062d \u0627\u0644\u0622\u0646\u061f"", ""editdist_prompt"": 4, ""uncorrected_solution0"": ""\u0644\u0627 \u062a\u0632\u0627\u0644 \u0627\u0644\u0635\u062e\u0631\u0629 \u0645\u0631\u0626\u064a\u0629"", ""editdist_solution0"": 0, ""uncorrected_solution1"": ""\u0644\u0645 \u062a\u0639\u062f \u0627\u0644\u0635\u062e\u0631\u0629 \u0645\u0631\u0626\u064a\u0629"", ""editdist_solution1"": 0, ""uncorrected_solution2"": ""\u0627\u0644\u0635\u062e\u0631\u0629 \u062a\u0637\u0641\u0648 \u0639\u0644\u0649 \u0627\u0644\u0633\u0637\u062d"", ""editdist_solution2"": 0, ""uncorrected_solution3"": ""\u0644\u0645 \u062a\u0639\u062f \u0627\u0644\u0628\u062d\u064a\u0631\u0629 \u0645\u0631\u0626\u064a\u0629"", ""editdist_solution3"": 0}"
تدخل سيارة نفقا. أي مما يلي صحيح الآن؟,لم تعد السيارة مرئية من داخل النفق,لم يعد النفق مرئيا من الخارج,لم يعد النفق مرئيا من السيارة,لم تعد السيارة مرئية من خارج النفق,3,arb_arab,A car drives into a tunnel. Which is now true?,The car is no longer visible from inside the tunnel,The tunnel is no longer visible from outside,The tunnel is no longer visible from the car,The car is no longer visible from outside the tunnel,spatial,parallel_ex000047_arb_arab,"{""example_inspiration"": ""ewok"", ""uncorrected_prompt"": ""\u062a\u062f\u062e\u0644 \u0633\u064a\u0627\u0631\u0629\u064c \u0646\u0641\u0642\u064b\u0627. \u0623\u064a\u0651\u064c \u0645\u0645\u0651\u0627 \u064a\u0644\u064a \u0635\u062d\u064a\u062d \u0627\u0644\u0622\u0646\u061f"", ""editdist_prompt"": 5, ""uncorrected_solution0"": ""\u0644\u0645 \u062a\u0639\u062f \u0627\u0644\u0633\u064a\u0627\u0631\u0629 \u0645\u0631\u0626\u064a\u0629 \u0645\u0646 \u062f\u0627\u062e\u0644 \u0627\u0644\u0646\u0641\u0642"", ""editdist_solution0"": 0, ""uncorrected_solution1"": ""\u0644\u0645 \u064a\u0639\u062f \u0627\u0644\u0646\u0641\u0642 \u0645\u0631\u0626\u064a\u064b\u0627 \u0645\u0646 \u0627\u0644\u062e\u0627\u0631\u062c"", ""editdist_solution1"": 1, ""uncorrected_solution2"": ""\u0644\u0645 \u064a\u0639\u062f \u0627\u0644\u0646\u0641\u0642 \u0645\u0631\u0626\u064a\u064b\u0627 \u0645\u0646 \u0627\u0644\u0633\u064a\u0627\u0631\u0629"", ""editdist_solution2"": 1, ""uncorrected_solution3"": ""\u0644\u0645 \u062a\u0639\u062f \u0627\u0644\u0633\u064a\u0627\u0631\u0629 \u0645\u0631\u0626\u064a\u0629 \u0645\u0646 \u062e\u0627\u0631\u062c \u0627\u0644\u0646\u0641\u0642."", ""editdist_solution3"": 1}"
توجد ممحاة صغيرة في كوب معدني على رف. ما هي أفضل زاوية لرؤية الممحاة؟,من خلف الرف,من جانب الرف,من تحت الرف,من فوق الرف,3,arb_arab,There is a small eraser in a metal cup on a shelf. What is the best angle to see the eraser?,From behind the shelf,From the side of the shelf,From below the shelf,From above the shelf,spatial,parallel_ex000048_arb_arab,"{""example_inspiration"": ""ewok"", ""uncorrected_prompt"": ""\u062a\u0648\u062c\u062f \u0645\u0645\u062d\u0627\u0629 \u0635\u063a\u064a\u0631\u0629 \u0641\u064a \u0643\u0648\u0628 \u0645\u0639\u062f\u0646\u064a \u0639\u0644\u0649 \u0631\u0641. \u0645\u0627 \u0647\u064a \u0623\u0641\u0636\u0644 \u0632\u0627\u0648\u064a\u0629 \u0644\u0631\u0624\u064a\u0629 \u0627\u0644\u0645\u0645\u062d\u0627\u0629\u061f"", ""editdist_prompt"": 0, ""uncorrected_solution0"": ""\u0645\u0650\u0646\u0652 \u062e\u064e\u0644\u0652\u0641\u0650 \u0627\u0644\u0631\u0651\u064e\u0641\u0651\u0650"", ""editdist_solution0"": 9, ""uncorrected_solution1"": ""\u0645\u0650\u0646\u0652 \u062c\u064e\u0627\u0646\u0650\u0628\u0650 \u0627\u0644\u0631\u0651\u064e\u0641\u0651\u0650"", ""editdist_solution1"": 9, ""uncorrected_solution2"": ""\u0645\u0650\u0646 \u062a\u062d\u062a \u0627\u0644\u0631\u0651\u064e\u0641"", ""editdist_solution2"": 3, ""uncorrected_solution3"": ""\u0645\u0646 \u0641\u0648\u0642 \u0627\u0644\u0631\u0641\u0651"", ""editdist_solution3"": 1}"
في الخزانة، توجد علبة فاصولياء. خلف العلبة، يوجد كيس طحين يزن 1 كغم. أي مما يلي صحيح؟,الدقيق ليس مرئيا خلف العلبة,الدقيق مرئي خلف العلبة,العلبة مرئية خلف الدقيق,العلبة غير مرئية أمام الدقيق,1,arb_arab,"In the cupboard, there is a can of beans. Behind the can, there is a 1kg bag of flour. Which is true?",The flour is not visible behind the can,The flour is visible behind the can,The can is visible behind the flour,The can is not visible in front of the flour,spatial,parallel_ex000049_arb_arab,"{""example_inspiration"": ""ewok"", ""uncorrected_prompt"": ""\u0641\u064a \u0627\u0644\u062e\u0632\u0627\u0646\u0629\u060c \u062a\u0648\u062c\u062f \u0639\u0644\u0628\u0629 \u0641\u0627\u0635\u0648\u0644\u064a\u0627\u0621. \u062e\u0644\u0641 \u0627\u0644\u0639\u0644\u0628\u0629\u060c \u064a\u0648\u062c\u062f \u0643\u064a\u0633 \u0637\u062d\u064a\u0646 \u064a\u0632\u0646 1 \u0643\u063a\u0645. \u0623\u064a\u0651\u064c \u0645\u0645\u0627 \u064a\u0644\u064a \u0635\u062d\u064a\u062d\u061f"", ""editdist_prompt"": 2, ""uncorrected_solution0"": ""\u0627\u0644\u062f\u0642\u064a\u0642 \u0644\u064a\u0633 \u0645\u0631\u0626\u064a\u064b\u0627 \u062e\u0644\u0641 \u0627\u0644\u0639\u0644\u0628\u0629"", ""editdist_solution0"": 1, ""uncorrected_solution1"": ""\u0627\u0644\u062f\u0642\u064a\u0642 \u0645\u0631\u0626\u064a \u062e\u0644\u0641 \u0627\u0644\u0639\u0644\u0628\u0629"", ""editdist_solution1"": 0, ""uncorrected_solution2"": ""\u0627\u0644\u0639\u0644\u0628\u0629 \u0645\u0631\u0626\u064a\u0629 \u062e\u0644\u0641 \u0627\u0644\u062f\u0642\u064a\u0642"", ""editdist_solution2"": 0, ""uncorrected_solution3"": ""\u0627\u0644\u0639\u0644\u0628\u0629 \u063a\u064a\u0631 \u0645\u0631\u0626\u064a\u0629 \u0623\u0645\u0627\u0645 \u0627\u0644\u062f\u0642\u064a\u0642"", ""editdist_solution3"": 0}"
إذا أسقطت عملة معدنية على الأرض، فماذا يحدث للعملة؟,تنكسر العملة المعدنية,تتحطم العملة,ترتد العملة,تنبعج العملة المعدنية,2,arb_arab,"If you drop a coin on the ground, what happens to the coin?",The coin breaks,The coin shatters,The coin bounces,The coin is dented,object_properties_interactions,parallel_ex000050_arb_arab,"{""example_inspiration"": ""ewok"", ""uncorrected_prompt"": ""\u0625\u0630\u0627 \u0623\u0633\u0642\u0637\u062a \u0639\u0645\u0644\u0629 \u0645\u0639\u062f\u0646\u064a\u0629 \u0639\u0644\u0649 \u0627\u0644\u0623\u0631\u0636\u060c \u0641\u0645\u0627\u0630\u0627 \u064a\u062d\u062f\u062b \u0644\u0644\u0639\u0645\u0644\u0629\u061f"", ""editdist_prompt"": 0, ""uncorrected_solution0"": ""\u062a\u0646\u0643\u0633\u0631 \u0627\u0644\u0639\u0645\u0644\u0629 \u0627\u0644\u0645\u0639\u062f\u0646\u064a\u0629"", ""editdist_solution0"": 0, ""uncorrected_solution1"": ""\u062a\u062a\u062d\u0637\u0645 \u0627\u0644\u0639\u0645\u0644\u0629."", ""editdist_solution1"": 1, ""uncorrected_solution2"": ""\u062a\u0631\u062a\u062f \u0627\u0644\u0639\u0645\u0644\u0629"", ""editdist_solution2"": 0, ""uncorrected_solution3"": ""\u0627\u0644\u0639\u0645\u0644\u0629 \u0627\u0644\u0645\u0639\u062f\u0646\u064a\u0629 \u0645\u0646\u0628\u0639\u062c\u0629."", ""editdist_solution3"": 14}"
إذا دست على كوب ورقي، فماذا يحدث للكوب؟,يتحطم الكوب,يرتد الكوب,ينسحق الكوب,ينصهر الكوب,2,arb_arab,"If you step on a paper cup, what happens to the cup?",The cup shatters,The cup bounces,The cup is crushed,The cup melts,object_properties_interactions,parallel_ex000051_arb_arab,"{""example_inspiration"": ""ewok"", ""uncorrected_prompt"": ""\u0625\u0630\u0627 \u062f\u0633\u062a \u0639\u0644\u0649 \u0643\u0648\u0628 \u0648\u0631\u0642\u064a\u060c \u0641\u0645\u0627\u0630\u0627 \u064a\u062d\u062f\u062b \u0644\u0644\u0643\u0648\u0628\u061f"", ""editdist_prompt"": 0, ""uncorrected_solution0"": ""\u064a\u062a\u062d\u0637\u0645 \u0627\u0644\u0643\u0648\u0628"", ""editdist_solution0"": 0, ""uncorrected_solution1"": ""\u0627\u0644\u0643\u0648\u0628 \u064a\u0631\u062a\u062f."", ""editdist_solution1"": 10, ""uncorrected_solution2"": ""\u0627\u0644\u0643\u0648\u0628 \u0645\u0633\u062d\u0648\u0642."", ""editdist_solution2"": 10, ""uncorrected_solution3"": ""\u0627\u0644\u0643\u0648\u0628 \u064a\u0646\u0635\u0647\u0631"", ""editdist_solution3"": 10}"
يوجد في متجر الكتب 40 كتابا أقل مما في المكتبة. ثم نقل 30 كتابا من المكتبة إلى متجر الكتب. أي مما يلي صحيح الآن؟,ليس في المكتبة أي كتب,لدى متجر الكتب والمكتبة نفس العدد من الكتب,في المكتبة كتب أكثر من متجر الكتب,يحتوي متجر الكتب على كتب أكثر من المكتبة,3,arb_arab,"The bookshop has 40 fewer books than the library. Then, 30 books are moved from the library to the bookshop. Which is now true?",The library doesn't have any books,The bookshop and the library have the same number of books,The library has more books than the bookshop,The bookshop has more books than the library,counting,parallel_ex000053_arb_arab,"{""example_inspiration"": ""ewok"", ""uncorrected_prompt"": ""\u064a\u0648\u062c\u062f \u0641\u064a \u0645\u062a\u062c\u0631 \u0627\u0644\u0643\u062a\u0628 40 \u0643\u062a\u0627\u0628\u0627\u064b \u0623\u0642\u0644 \u0645\u0645\u0627 \u0641\u064a \u0627\u0644\u0645\u0643\u062a\u0628\u0629. \u062b\u0645 \u0646\u064f\u0642\u0644 30 \u0643\u062a\u0627\u0628\u0627\u064b \u0645\u0646 \u0627\u0644\u0645\u0643\u062a\u0628\u0629 \u0625\u0644\u0649 \u0645\u062a\u062c\u0631 \u0627\u0644\u0643\u062a\u0628. \u0623\u064a \u0645\u0645\u0627 \u064a\u0644\u064a \u0635\u062d\u064a\u062d \u0627\u0644\u0622\u0646\u061f"", ""editdist_prompt"": 3, ""uncorrected_solution0"": ""\u0644\u064a\u0633 \u0641\u064a \u0627\u0644\u0645\u0643\u062a\u0628\u0629 \u0623\u064a \u0643\u062a\u0628."", ""editdist_solution0"": 1, ""uncorrected_solution1"": ""\u0644\u062f\u0649 \u0645\u062d\u0644 \u0627\u0644\u0643\u062a\u0628 \u0648\u0627\u0644\u0645\u0643\u062a\u0628\u0629 \u0646\u0641\u0633 \u0627\u0644\u0639\u062f\u062f \u0645\u0646 \u0627\u0644\u0643\u062a\u0628."", ""editdist_solution1"": 4, ""uncorrected_solution2"": ""\u0641\u064a \u0627\u0644\u0645\u0643\u062a\u0628\u0629 \u0643\u062a\u0628 \u0623\u0643\u062b\u0631 \u0645\u0646 \u0645\u062a\u062c\u0631 \u0627\u0644\u0643\u062a\u0628."", ""editdist_solution2"": 1, ""uncorrected_solution3"": ""\u064a\u062d\u062a\u0648\u064a \u0645\u062a\u062c\u0631 \u0627\u0644\u0643\u062a\u0628 \u0639\u0644\u0649 \u0643\u062a\u0628 \u0623\u0643\u062b\u0631 \u0645\u0646 \u0627\u0644\u0645\u0643\u062a\u0628\u0629."", ""editdist_solution3"": 1}"
يوجد في الفصل (أ) عدد طلاب أقل بـ ٢٥ طالبا مما في الفصل (ب). ثم انتقل ١٠ طلاب من الفصل (ب) إلى الفصل (أ). أي مما يلي صحيح الآن؟,يوجد نفس عدد الطلاب في الفصل (أ) والفصل (ب),لا يوجد طلاب في الفصل (ب),يوجد في الفصل (ب) طلاب أكثر مما في الفصل (أ),يوجد طلاب في الفصل (أ) أكثر مما في الفصل (ب),2,arb_arab,"There are 25 fewer students in classroom A than in classroom B. Then, 10 students move from classroom B to classroom A. Which is now true?",There are the same number of students in classroom A and classroom B,There are no students in classroom B,There are more students in classroom B than in classroom A,There are more students in classroom A than in classroom B,counting,parallel_ex000054_arb_arab,"{""example_inspiration"": ""ewok"", ""uncorrected_prompt"": ""\u064a\u0648\u062c\u062f \u0641\u064a \u0627\u0644\u0641\u0635\u0644 (\u0623) \u0639\u062f\u062f \u0637\u0644\u0627\u0628 \u0623\u0642\u0644 \u0628\u0640 \u0662\u0665 \u0637\u0627\u0644\u0628\u0627\u064b \u0645\u0645\u0627 \u0641\u064a \u0627\u0644\u0641\u0635\u0644 (\u0628). \u062b\u0645 \u0627\u0646\u062a\u0642\u0644 \u0661\u0660 \u0637\u0644\u0627\u0628 \u0645\u0646 \u0627\u0644\u0641\u0635\u0644 (\u0628) \u0625\u0644\u0649 \u0627\u0644\u0641\u0635\u0644 (\u0623). \u0623\u064a \u0645\u0645\u0627 \u064a\u0644\u064a \u0635\u062d\u064a\u062d \u0627\u0644\u0622\u0646\u061f"", ""editdist_prompt"": 1, ""uncorrected_solution0"": ""\u064a\u0648\u062c\u062f \u0646\u0641\u0633 \u0639\u062f\u062f \u0627\u0644\u0637\u0644\u0627\u0628 \u0641\u064a \u0627\u0644\u0641\u0635\u0644 (\u0623) \u0648\u0627\u0644\u0641\u0635\u0644 (\u0628)."", ""editdist_solution0"": 1, ""uncorrected_solution1"": ""\u0644\u0627 \u064a\u0648\u062c\u062f \u0637\u0644\u0627\u0628 \u0641\u064a \u0627\u0644\u0641\u0635\u0644 \""\u0628\"""", ""editdist_solution1"": 2, ""uncorrected_solution2"": ""\u064a\u0648\u062c\u062f \u0641\u064a \u0627\u0644\u0641\u0635\u0644 (\u0628) \u0637\u0644\u0627\u0628 \u0623\u0643\u062b\u0631 \u0645\u0645\u0627 \u0641\u064a \u0627\u0644\u0641\u0635\u0644 (\u0623)."", ""editdist_solution2"": 1, ""uncorrected_solution3"": ""\u064a\u0648\u062c\u062f \u0637\u0644\u0627\u0628 \u0641\u064a \u0627\u0644\u0641\u0635\u0644 (\u0623) \u0623\u0643\u062b\u0631 \u0645\u0645\u0627 \u0641\u064a \u0627\u0644\u0641\u0635\u0644 (\u0628)."", ""editdist_solution3"": 1}"
يوجد في المدرسة عشرون كرسيا أكثر مما في المسرح. أي مما يلي صحيح؟,في المسرح كراسي أقل من المدرسة,في المسرح والمدرسة نفس العدد من الكراسي,في المسرح كراس أكثر من المدرسة,يضم المسرح كل الكراسي,0,arb_arab,The school has twenty more chairs than the theatre. Which is true?,The theatre has fewer chairs than the school,The theatre and the school have the same number of chairs,The theatre has more chairs than the school,The theatre has all of the chairs,counting,parallel_ex000055_arb_arab,"{""example_inspiration"": ""ewok"", ""uncorrected_prompt"": ""\u064a\u0648\u062c\u062f \u0641\u064a \u0627\u0644\u0645\u062f\u0631\u0633\u0629 \u0639\u0634\u0631\u0648\u0646 \u0643\u0631\u0633\u064a\u0627\u064b \u0623\u0643\u062b\u0631 \u0645\u0645\u0627 \u0641\u064a \u0627\u0644\u0645\u0633\u0631\u062d. \u0623\u064a \u0645\u0645\u0627 \u064a\u0644\u064a \u0635\u062d\u064a\u062d\u061f"", ""editdist_prompt"": 1, ""uncorrected_solution0"": ""\u0641\u064a \u0627\u0644\u0645\u0633\u0631\u062d \u0643\u0631\u0627\u0633\u064a \u0623\u0642\u0644 \u0645\u0646 \u0627\u0644\u0645\u062f\u0631\u0633\u0629."", ""editdist_solution0"": 1, ""uncorrected_solution1"": ""\u0641\u064a \u0627\u0644\u0645\u0633\u0631\u062d \u0648\u0627\u0644\u0645\u062f\u0631\u0633\u0629 \u0646\u0641\u0633 \u0627\u0644\u0639\u062f\u062f \u0645\u0646 \u0627\u0644\u0643\u0631\u0627\u0633\u064a."", ""editdist_solution1"": 1, ""uncorrected_solution2"": ""\u0641\u064a \u0627\u0644\u0645\u0633\u0631\u062d \u0643\u0631\u0627\u0633\u064d \u0623\u0643\u062b\u0631 \u0645\u0646 \u0627\u0644\u0645\u062f\u0631\u0633\u0629."", ""editdist_solution2"": 2, ""uncorrected_solution3"": ""\u064a\u0636\u0645 \u0627\u0644\u0645\u0633\u0631\u062d \u0643\u0644 \u0627\u0644\u0643\u0631\u0627\u0633\u064a."", ""editdist_solution3"": 1}"
يوجد على الطاولة كوبان أكثر مما يوجد في الخزانة. ثم أعدت كوبا واحدا إلى الخزانة. أي مما يلي صحيح الآن؟,هناك أكواب في الخزانة أقل مما هو على الطاولة,كل الأكواب في الخزانة,هناك أكواب في الخزانة أكثر مما على الطاولة,هناك أكواب متساوية في الخزانة وعلى الطاولة,3,arb_arab,"There are two more cups on the table than there are in the cupboard. Then, you put one cup back into the cupboard. Which is now true?",There are fewer cups in the cupboard than on the table,All of the cups are in the cupboard,There are more cups in the cupboard than on the table,There are equal cups in the cupboard and on the table,counting,parallel_ex000056_arb_arab,"{""example_inspiration"": ""ewok"", ""uncorrected_prompt"": ""\u064a\u0648\u062c\u062f \u0639\u0644\u0649 \u0627\u0644\u0637\u0627\u0648\u0644\u0629 \u0643\u0648\u0628\u0627\u0646 \u0623\u0643\u062b\u0631 \u0645\u0645\u0627 \u064a\u0648\u062c\u062f \u0641\u064a \u0627\u0644\u062e\u0632\u0627\u0646\u0629. \u062b\u0645 \u0623\u0639\u064e\u062f\u062a\u064e \u0643\u0648\u0628\u0627\u064b \u0648\u0627\u062d\u062f\u0627\u064b \u0625\u0644\u0649 \u0627\u0644\u062e\u0632\u0627\u0646\u0629. \u0623\u064a\u0651\u064c \u0645\u0645\u0627 \u064a\u0644\u064a \u0635\u062d\u064a\u062d \u0627\u0644\u0622\u0646\u061f"", ""editdist_prompt"": 6, ""uncorrected_solution0"": ""\u0647\u0646\u0627\u0643 \u0623\u0643\u0648\u0627\u0628 \u0641\u064a \u0627\u0644\u062e\u0632\u0627\u0646\u0629 \u0623\u0642\u0644 \u0645\u0645\u0627 \u0647\u0648 \u0639\u0644\u0649 \u0627\u0644\u0637\u0627\u0648\u0644\u0629."", ""editdist_solution0"": 1, ""uncorrected_solution1"": ""\u0643\u0644 \u0627\u0644\u0623\u0643\u0648\u0627\u0628 \u0641\u064a \u0627\u0644\u062e\u0632\u0627\u0646\u0629."", ""editdist_solution1"": 1, ""uncorrected_solution2"": ""\u0647\u0646\u0627\u0643 \u0623\u0643\u0648\u0627\u0628 \u0641\u064a \u0627\u0644\u062e\u0632\u0627\u0646\u0629 \u0623\u0643\u062b\u0631 \u0645\u0645\u0627 \u0639\u0644\u0649 \u0627\u0644\u0637\u0627\u0648\u0644\u0629."", ""editdist_solution2"": 1, ""uncorrected_solution3"": ""\u0647\u0646\u0627\u0643 \u0623\u0643\u0648\u0627\u0628 \u0645\u062a\u0633\u0627\u0648\u064a\u0629 \u0641\u064a \u0627\u0644\u062e\u0632\u0627\u0646\u0629 \u0648\u0639\u0644\u0649 \u0627\u0644\u0637\u0627\u0648\u0644\u0629."", ""editdist_solution3"": 1}"
يبلغ عرض السرير ١٦٠ سم وطوله ٢٠٠ سم. ما هي مساحة غرفة النوم التي تحتاج إليها؟,١٦٠م × ٢٠٠م,١.٦ م × ٢ م,٢٫٥ م × ٣ م,١٦ سم × ٢٠ سم,2,arb_arab,The bed is 160cm wide by 200 cm long. What size bedroom do you need?,160m x 200m,1.6m x 2m,2.5m x 3m,16cm x 20cm,counting,parallel_ex000057_arb_arab,"{""example_inspiration"": ""hellaswag"", ""uncorrected_prompt"": ""\u064a\u0628\u0644\u063a \u0639\u0631\u0636 \u0627\u0644\u0633\u0631\u064a\u0631 \u0661\u0666\u0660 \u0633\u0645 \u0648\u0637\u0648\u0644\u0647 \u0662\u0660\u0660 \u0633\u0645. \u0645\u0627 \u0647\u064a \u0645\u0633\u0627\u062d\u0629 \u063a\u0631\u0641\u0629 \u0627\u0644\u0646\u0648\u0645 \u0627\u0644\u062a\u064a \u062a\u062d\u062a\u0627\u062c \u0625\u0644\u064a\u0647\u0627\u061f"", ""editdist_prompt"": 0, ""uncorrected_solution0"": ""\u0661\u0666\u0660\u0645 \u0641\u064a \u0662\u0660\u0660\u0645"", ""editdist_solution0"": 2, ""uncorrected_solution1"": ""\u0661.\u0666 \u0645 \u00d7 \u0662 \u0645"", ""editdist_solution1"": 0, ""uncorrected_solution2"": ""\u0662\u066b\u0665 \u0645 \u00d7 \u0663 \u0645"", ""editdist_solution2"": 0, ""uncorrected_solution3"": ""\u0661\u0666 \u0633\u0645 \u00d7 \u0662\u0660 \u0633\u0645"", ""editdist_solution3"": 0}"
لمساعدة عجين الخبز على الاختمار جيدا، يمكنك استخدام سكين حادة لعمل شق على شكل صليب. ما مدى العمق الذي يجب أن يكون عليه هذا الشق؟,١ سم,٠ سم,٣٠ سم,١٠ سم,0,arb_arab,"To help bread dough rise well, you can use a sharp knife to make a cross-shaped incision. How deep should you make the incision?",1cm,0cm,30cm,10cm,"object_properties_interactions,spatial",parallel_ex000058_arb_arab,"{""example_inspiration"": ""globalpiqa_nonparallel"", ""uncorrected_prompt"": ""\u0644\u0645\u0633\u0627\u0639\u062f\u0629 \u0639\u062c\u064a\u0646 \u0627\u0644\u062e\u0628\u0632 \u0639\u0644\u0649 \u0627\u0644\u0627\u062e\u062a\u0645\u0627\u0631 \u062c\u064a\u062f\u0627\u064b\u060c \u064a\u0645\u0643\u0646\u0643 \u0627\u0633\u062a\u062e\u062f\u0627\u0645 \u0633\u0643\u064a\u0646 \u062d\u0627\u062f\u0629 \u0644\u0639\u0645\u0644 \u0634\u0642 \u0639\u0644\u0649 \u0634\u0643\u0644 \u0635\u0644\u064a\u0628. \u0645\u0627 \u0645\u062f\u0649 \u0627\u0644\u0639\u0645\u0642 \u0627\u0644\u0630\u064a \u064a\u062c\u0628 \u0623\u0646 \u064a\u0643\u0648\u0646 \u0639\u0644\u064a\u0647 \u0647\u0630\u0627 \u0627\u0644\u0634\u0642\u061f"", ""editdist_prompt"": 1, ""uncorrected_solution0"": ""\u0661 \u0633\u0645"", ""editdist_solution0"": 0, ""uncorrected_solution1"": ""\u0660 \u0633\u0645"", ""editdist_solution1"": 0, ""uncorrected_solution2"": ""\u0663\u0660 \u0633\u0645"", ""editdist_solution2"": 0, ""uncorrected_solution3"": ""\u0661\u0660 \u0633\u0645"", ""editdist_solution3"": 0}"
عندما يعلق الطعام بين أسنانك، ما الأداة التي يجب عليك استخدامها لإخراجه؟,ملعقة,سكين,عود أسنان,مسحة قطنية,2,arb_arab,"When food gets stuck in your teeth, what object should you use to get it out?",A spoon,A knife,A toothpick,A cotton swab,"object_properties_interactions,affordances",parallel_ex000059_arb_arab,"{""example_inspiration"": ""globalpiqa_nonparallel"", ""uncorrected_prompt"": ""\u0639\u0646\u062f\u0645\u0627 \u064a\u0639\u0644\u0642 \u0627\u0644\u0637\u0639\u0627\u0645 \u0628\u064a\u0646 \u0623\u0633\u0646\u0627\u0646\u0643\u060c \u0645\u0627 \u0627\u0644\u0623\u062f\u0627\u0629 \u0627\u0644\u062a\u064a \u064a\u062c\u0628 \u0639\u0644\u064a\u0643 \u0627\u0633\u062a\u062e\u062f\u0627\u0645\u0647\u0627 \u0644\u0625\u062e\u0631\u0627\u062c\u0647\u061f"", ""editdist_prompt"": 0, ""uncorrected_solution0"": ""\u0645\u0644\u0639\u0642\u0629"", ""editdist_solution0"": 0, ""uncorrected_solution1"": ""\u0633\u0650\u0643\u0651\u0650\u064a\u0646"", ""editdist_solution1"": 3, ""uncorrected_solution2"": ""\u0639\u0648\u062f \u0623\u0633\u0646\u0627\u0646"", ""editdist_solution2"": 0, ""uncorrected_solution3"": ""\u0645\u0633\u062d\u0629 \u0642\u0637\u0646\u064a\u0629"", ""editdist_solution3"": 0}"
يعصر جون وبول منشفة مبللة. يمسك كل منهما بطرف منها، ويضعان دلوا تحتها، ويفتل كل منهما المنشفة. في أي اتجاه يجب عليهما فتلها؟,على أحدهما أن يلتوي لليسار، و الآخر لليمين,على كل منهم أن يلتف إلى يمينه,على أحدهما أن يلتوي إلى يمينه، والآخر إلى يساره,لا ينبغي لهم أن يلووا المنشفة,1,arb_arab,"John and Paul are wringing out a wet towel. They each take it by one end, place a bucket underneath, and each twist the towel. What direction should they twist?","One should twist to their left, the other to their right",They should each twist to their right,"One should twist to their right, the other to their left",They should not twist the towel,spatial,parallel_ex000061_arb_arab,"{""example_inspiration"": ""globalpiqa_nonparallel"", ""uncorrected_prompt"": ""\u064a\u0639\u0635\u0631 \u062c\u0648\u0646 \u0648\u0628\u0648\u0644 \u0645\u0646\u0634\u0641\u0629 \u0645\u0628\u0644\u0644\u0629. \u064a\u0645\u0633\u0643 \u0643\u0644 \u0645\u0646\u0647\u0645\u0627 \u0628\u0637\u0631\u0641 \u0645\u0646\u0647\u0627\u060c \u0648\u064a\u0636\u0639\u0627\u0646 \u062f\u0644\u0648\u0627\u064b \u062a\u062d\u062a\u0647\u0627\u060c \u0648\u064a\u0641\u062a\u0644 \u0643\u0644 \u0645\u0646\u0647\u0645\u0627 \u0627\u0644\u0645\u0646\u0634\u0641\u0629. \u0641\u064a \u0623\u064a \u0627\u062a\u062c\u0627\u0647 \u064a\u062c\u0628 \u0639\u0644\u064a\u0647\u0645\u0627 \u0641\u062a\u0644\u0647\u0627\u061f"", ""editdist_prompt"": 1, ""uncorrected_solution0"": ""\u0639\u0644\u0649 \u0623\u062d\u062f\u0647\u0645\u0627 \u0623\u0646 \u064a\u0644\u062a\u0648\u064a \u0644\u0644\u064a\u0633\u0627\u0631\u060c \u0648\u0639\u0644\u0649 \u0627\u0644\u0622\u062e\u0631 \u0644\u0644\u064a\u0645\u064a\u0646."", ""editdist_solution0"": 4, ""uncorrected_solution1"": ""\u0639\u0644\u0649 \u0643\u0644 \u0645\u0646\u0647\u0645 \u0623\u0646 \u064a\u0644\u062a\u0641 \u0625\u0644\u0649 \u064a\u0645\u064a\u0646\u0647."", ""editdist_solution1"": 1, ""uncorrected_solution2"": ""\u0639\u0644\u0649 \u0623\u062d\u062f\u0647\u0645\u0627 \u0623\u0646 \u064a\u0644\u062a\u0648\u064a \u0625\u0644\u0649 \u064a\u0645\u064a\u0646\u0647\u060c \u0648\u0627\u0644\u0622\u062e\u0631 \u0625\u0644\u0649 \u064a\u0633\u0627\u0631\u0647."", ""editdist_solution2"": 1, ""uncorrected_solution3"": ""\u0644\u0627 \u064a\u0646\u0628\u063a\u064a \u0644\u0647\u0645 \u0623\u0646 \u064a\u0644\u0648\u0648\u0627 \u0627\u0644\u0645\u0646\u0634\u0641\u0629."", ""editdist_solution3"": 1}"
ما الذي يمكنك أن تمسكه بيدك اليسرى ولا يمكنك إمساكه بيدك اليمنى؟,ركبتك اليمنى,مرفقك الأيسر,كتفك اليسرى,مرفقك الأيمن,3,arb_arab,What can you hold in your left hand but not in your right hand?,Your right knee,Your left elbow,Your left shoulder,Your right elbow,spatial,parallel_ex000062_arb_arab,"{""example_inspiration"": ""globalpiqa_nonparallel"", ""uncorrected_prompt"": ""\u0645\u0627 \u0627\u0644\u0630\u064a \u064a\u0645\u0643\u0646\u0643 \u0623\u0646 \u062a\u0645\u0633\u0643\u0647 \u0628\u064a\u062f\u0643 \u0627\u0644\u064a\u0633\u0631\u0649 \u0648\u0644\u0627 \u064a\u0645\u0643\u0646\u0643 \u0625\u0645\u0633\u0627\u0643\u0647 \u0628\u064a\u062f\u0643 \u0627\u0644\u064a\u0645\u0646\u0649\u061f"", ""editdist_prompt"": 0, ""uncorrected_solution0"": ""\u0631\u0643\u0628\u062a\u0643 \u0627\u0644\u064a\u0645\u0646\u0649"", ""editdist_solution0"": 0, ""uncorrected_solution1"": ""\u0645\u0631\u0641\u0642\u0643 \u0627\u0644\u0623\u064a\u0633\u0631"", ""editdist_solution1"": 0, ""uncorrected_solution2"": ""\u0643\u062a\u0641\u0643 \u0627\u0644\u064a\u0633\u0631\u0649"", ""editdist_solution2"": 0, ""uncorrected_solution3"": ""\u0645\u0650\u0631\u0652\u0641\u064e\u0642\u064f\u0643\u064e \u0627\u0644\u0623\u064e\u064a\u0652\u0645\u064e\u0646"", ""editdist_solution3"": 8}"
لدق المسامير الصغيرة، ما الذي يمكن استخدامه بدلا من المطرقة؟,علبة صفيح,كوب من الفل,حزام جلدي,برطمان زجاجي,0,arb_arab,"To pound small nails, what could be used instead of a hammer?",A tin can,A foam cup,A leather belt,A glass jar,"object_properties_interactions,affordances",parallel_ex000063_arb_arab,"{""example_inspiration"": ""globalpiqa_nonparallel"", ""uncorrected_prompt"": ""\u0644\u062f\u0642 \u0627\u0644\u0645\u0633\u0627\u0645\u064a\u0631 \u0627\u0644\u0635\u063a\u064a\u0631\u0629\u060c \u0645\u0627 \u0627\u0644\u0630\u064a \u064a\u0645\u0643\u0646 \u0627\u0633\u062a\u062e\u062f\u0627\u0645\u0647 \u0628\u062f\u0644\u0627\u064b \u0645\u0646 \u0627\u0644\u0645\u0637\u0631\u0642\u0629\u061f"", ""editdist_prompt"": 1, ""uncorrected_solution0"": ""\u0639\u0644\u0628\u0629 \u0635\u0641\u064a\u062d"", ""editdist_solution0"": 0, ""uncorrected_solution1"": ""\u0643\u0648\u0628 \u0631\u063a\u0648\u064a"", ""editdist_solution1"": 7, ""uncorrected_solution2"": ""\u062d\u0632\u0627\u0645 \u062c\u0644\u062f\u064a"", ""editdist_solution2"": 0, ""uncorrected_solution3"": ""\u0628\u0631\u0637\u0645\u0627\u0646 \u0632\u062c\u0627\u062c\u064a"", ""editdist_solution3"": 0}"
إذا كانت السيارة مركونة في مستوى أدنى من المنزل، ففي أي جهة من المنزل تقع؟,جانب البيت الذي يواجه الشمس,جانب المنزل الذي يواجه الجنوب,جانب المنزل المواجه للمرتفع,جانب المنزل المواجه للمنحدر,3,arb_arab,"If a car is parked lower than the house, then which side of the house is it on?",The side of the house that faces the sun,The side of the house that faces south,The side of the house that faces uphill,The side of the house that faces downhill,spatial,parallel_ex000064_arb_arab,"{""example_inspiration"": ""globalpiqa_nonparallel"", ""uncorrected_prompt"": ""\u0625\u0630\u0627 \u0643\u0627\u0646\u062a \u0627\u0644\u0633\u064a\u0627\u0631\u0629 \u0645\u0631\u0643\u0648\u0646\u0629 \u0641\u064a \u0645\u0633\u062a\u0648\u0649 \u0623\u062f\u0646\u0649 \u0645\u0646 \u0627\u0644\u0645\u0646\u0632\u0644\u060c \u0641\u0641\u064a \u0623\u064a \u062c\u0647\u0629 \u0645\u0646 \u0627\u0644\u0645\u0646\u0632\u0644 \u062a\u0642\u0639\u061f"", ""editdist_prompt"": 0, ""uncorrected_solution0"": ""\u062c\u0627\u0646\u0628 \u0627\u0644\u0628\u064a\u062a \u0627\u0644\u0630\u064a \u064a\u0648\u0627\u062c\u0647 \u0627\u0644\u0634\u0645\u0633"", ""editdist_solution0"": 0, ""uncorrected_solution1"": ""\u062c\u0627\u0646\u0628 \u0627\u0644\u0645\u0646\u0632\u0644 \u0627\u0644\u0630\u064a \u064a\u0648\u0627\u062c\u0647 \u0627\u0644\u062c\u0646\u0648\u0628"", ""editdist_solution1"": 0, ""uncorrected_solution2"": ""\u062c\u0627\u0646\u0628 \u0627\u0644\u0645\u0646\u0632\u0644 \u0627\u0644\u0645\u0648\u0627\u062c\u0647 \u0644\u0644\u0645\u0631\u062a\u0641\u0639"", ""editdist_solution2"": 0, ""uncorrected_solution3"": ""\u062c\u0627\u0646\u0628 \u0627\u0644\u0645\u0646\u0632\u0644 \u0627\u0644\u0645\u0648\u0627\u062c\u0647 \u0644\u0644\u0645\u0646\u062d\u062f\u0631"", ""editdist_solution3"": 0}"
كيف يجب أن أخرج طبقا ساخنا من الفرن؟,باستخدام قفازات الفرن، أمسكه من جانب واحد وارفعه بحذر خارج الفرن,بدون قفازات الفرن، أمسكه من كلا الجانبين وارفعه بحذر من الفرن,باستخدام قفازات الفرن، أمسكه من كلا الجانبين وارفعه بعناية خارج الفرن,باستخدام قفازات الفرن، أمسكه من الغطاء وارفعه بحذر خارج الفرن,2,arb_arab,How should I take a hot dish out of the oven?,"Using oven mitts, grab it from one side and carefully lift it out of the oven","Without oven mitts, grab it from both sides and carefully lift it out of the oven","Using oven mitts, grab it from both sides and carefully lift it out of the oven","Using oven mitts, grab it from the lid and carefully lift it out of the oven","object_properties_interactions,affordances",parallel_ex000065_arb_arab,"{""example_inspiration"": ""globalpiqa_nonparallel"", ""uncorrected_prompt"": ""\u0643\u064a\u0641 \u064a\u062c\u0628 \u0623\u0646 \u0623\u062e\u0631\u062c \u0637\u0628\u0642\u0627\u064b \u0633\u0627\u062e\u0646\u0627\u064b \u0645\u0646 \u0627\u0644\u0641\u0631\u0646\u061f"", ""editdist_prompt"": 2, ""uncorrected_solution0"": ""\u0628\u0627\u0633\u062a\u062e\u062f\u0627\u0645 \u0642\u0641\u0627\u0632\u0627\u062a \u0627\u0644\u0641\u0631\u0646\u060c \u0623\u0645\u0633\u0643\u0647 \u0645\u0646 \u062c\u0627\u0646\u0628 \u0648\u0627\u062d\u062f \u0648\u0627\u0631\u0641\u0639\u0647 \u0628\u062d\u0630\u0631 \u062e\u0627\u0631\u062c \u0627\u0644\u0641\u0631\u0646."", ""editdist_solution0"": 1, ""uncorrected_solution1"": ""\u0628\u062f\u0648\u0646 \u0642\u0641\u0627\u0632\u0627\u062a \u0627\u0644\u0641\u0631\u0646\u060c \u0623\u0645\u0633\u0643\u0647 \u0645\u0646 \u0643\u0644\u0627 \u0627\u0644\u062c\u0627\u0646\u0628\u064a\u0646 \u0648\u0627\u0631\u0641\u0639\u0647 \u0628\u062d\u0630\u0631 \u0645\u0646 \u0627\u0644\u0641\u0631\u0646."", ""editdist_solution1"": 1, ""uncorrected_solution2"": ""\u0628\u0627\u0633\u062a\u062e\u062f\u0627\u0645 \u0642\u0641\u0627\u0632\u0627\u062a \u0627\u0644\u0641\u0631\u0646\u060c \u0623\u0645\u0633\u0643\u0647 \u0645\u0646 \u0643\u0644\u0627 \u0627\u0644\u062c\u0627\u0646\u0628\u064a\u0646 \u0648\u0627\u0631\u0641\u0639\u0647 \u0628\u0639\u0646\u0627\u064a\u0629 \u062e\u0627\u0631\u062c \u0627\u0644\u0641\u0631\u0646."", ""editdist_solution2"": 1, ""uncorrected_solution3"": ""\u0628\u0627\u0633\u062a\u062e\u062f\u0627\u0645 \u0642\u0641\u0627\u0632\u0627\u062a \u0627\u0644\u0641\u0631\u0646\u060c \u0623\u0645\u0633\u0643\u0647 \u0645\u0646 \u0627\u0644\u063a\u0637\u0627\u0621 \u0648\u0627\u0631\u0641\u0639\u0647 \u0628\u062d\u0630\u0631 \u062e\u0627\u0631\u062c \u0627\u0644\u0641\u0631\u0646."", ""editdist_solution3"": 1}"
ماذا يمكنك أن تستخدم لحلاقة رأسك؟,سكين جيب,مقص,شفرة حلاقة,سكين مطبخ,2,arb_arab,What can you use to shave your head?,A pocket knife,Scissors,A razor blade,A kitchen knife,"object_properties_interactions,affordances",parallel_ex000066_arb_arab,"{""example_inspiration"": ""globalpiqa_nonparallel"", ""uncorrected_prompt"": ""\u0645\u0627\u0630\u0627 \u064a\u0645\u0643\u0646\u0643 \u0623\u0646 \u062a\u0633\u062a\u062e\u062f\u0645 \u0644\u062d\u0644\u0627\u0642\u0629 \u0631\u0623\u0633\u0643\u061f"", ""editdist_prompt"": 0, ""uncorrected_solution0"": ""\u0633\u0643\u064a\u0646 \u062c\u064a\u0628"", ""editdist_solution0"": 0, ""uncorrected_solution1"": ""\u0645\u0650\u0642\u064e\u0635\u0651"", ""editdist_solution1"": 3, ""uncorrected_solution2"": ""\u0634\u0641\u0631\u0629 \u062d\u0644\u0627\u0642\u0629"", ""editdist_solution2"": 0, ""uncorrected_solution3"": ""\u0633\u0643\u064a\u0646 \u0645\u0637\u0628\u062e"", ""editdist_solution3"": 0}"
ماذا يمكنك أن تستخدم لتقطيع الخشب؟,فأس,مقص,سكين مطبخ,خيط,0,arb_arab,What can you use to chop wood?,An axe,Scissors,A kitchen knife,String,"object_properties_interactions,affordances",parallel_ex000067_arb_arab,"{""example_inspiration"": ""globalpiqa_nonparallel"", ""uncorrected_prompt"": ""\u0645\u0627\u0630\u0627 \u064a\u0645\u0643\u0646\u0643 \u0623\u0646 \u062a\u0633\u062a\u062e\u062f\u0645 \u0644\u062a\u0642\u0637\u064a\u0639 \u0627\u0644\u062e\u0634\u0628\u061f"", ""editdist_prompt"": 0, ""uncorrected_solution0"": ""\u0641\u0623\u0633"", ""editdist_solution0"": 0, ""uncorrected_solution1"": ""\u0645\u0650\u0642\u064e\u0635\u0651"", ""editdist_solution1"": 3, ""uncorrected_solution2"": ""\u0633\u0643\u064a\u0646 \u0645\u0637\u0628\u062e"", ""editdist_solution2"": 0, ""uncorrected_solution3"": ""\u062e\u064a\u0637"", ""editdist_solution3"": 0}"
ما هو الترتيب الذي يجب أن ترتدي به ملابسك قبل مغادرة المنزل؟,جوارب، حذاء، ثم بنطال,بنطال، حذاء، ثم جوارب,حذاء، جوارب، ثم بنطال,بنطال، جوارب، ثم حذاء,3,arb_arab,What order should you put on your clothing before leaving the house?,"Socks, shoes, then pants","Pants, shoes, then socks","Shoes, socks, then pants","Pants, socks, then shoes","object_properties_interactions,affordances",parallel_ex000068_arb_arab,"{""example_inspiration"": ""globalpiqa_nonparallel"", ""uncorrected_prompt"": ""\u0645\u0627 \u0647\u0648 \u0627\u0644\u062a\u0631\u062a\u064a\u0628 \u0627\u0644\u0630\u064a \u064a\u062c\u0628 \u0623\u0646 \u062a\u0631\u062a\u062f\u064a \u0628\u0647 \u0645\u0644\u0627\u0628\u0633\u0643 \u0642\u0628\u0644 \u0645\u063a\u0627\u062f\u0631\u0629 \u0627\u0644\u0645\u0646\u0632\u0644\u061f"", ""editdist_prompt"": 0, ""uncorrected_solution0"": ""\u062c\u0648\u0627\u0631\u0628\u060c \u062d\u0630\u0627\u0621\u060c \u062b\u0645 \u0628\u0646\u0637\u0627\u0644"", ""editdist_solution0"": 0, ""uncorrected_solution1"": ""\u0628\u0650\u0646\u0637\u0627\u0644\u060c \u062d\u0630\u0627\u0621\u060c \u062b\u0645 \u062c\u0648\u0627\u0631\u0628."", ""editdist_solution1"": 2, ""uncorrected_solution2"": ""\u062d\u0630\u0627\u0621\u060c \u062c\u0648\u0627\u0631\u0628\u060c \u062b\u0645 \u0628\u0646\u0637\u0627\u0644."", ""editdist_solution2"": 1, ""uncorrected_solution3"": ""\u0628\u0650\u0646\u0637\u0627\u0644\u060c \u062c\u064e\u0648\u0627\u0631\u0650\u0628\u060c \u062b\u064f\u0645\u0651\u064e \u062d\u0650\u0630\u0627\u0621"", ""editdist_solution3"": 7}"
شخص يجفف قميصا في يوم عاصف في الفناء. أي نوع من القمصان سيفقد الرطوبة بشكل أسرع؟,قمصان صوفية ثقيلة,قمصان نايلون,قمصان كتانية,قمصان دنيم,1,arb_arab,A person is drying a shirt on a windy day in the yard. What kind of shirts will lose moisture faster?,Heavy wool shirts,Nylon shirts,Linen shirts,Denim shirts,object_properties_interactions,parallel_ex000069_arb_arab,"{""example_inspiration"": ""globalpiqa_nonparallel"", ""uncorrected_prompt"": ""\u0634\u062e\u0635 \u064a\u062c\u0641\u0641 \u0642\u0645\u064a\u0635\u0627\u064b \u0641\u064a \u064a\u0648\u0645 \u0639\u0627\u0635\u0641 \u0641\u064a \u0627\u0644\u0641\u0646\u0627\u0621. \u0623\u064a \u0646\u0648\u0639 \u0645\u0646 \u0627\u0644\u0642\u0645\u0635\u0627\u0646 \u0633\u064a\u0641\u0642\u062f \u0627\u0644\u0631\u0637\u0648\u0628\u0629 \u0628\u0634\u0643\u0644 \u0623\u0633\u0631\u0639\u061f"", ""editdist_prompt"": 1, ""uncorrected_solution0"": ""\u0642\u0645\u0635\u0627\u0646 \u0635\u0648\u0641\u064a\u0629 \u062b\u0642\u064a\u0644\u0629"", ""editdist_solution0"": 0, ""uncorrected_solution1"": ""\u0642\u0645\u0635\u0627\u0646 \u0646\u0627\u064a\u0644\u0648\u0646"", ""editdist_solution1"": 0, ""uncorrected_solution2"": ""\u0642\u0645\u0635\u0627\u0646 \u0643\u062a\u0627\u0646\u064a\u0629"", ""editdist_solution2"": 0, ""uncorrected_solution3"": ""\u0642\u0645\u0635\u0627\u0646 \u062f\u0646\u064a\u0645"", ""editdist_solution3"": 0}"
كيف تحرص على الحفاظ على رطوبة جسمك خلال رحلة مشي طويلة؟,اشرب الماء طوال رحلة المشي,اشرب الماء مرة واحدة خلال رحلة المشي,اشرب كل مائك بمجرد أن تبدأ رحلة المشي,اشرب كل مائك عندما تنتهي من المسير,0,arb_arab,How do you make sure to stay hydrated on a long hike?,Drink water throughout the hike,Drink water once during the hike,Drink all your water as soon as you start the hike,Drink all your water when you finish the hike,"object_properties_interactions,affordances",parallel_ex000070_arb_arab,"{""example_inspiration"": ""globalpiqa_nonparallel"", ""uncorrected_prompt"": ""\u0643\u064a\u0641 \u062a\u062d\u0631\u0635 \u0639\u0644\u0649 \u0627\u0644\u062d\u0641\u0627\u0638 \u0639\u0644\u0649 \u0631\u0637\u0648\u0628\u0629 \u062c\u0633\u0645\u0643 \u062e\u0644\u0627\u0644 \u0631\u062d\u0644\u0629 \u0645\u0634\u064a \u0637\u0648\u064a\u0644\u0629\u061f"", ""editdist_prompt"": 0, ""uncorrected_solution0"": ""\u0627\u0634\u0631\u0628 \u0627\u0644\u0645\u0627\u0621 \u0637\u0648\u0627\u0644 \u0631\u062d\u0644\u0629 \u0627\u0644\u0645\u0634\u064a."", ""editdist_solution0"": 1, ""uncorrected_solution1"": ""\u0627\u0634\u0631\u0628 \u0627\u0644\u0645\u0627\u0621 \u0645\u0631\u0629 \u0648\u0627\u062d\u062f\u0629 \u062e\u0644\u0627\u0644 \u0631\u062d\u0644\u0629 \u0627\u0644\u0645\u0634\u064a."", ""editdist_solution1"": 1, ""uncorrected_solution2"": ""\u0627\u0634\u0631\u0628 \u0643\u0644 \u0645\u0627\u0626\u0643 \u0628\u0645\u062c\u0631\u062f \u0623\u0646 \u062a\u0628\u062f\u0623 \u0631\u062d\u0644\u0629 \u0627\u0644\u0645\u0634\u064a."", ""editdist_solution2"": 1, ""uncorrected_solution3"": ""\u0627\u0634\u0631\u0628 \u0643\u0644 \u0645\u0627\u0626\u0643 \u0639\u0646\u062f\u0645\u0627 \u062a\u0646\u062a\u0647\u064a \u0645\u0646 \u0627\u0644\u0645\u0633\u064a\u0631."", ""editdist_solution3"": 1}"
ما طول فتيل الشمعة مقارنة بارتفاع الشمع؟,يجب أن يكون الفتيل أطول من ارتفاع شمع الشمعة,يجب أن يكون طول الفتيل مساويا لارتفاع شمع الشمعة,يجب أن تكون الفتيلة طويلة قدر الإمكان,يجب أن يكون الفتيل أقصر من ارتفاع شمع الشمعة,0,arb_arab,"How long is the wick of a candle, compared to the height of the candle wax?",The wick should be longer than the height of the candle wax,The wick should be the same length as the height of the candle wax,The wick should be as long as possible,The wick should be shorter than the height of the candle wax,"object_properties_interactions,spatial",parallel_ex000071_arb_arab,"{""example_inspiration"": ""globalpiqa_nonparallel"", ""uncorrected_prompt"": ""\u0645\u0627 \u0637\u0648\u0644 \u0641\u062a\u064a\u0644 \u0627\u0644\u0634\u0645\u0639\u0629 \u0645\u0642\u0627\u0631\u0646\u0629 \u0628\u0627\u0631\u062a\u0641\u0627\u0639 \u0627\u0644\u0634\u0645\u0639\u061f"", ""editdist_prompt"": 0, ""uncorrected_solution0"": ""\u064a\u062c\u0628 \u0623\u0646 \u064a\u0643\u0648\u0646 \u0627\u0644\u0641\u062a\u064a\u0644 \u0623\u0637\u0648\u0644 \u0645\u0646 \u0627\u0631\u062a\u0641\u0627\u0639 \u0634\u0645\u0639 \u0627\u0644\u0634\u0645\u0639\u0629."", ""editdist_solution0"": 1, ""uncorrected_solution1"": ""\u064a\u062c\u0628 \u0623\u0646 \u064a\u0643\u0648\u0646 \u0637\u0648\u0644 \u0627\u0644\u0641\u062a\u064a\u0644 \u0645\u0633\u0627\u0648\u064a\u0627\u064b \u0644\u0627\u0631\u062a\u0641\u0627\u0639 \u0634\u0645\u0639 \u0627\u0644\u0634\u0645\u0639\u0629."", ""editdist_solution1"": 2, ""uncorrected_solution2"": ""\u064a\u062c\u0628 \u0623\u0646 \u062a\u0643\u0648\u0646 \u0627\u0644\u0641\u062a\u064a\u0644\u0629 \u0637\u0648\u064a\u0644\u0629 \u0642\u062f\u0631 \u0627\u0644\u0625\u0645\u0643\u0627\u0646."", ""editdist_solution2"": 1, ""uncorrected_solution3"": ""\u064a\u062c\u0628 \u0623\u0646 \u064a\u0643\u0648\u0646 \u0627\u0644\u0641\u062a\u064a\u0644 \u0623\u0642\u0635\u0631 \u0645\u0646 \u0627\u0631\u062a\u0641\u0627\u0639 \u0634\u0645\u0639 \u0627\u0644\u0634\u0645\u0639\u0629."", ""editdist_solution3"": 1}"
لديك مكعب من الفولاذ ومكعب من البلاستيك لهما الحجم نفسه. إذا وضعت كل مكعب منهما برفق تحت الماء في كوب ممتلئ بالماء، فأيهما سيؤدي إلى فيضان حجم أكبر من الماء؟,لن يتسبب أي من المكعبين في فيضان أي ماء,سيجعل المكعب الفولاذي المزيد من الماء يفيض,سيجعلون نفس الكمية من الماء تفيض,سيجعل المكعب البلاستيكي المزيد من الماء يفيض,2,arb_arab,"You have a cube made of steel and a cube made of plastic with the same volume. If you gently put each cube underwater in a glass full of water, which one will make more volume of water overflow?",Neither cube will make any water overflow,The steel cube will make more water overflow,They will make the same amount of water overflow,The plastic cube will make more water overflow,spatial,parallel_ex000072_arb_arab,"{""example_inspiration"": ""globalpiqa_nonparallel"", ""uncorrected_prompt"": ""\u0644\u062f\u064a\u0643 \u0645\u0643\u0639\u0628 \u0645\u0646 \u0627\u0644\u0641\u0648\u0644\u0627\u0630 \u0648\u0645\u0643\u0639\u0628 \u0645\u0646 \u0627\u0644\u0628\u0644\u0627\u0633\u062a\u064a\u0643 \u0644\u0647\u0645\u0627 \u0627\u0644\u062d\u062c\u0645 \u0646\u0641\u0633\u0647. \u0625\u0630\u0627 \u0648\u0636\u0639\u062a \u0643\u0644 \u0645\u0643\u0639\u0628 \u0645\u0646\u0647\u0645\u0627 \u0628\u0631\u0641\u0642 \u062a\u062d\u062a \u0627\u0644\u0645\u0627\u0621 \u0641\u064a \u0643\u0648\u0628 \u0645\u0645\u062a\u0644\u0626 \u0628\u0627\u0644\u0645\u0627\u0621\u060c \u0641\u0623\u064a\u0647\u0645\u0627 \u0633\u064a\u0624\u062f\u064a \u0625\u0644\u0649 \u0641\u064a\u0636\u0627\u0646 \u062d\u062c\u0645 \u0623\u0643\u0628\u0631 \u0645\u0646 \u0627\u0644\u0645\u0627\u0621\u061f"", ""editdist_prompt"": 0, ""uncorrected_solution0"": ""\u0644\u0646 \u064a\u062a\u0633\u0628\u0628 \u0623\u064a \u0645\u0646 \u0627\u0644\u0645\u0643\u0639\u0628\u064a\u0646 \u0641\u064a \u0641\u064a\u0636\u0627\u0646 \u0623\u064a \u0645\u0627\u0621."", ""editdist_solution0"": 1, ""uncorrected_solution1"": ""\u0633\u064a\u062c\u0639\u0644 \u0627\u0644\u0645\u0643\u0639\u0628 \u0627\u0644\u0641\u0648\u0644\u0627\u0630\u064a \u0627\u0644\u0645\u0632\u064a\u062f \u0645\u0646 \u0627\u0644\u0645\u0627\u0621 \u064a\u0641\u064a\u0636."", ""editdist_solution1"": 1, ""uncorrected_solution2"": ""\u0633\u064a\u062c\u0639\u0644\u0648\u0646 \u0646\u0641\u0633 \u0627\u0644\u0643\u0645\u064a\u0629 \u0645\u0646 \u0627\u0644\u0645\u0627\u0621 \u062a\u0641\u064a\u0636."", ""editdist_solution2"": 1, ""uncorrected_solution3"": ""\u0633\u064a\u062c\u0639\u0644 \u0627\u0644\u0645\u0643\u0639\u0628 \u0627\u0644\u0628\u0644\u0627\u0633\u062a\u064a\u0643\u064a \u0627\u0644\u0645\u0632\u064a\u062f \u0645\u0646 \u0627\u0644\u0645\u0627\u0621 \u064a\u0641\u064a\u0636."", ""editdist_solution3"": 1}"
بماذا يجب تنظيف موقع الحقن قبل الحقن بالإبرة؟,كرة قطنية مشبعة بالكحول,كرة قطنية مبللة بالماء,وسادة جلدية مبللة بالكحول,وسادة جلدية مشبعة بالماء,0,arb_arab,"Before injection with a needle, what should you clean the injection site with?",An alcohol-soaked cotton ball,A water-soaked cotton ball,An alcohol-soaked leather pad,A water-soaked leather pad,"object_properties_interactions,affordances",parallel_ex000073_arb_arab,"{""example_inspiration"": ""globalpiqa_nonparallel"", ""uncorrected_prompt"": ""\u0628\u0645\u0627\u0630\u0627 \u064a\u062c\u0628 \u062a\u0646\u0638\u064a\u0641 \u0645\u0648\u0642\u0639 \u0627\u0644\u062d\u0642\u0646 \u0642\u0628\u0644 \u0627\u0644\u062d\u0642\u0646 \u0628\u0627\u0644\u0625\u0628\u0631\u0629\u061f"", ""editdist_prompt"": 0, ""uncorrected_solution0"": ""\u0643\u0631\u0629 \u0642\u0637\u0646\u064a\u0629 \u0645\u0634\u0628\u0639\u0629 \u0628\u0627\u0644\u0643\u062d\u0648\u0644"", ""editdist_solution0"": 0, ""uncorrected_solution1"": ""\u0643\u0631\u0629 \u0642\u0637\u0646\u064a\u0629 \u0645\u0628\u0644\u0644\u0629 \u0628\u0627\u0644\u0645\u0627\u0621"", ""editdist_solution1"": 0, ""uncorrected_solution2"": ""\u0648\u0633\u0627\u062f\u0629 \u062c\u0644\u062f\u064a\u0629 \u0645\u0628\u0644\u0644\u0629 \u0628\u0627\u0644\u0643\u062d\u0648\u0644"", ""editdist_solution2"": 0, ""uncorrected_solution3"": ""\u0648\u0633\u0627\u062f\u0629 \u062c\u0644\u062f\u064a\u0629 \u0645\u0634\u0628\u0639\u0629 \u0628\u0627\u0644\u0645\u0627\u0621"", ""editdist_solution3"": 0}"
إذا كان الكوب البلاستيكي مشروخا، فماذا يمكن فعله لمنع تسرب الماء منه؟,لف الكوب بجورب,لف الكوب بكيس بلاستيكي,لف الكوب بخيط بلاستيكي,لف الكوب بالورق,1,arb_arab,"If a plastic cup is cracked, what can be done to stop the water from leaking out?",Wrap the cup with a sock,Wrap the cup with a plastic bag,Wrap the cup with a plastic string,Wrap the cup with paper,"object_properties_interactions,affordances",parallel_ex000074_arb_arab,"{""example_inspiration"": ""globalpiqa_nonparallel"", ""uncorrected_prompt"": ""\u0625\u0630\u0627 \u0643\u0627\u0646 \u0627\u0644\u0643\u0648\u0628 \u0627\u0644\u0628\u0644\u0627\u0633\u062a\u064a\u0643\u064a \u0645\u0634\u0631\u0648\u062e\u0627\u064b\u060c \u0641\u0645\u0627\u0630\u0627 \u064a\u0645\u0643\u0646 \u0641\u0639\u0644\u0647 \u0644\u0645\u0646\u0639 \u062a\u0633\u0631\u0628 \u0627\u0644\u0645\u0627\u0621 \u0645\u0646\u0647\u061f"", ""editdist_prompt"": 1, ""uncorrected_solution0"": ""\u0644\u064f\u0641\u0651\u064e \u0627\u0644\u0643\u0648\u0628\u064e \u0628\u0650\u062c\u064e\u0648\u0652\u0631\u064e\u0628\u064d."", ""editdist_solution0"": 10, ""uncorrected_solution1"": ""\u0644\u064f\u0641\u0651\u064e \u0627\u0644\u0643\u0648\u0628\u064e \u0628\u0643\u064a\u0633\u064d \u0628\u0644\u0627\u0633\u062a\u064a\u0643\u064a\u0651."", ""editdist_solution1"": 7, ""uncorrected_solution2"": ""\u0644\u064f\u0641\u0651\u064e \u0627\u0644\u0643\u0648\u0628 \u0628\u062e\u064a\u0637 \u0628\u0644\u0627\u0633\u062a\u064a\u0643\u064a."", ""editdist_solution2"": 4, ""uncorrected_solution3"": ""\u0644\u064f\u0641\u0651\u064e \u0627\u0644\u0643\u0648\u0628\u064e \u0628\u0627\u0644\u0648\u0631\u0642."", ""editdist_solution3"": 5}"
كم من الماء يملأ حوض استحمام متوسط؟,٥٠ لترا,١٠٠٠ لتر,٢٠٠ لتر,١٠ لترات,2,arb_arab,How much water fills an average bathtub?,50 liters,1000 liters,200 liters,10 liters,spatial,parallel_ex000075_arb_arab,"{""example_inspiration"": ""globalpiqa_nonparallel"", ""uncorrected_prompt"": ""\u0643\u0645 \u0645\u0646 \u0627\u0644\u0645\u0627\u0621 \u064a\u0645\u0644\u0623 \u062d\u0648\u0636 \u0627\u0633\u062a\u062d\u0645\u0627\u0645 \u0645\u062a\u0648\u0633\u0637\u061f"", ""editdist_prompt"": 0, ""uncorrected_solution0"": ""\u0665\u0660 \u0644\u062a\u0631\u0627\u064b"", ""editdist_solution0"": 1, ""uncorrected_solution1"": ""\u0661\u0660\u0660\u0660 \u0644\u062a\u0631"", ""editdist_solution1"": 0, ""uncorrected_solution2"": ""\u0662\u0660\u0660 \u0644\u062a\u0631"", ""editdist_solution2"": 0, ""uncorrected_solution3"": ""\u0661\u0660 \u0644\u062a\u0631\u0627\u062a"", ""editdist_solution3"": 0}"
كيف تجعل الشمعة تشتعل لفترة طويلة؟,غطه بكوب زجاجي,غطه بكوب معدني,لا تغطه,غطه بورق الألومنيوم,2,arb_arab,How do you make a candle burn for a long time?,Cover it with a glass cup,Cover it with a metal cup,Do not cover it,Cover it with aluminum foil,"object_properties_interactions,affordances",parallel_ex000076_arb_arab,"{""example_inspiration"": ""globalpiqa_nonparallel"", ""uncorrected_prompt"": ""\u0643\u064a\u0641 \u062a\u062c\u0639\u0644 \u0627\u0644\u0634\u0645\u0639\u0629 \u062a\u0634\u062a\u0639\u0644 \u0644\u0641\u062a\u0631\u0629 \u0637\u0648\u064a\u0644\u0629\u061f"", ""editdist_prompt"": 0, ""uncorrected_solution0"": ""\u063a\u064e\u0637\u0651\u0650\u0647\u0650 \u0628\u0650\u0643\u064e\u0648\u0652\u0628\u064d \u0632\u064f\u062c\u064e\u0627\u062c\u0650\u064a\u0651\u064d"", ""editdist_solution0"": 13, ""uncorrected_solution1"": ""\u063a\u064e\u0637\u0651\u0650\u0647\u0650 \u0628\u0650\u0643\u064f\u0648\u0628\u064d \u0645\u064e\u0639\u0652\u062f\u064e\u0646\u0650\u064a\u0651\u064d"", ""editdist_solution1"": 13, ""uncorrected_solution2"": ""\u0644\u0627 \u062a\u063a\u0637\u0651\u0647"", ""editdist_solution2"": 1, ""uncorrected_solution3"": ""\u063a\u0637\u0651\u0650\u0647 \u0628\u0648\u0631\u0642 \u0627\u0644\u0623\u0644\u0648\u0645\u0646\u064a\u0648\u0645"", ""editdist_solution3"": 2}"
بينما كانت الأم تكنس المنزل، صدمت المكنسة قطعة نقدية كانت على الأرض، فتدحرجت القطعة بعيدا تحت الثلاجة. ما الذي يمكنها استخدامه لإخراج القطعة النقدية؟,سكين,جورب,عصا,شوكة,2,arb_arab,"While mother was sweeping the house, a coin that was on the floor was hit by the broom. The coin rolled far under the refrigerator. What could she use to get the coin out?",A knife,A sock,A stick,A fork,"object_properties_interactions,affordances",parallel_ex000077_arb_arab,"{""example_inspiration"": ""globalpiqa_nonparallel"", ""uncorrected_prompt"": ""\u0628\u064a\u0646\u0645\u0627 \u0643\u0627\u0646\u062a \u0627\u0644\u0623\u0645 \u062a\u0643\u0646\u0633 \u0627\u0644\u0645\u0646\u0632\u0644\u060c \u0635\u062f\u0645\u062a \u0627\u0644\u0645\u0643\u0646\u0633\u0629 \u0642\u0637\u0639\u0629 \u0646\u0642\u062f\u064a\u0629 \u0643\u0627\u0646\u062a \u0639\u0644\u0649 \u0627\u0644\u0623\u0631\u0636\u060c \u0641\u062a\u062f\u062d\u0631\u062c\u062a \u0627\u0644\u0642\u0637\u0639\u0629 \u0628\u0639\u064a\u062f\u0627\u064b \u062a\u062d\u062a \u0627\u0644\u062b\u0644\u0627\u062c\u0629. \u0645\u0627 \u0627\u0644\u0630\u064a \u064a\u0645\u0643\u0646\u0647\u0627 \u0627\u0633\u062a\u062e\u062f\u0627\u0645\u0647 \u0644\u0625\u062e\u0631\u0627\u062c \u0627\u0644\u0642\u0637\u0639\u0629 \u0627\u0644\u0646\u0642\u062f\u064a\u0629\u061f"", ""editdist_prompt"": 1, ""uncorrected_solution0"": ""\u0633\u0650\u0643\u0651\u0650\u064a\u0646"", ""editdist_solution0"": 3, ""uncorrected_solution1"": ""\u062c\u064e\u0648\u0652\u0631\u064e\u0628"", ""editdist_solution1"": 3, ""uncorrected_solution2"": ""\u0639\u0635\u0627"", ""editdist_solution2"": 0, ""uncorrected_solution3"": ""\u0634\u0648\u0643\u0629"", ""editdist_solution3"": 0}"
لمنع الموز من النضج بسرعة كبيرة، أين يمكنك وضعه؟,في الثلاجة,في الشمس,في وعاء,في الفرن,0,arb_arab,"To stop a banana from ripening too fast, where can you put it?",In the refrigerator,In the sun,In a bowl,In the oven,"object_properties_interactions,affordances",parallel_ex000078_arb_arab,"{""example_inspiration"": ""globalpiqa_nonparallel"", ""uncorrected_prompt"": ""\u0644\u0645\u0646\u0639 \u0627\u0644\u0645\u0648\u0632 \u0645\u0646 \u0627\u0644\u0646\u0636\u062c \u0628\u0633\u0631\u0639\u0629 \u0643\u0628\u064a\u0631\u0629\u060c \u0623\u064a\u0646 \u064a\u0645\u0643\u0646\u0643 \u0648\u0636\u0639\u0647\u061f"", ""editdist_prompt"": 0, ""uncorrected_solution0"": ""\u0641\u064a \u0627\u0644\u062b\u0644\u0627\u062c\u0629"", ""editdist_solution0"": 0, ""uncorrected_solution1"": ""\u0641\u064a \u0627\u0644\u0634\u0645\u0633"", ""editdist_solution1"": 0, ""uncorrected_solution2"": ""\u0641\u064a \u0648\u0639\u0627\u0621"", ""editdist_solution2"": 0, ""uncorrected_solution3"": ""\u0641\u064a \u0627\u0644\u0641\u0631\u0646"", ""editdist_solution3"": 0}"
سيارة تنزلق خارج نطاق السيطرة. ما هو السيناريو الذي سيجعل السيارة تنزلق بشكل أسرع؟,فقدت السيارة إطارا,للسيارة إطارات جديدة,السيارة لديها إطارات متآكلة,السيارة بها إطار مثقوب,2,arb_arab,A car is skidding out of control. What scenario would make the car skid faster?,The car has lost a tire,The car has new tires,The car has worn out tires,The car has a punctured tire,object_properties_interactions,parallel_ex000079_arb_arab,"{""example_inspiration"": ""globalpiqa_nonparallel"", ""uncorrected_prompt"": ""\u0633\u064a\u0627\u0631\u0629 \u062a\u0646\u0632\u0644\u0642 \u062e\u0627\u0631\u062c \u0646\u0637\u0627\u0642 \u0627\u0644\u0633\u064a\u0637\u0631\u0629. \u0645\u0627 \u0647\u0648 \u0627\u0644\u0633\u064a\u0646\u0627\u0631\u064a\u0648 \u0627\u0644\u0630\u064a \u0633\u064a\u062c\u0639\u0644 \u0627\u0644\u0633\u064a\u0627\u0631\u0629 \u062a\u0646\u0632\u0644\u0642 \u0628\u0634\u0643\u0644 \u0623\u0633\u0631\u0639\u061f"", ""editdist_prompt"": 0, ""uncorrected_solution0"": ""\u0641\u0642\u062f\u062a \u0627\u0644\u0633\u064a\u0627\u0631\u0629 \u0625\u0637\u0627\u0631\u0627\u064b."", ""editdist_solution0"": 2, ""uncorrected_solution1"": ""\u0644\u0644\u0633\u064a\u0627\u0631\u0629 \u0625\u0637\u0627\u0631\u0627\u062a \u062c\u062f\u064a\u062f\u0629."", ""editdist_solution1"": 1, ""uncorrected_solution2"": ""\u0627\u0644\u0633\u064a\u0627\u0631\u0629 \u0644\u062f\u064a\u0647\u0627 \u0625\u0637\u0627\u0631\u0627\u062a \u0645\u062a\u0622\u0643\u0644\u0629."", ""editdist_solution2"": 1, ""uncorrected_solution3"": ""\u0627\u0644\u0633\u064a\u0627\u0631\u0629 \u0628\u0647\u0627 \u0625\u0637\u0627\u0631 \u0645\u062b\u0642\u0648\u0628."", ""editdist_solution3"": 1}"
لديك كوب من الماء العادي وكوب من الماء المالح. تضعهما في المجمد. أيهما سيتجمد بشكل أسرع؟,سيتجمد الماء العادي بشكل أسرع,سيتجمد الماء المالح بشكل أسرع,ستتجمد بنفس المعدل,سيتجمد الماء المالح فقط,0,arb_arab,You have a cup of plain water and a cup of salt water. You put both in the freezer. Which will freeze faster?,The plain water will freeze faster,The salt water will freeze faster,They will freeze at the same rate,Only the salt water will freeze,object_properties_interactions,parallel_ex000080_arb_arab,"{""example_inspiration"": ""globalpiqa_nonparallel"", ""uncorrected_prompt"": ""\u0644\u062f\u064a\u0643 \u0643\u0648\u0628 \u0645\u0646 \u0627\u0644\u0645\u0627\u0621 \u0627\u0644\u0639\u0627\u062f\u064a \u0648\u0643\u0648\u0628 \u0645\u0646 \u0627\u0644\u0645\u0627\u0621 \u0627\u0644\u0645\u0627\u0644\u062d. \u062a\u0636\u0639\u0647\u0645\u0627 \u0641\u064a \u0627\u0644\u0645\u062c\u0645\u062f. \u0623\u064a\u0647\u0645\u0627 \u0633\u064a\u062a\u062c\u0645\u062f \u0628\u0634\u0643\u0644 \u0623\u0633\u0631\u0639\u061f"", ""editdist_prompt"": 0, ""uncorrected_solution0"": ""\u0633\u064a\u062a\u062c\u0645\u062f \u0627\u0644\u0645\u0627\u0621 \u0627\u0644\u0639\u0627\u062f\u064a \u0628\u0634\u0643\u0644 \u0623\u0633\u0631\u0639."", ""editdist_solution0"": 1, ""uncorrected_solution1"": ""\u0633\u064a\u062a\u062c\u0645\u062f \u0627\u0644\u0645\u0627\u0621 \u0627\u0644\u0645\u0627\u0644\u062d \u0628\u0634\u0643\u0644 \u0623\u0633\u0631\u0639."", ""editdist_solution1"": 1, ""uncorrected_solution2"": ""\u0633\u062a\u062a\u062c\u0645\u062f \u0628\u0646\u0641\u0633 \u0627\u0644\u0645\u0639\u062f\u0644"", ""editdist_solution2"": 0, ""uncorrected_solution3"": ""\u0633\u064a\u062a\u062c\u0645\u062f \u0627\u0644\u0645\u0627\u0621 \u0627\u0644\u0645\u0627\u0644\u062d \u0641\u0642\u0637."", ""editdist_solution3"": 1}"
هناك منشفة مبللة ملقاة بشكل متجعد على أرضية الحمام. كيف يمكنك جعلها تجف بشكل أسرع؟,ابسط المنشفة واطوها إلى أربعة أرباع,افرد المنشفة واطوها مرة واحدة من المنتصف,افرد المنشفة ولا تطوها,اترك المنشفة كما هي,2,arb_arab,A wet towel is lying crumpled up on the bathroom floor. How should you make it dry faster?,Flatten out the towel and fold it into quarters,Flatten out the towel and fold it once in half,Flatten out the towel and do not fold it,Leave the towel as is,object_properties_interactions,parallel_ex000081_arb_arab,"{""example_inspiration"": ""globalpiqa_nonparallel"", ""uncorrected_prompt"": ""\u0647\u0646\u0627\u0643 \u0645\u0646\u0634\u0641\u0629 \u0645\u0628\u0644\u0644\u0629 \u0645\u0644\u0642\u0627\u0629 \u0628\u0634\u0643\u0644 \u0645\u062a\u062c\u0639\u062f \u0639\u0644\u0649 \u0623\u0631\u0636\u064a\u0629 \u0627\u0644\u062d\u0645\u0627\u0645. \u0643\u064a\u0641 \u064a\u0645\u0643\u0646\u0643 \u062c\u0639\u0644\u0647\u0627 \u062a\u062c\u0641 \u0628\u0634\u0643\u0644 \u0623\u0633\u0631\u0639\u061f"", ""editdist_prompt"": 0, ""uncorrected_solution0"": ""\u0627\u0628\u0633\u0637 \u0627\u0644\u0645\u0646\u0634\u0641\u0629 \u0648\u0627\u0637\u0648\u0647\u0627 \u0625\u0644\u0649 \u0623\u0631\u0628\u0639\u0629 \u0623\u0631\u0628\u0627\u0639."", ""editdist_solution0"": 1, ""uncorrected_solution1"": ""\u0627\u0641\u0631\u062f \u0627\u0644\u0645\u0646\u0634\u0641\u0629 \u0648\u0627\u0637\u0648\u0647\u0627 \u0645\u0631\u0629 \u0648\u0627\u062d\u062f\u0629 \u0645\u0646 \u0627\u0644\u0645\u0646\u062a\u0635\u0641."", ""editdist_solution1"": 1, ""uncorrected_solution2"": ""\u0627\u0641\u0631\u062f \u0627\u0644\u0645\u0646\u0634\u0641\u0629 \u0648\u0644\u0627 \u062a\u0637\u0648\u0647\u0627."", ""editdist_solution2"": 1, ""uncorrected_solution3"": ""\u0627\u062a\u0631\u0643 \u0627\u0644\u0645\u0646\u0634\u0641\u0629 \u0643\u0645\u0627 \u0647\u064a."", ""editdist_solution3"": 1}"
تصل إلى بحيرة وتريد التحقق من سمك الجليد. تضرب الجليد بعصا. ما نوع الصوت الذي يعني أن الجليد أكثر أمانا للمشي عليه؟,صوت منخفض ومكتوم,صوت له صدى,صوت حاد وعال,صوت قعقعة عال,0,arb_arab,You arrive at a lake and want to check the thickness of the ice. You hit the ice with a stick. What kind of sound would mean the ice is safer to walk on?,A dull low sound,An echoing sound,A sharp high sound,A high rattling sound,object_properties_interactions,parallel_ex000082_arb_arab,"{""example_inspiration"": ""globalpiqa_nonparallel"", ""uncorrected_prompt"": ""\u062a\u0635\u0644 \u0625\u0644\u0649 \u0628\u062d\u064a\u0631\u0629 \u0648\u062a\u0631\u064a\u062f \u0627\u0644\u062a\u062d\u0642\u0642 \u0645\u0646 \u0633\u0645\u0643 \u0627\u0644\u062c\u0644\u064a\u062f. \u062a\u0636\u0631\u0628 \u0627\u0644\u062c\u0644\u064a\u062f \u0628\u0639\u0635\u0627. \u0645\u0627 \u0646\u0648\u0639 \u0627\u0644\u0635\u0648\u062a \u0627\u0644\u0630\u064a \u064a\u0639\u0646\u064a \u0623\u0646 \u0627\u0644\u062c\u0644\u064a\u062f \u0623\u0643\u062b\u0631 \u0623\u0645\u0627\u0646\u0627\u064b \u0644\u0644\u0645\u0634\u064a \u0639\u0644\u064a\u0647\u061f"", ""editdist_prompt"": 1, ""uncorrected_solution0"": ""\u0635\u0648\u062a \u0645\u0646\u062e\u0641\u0636 \u0648\u0645\u0643\u062a\u0648\u0645"", ""editdist_solution0"": 0, ""uncorrected_solution1"": ""\u0635\u0648\u062a\u064c \u0644\u0647 \u0635\u062f\u0649"", ""editdist_solution1"": 1, ""uncorrected_solution2"": ""\u0635\u0648\u062a \u062d\u0627\u062f \u0648\u0639\u0627\u0644\u064d"", ""editdist_solution2"": 1, ""uncorrected_solution3"": ""\u0635\u064e\u0648\u0652\u062a\u064f \u0642\u064e\u0639\u0652\u0642\u064e\u0639\u064e\u0629\u064d \u0639\u064e\u0627\u0644\u064d"", ""editdist_solution3"": 10}"
يمشي شخص في ثلج عميق وهش، فتغوص قدماه مسافة 20 سم في الثلج. ويمشي شخص له نفس الوزن ولكن قدماه أكبر بكثير في الثلج نفسه. فإلى أي مدى ستغوص قدما الشخص الثاني في الثلج؟,٢٠ سنتيمتر,أكثر من ٢٠ سنتيمترا,أقل من ٢٠ سم,أكثر من ٤٠ سنتيمترا,2,arb_arab,"A person is walking in deep, fluffy snow, and their feet sink 20cm into the snow. A person with the same weight but much larger feet walks in the same snow. How much will the second person's feet sink into the snow?",20cm,More than 20cm,Less than 20cm,More than 40cm,object_properties_interactions,parallel_ex000083_arb_arab,"{""example_inspiration"": ""globalpiqa_nonparallel"", ""uncorrected_prompt"": ""\u064a\u0645\u0634\u064a \u0634\u062e\u0635 \u0641\u064a \u062b\u0644\u062c \u0639\u0645\u064a\u0642 \u0648\u0647\u0634\u060c \u0641\u062a\u063a\u0648\u0635 \u0642\u062f\u0645\u0627\u0647 \u0645\u0633\u0627\u0641\u0629 20 \u0633\u0645 \u0641\u064a \u0627\u0644\u062b\u0644\u062c. \u0648\u064a\u0645\u0634\u064a \u0634\u062e\u0635 \u0644\u0647 \u0646\u0641\u0633 \u0627\u0644\u0648\u0632\u0646 \u0648\u0644\u0643\u0646 \u0642\u062f\u0645\u0627\u0647 \u0623\u0643\u0628\u0631 \u0628\u0643\u062b\u064a\u0631 \u0641\u064a \u0627\u0644\u062b\u0644\u062c \u0646\u0641\u0633\u0647. \u0641\u0625\u0644\u0649 \u0623\u064a \u0645\u062f\u0649 \u0633\u062a\u063a\u0648\u0635 \u0642\u062f\u0645\u0627 \u0627\u0644\u0634\u062e\u0635 \u0627\u0644\u062b\u0627\u0646\u064a \u0641\u064a \u0627\u0644\u062b\u0644\u062c\u061f"", ""editdist_prompt"": 0, ""uncorrected_solution0"": ""\u0662\u0660 \u0633\u0646\u062a\u064a\u0645\u062a\u0631"", ""editdist_solution0"": 0, ""uncorrected_solution1"": ""\u0623\u0643\u062b\u0631 \u0645\u0646 \u0662\u0660 \u0633\u0646\u062a\u064a\u0645\u062a\u0631\u0627\u064b"", ""editdist_solution1"": 1, ""uncorrected_solution2"": ""\u0623\u0642\u0644 \u0645\u0646 \u0662\u0660 \u0633\u0645"", ""editdist_solution2"": 0, ""uncorrected_solution3"": ""\u0623\u0643\u062b\u0631 \u0645\u0646 \u0664\u0660 \u0633\u0646\u062a\u064a\u0645\u062a\u0631\u0627\u064b"", ""editdist_solution3"": 1}"
الموعد النهائي للتقرير هو بعد أسبوعين من اليوم. سنجتمع بشأن التقرير بعد أسبوع واحد. إذا تأجل الاجتماع لمدة أسبوعين، فهل سيظل قبل الموعد النهائي للتقرير؟,نعم,معلومات غير كافية,غير قادر على الإجابة,لا,3,arb_arab,"The deadline for a report is two weeks from today. We will meet about the report in one week. If the meeting is postponed by two weeks, will it still be before the report deadline?",Yes,Not enough information,Unable to answer,No,time,parallel_ex000084_arb_arab,"{""example_inspiration"": ""globalpiqa_nonparallel"", ""uncorrected_prompt"": ""\u0627\u0644\u0645\u0648\u0639\u062f \u0627\u0644\u0646\u0647\u0627\u0626\u064a \u0644\u0644\u062a\u0642\u0631\u064a\u0631 \u0647\u0648 \u0628\u0639\u062f \u0623\u0633\u0628\u0648\u0639\u064a\u0646 \u0645\u0646 \u0627\u0644\u064a\u0648\u0645. \u0633\u0646\u062c\u062a\u0645\u0639 \u0628\u0634\u0623\u0646 \u0627\u0644\u062a\u0642\u0631\u064a\u0631 \u0628\u0639\u062f \u0623\u0633\u0628\u0648\u0639 \u0648\u0627\u062d\u062f. \u0625\u0630\u0627 \u062a\u0623\u062c\u0644 \u0627\u0644\u0627\u062c\u062a\u0645\u0627\u0639 \u0644\u0645\u062f\u0629 \u0623\u0633\u0628\u0648\u0639\u064a\u0646\u060c \u0641\u0647\u0644 \u0633\u064a\u0638\u0644 \u0642\u0628\u0644 \u0627\u0644\u0645\u0648\u0639\u062f \u0627\u0644\u0646\u0647\u0627\u0626\u064a \u0644\u0644\u062a\u0642\u0631\u064a\u0631\u061f"", ""editdist_prompt"": 0, ""uncorrected_solution0"": ""\u0646\u0639\u0645"", ""editdist_solution0"": 0, ""uncorrected_solution1"": ""\u0645\u0639\u0644\u0648\u0645\u0627\u062a \u063a\u064a\u0631 \u0643\u0627\u0641\u064a\u0629"", ""editdist_solution1"": 0, ""uncorrected_solution2"": ""\u063a\u064a\u0631 \u0642\u0627\u062f\u0631 \u0639\u0644\u0649 \u0627\u0644\u0625\u062c\u0627\u0628\u0629"", ""editdist_solution2"": 0, ""uncorrected_solution3"": ""\u0644\u0627"", ""editdist_solution3"": 0}"
يستمتع بعض الأطفال بصنع حيوانات وطيور مختلفة بظلال اليد على الحائط. كيف تصنع هذه الظلال بيدك؟,اصنع أشكال حيوانات بيدك، ثم ضع يدك تحت المصباح,اصنع أشكال حيوانات بيدك، ثم ضع يدك بين المصباح والجدار,اصنع أشكال حيوانات بيدك، ثم ضع المصباح بين يدك والجدار,اصنع أشكال حيوانات بيدك، ثم ضع يدك على الحائط,1,arb_arab,Some children enjoy making different animals and birds with hand shadows on the wall. How do you make these shadows with your hand?,"Make animal shapes with your hand, then place your hand underneath the lamp","Make animal shapes with your hand, then place your hand between the lamp and the wall","Make animal shapes with your hand, then place the lamp between your hand and the wall","Make animal shapes with your hand, then place your hand on the wall",spatial,parallel_ex000085_arb_arab,"{""example_inspiration"": ""globalpiqa_nonparallel"", ""uncorrected_prompt"": ""\u064a\u0633\u062a\u0645\u062a\u0639 \u0628\u0639\u0636 \u0627\u0644\u0623\u0637\u0641\u0627\u0644 \u0628\u0635\u0646\u0639 \u062d\u064a\u0648\u0627\u0646\u0627\u062a \u0648\u0637\u064a\u0648\u0631 \u0645\u062e\u062a\u0644\u0641\u0629 \u0628\u0638\u0644\u0627\u0644 \u0627\u0644\u064a\u062f \u0639\u0644\u0649 \u0627\u0644\u062d\u0627\u0626\u0637. \u0643\u064a\u0641 \u062a\u0635\u0646\u0639 \u0647\u0630\u0647 \u0627\u0644\u0638\u0644\u0627\u0644 \u0628\u064a\u062f\u0643\u061f"", ""editdist_prompt"": 0, ""uncorrected_solution0"": ""\u0627\u0635\u0646\u0639 \u0623\u0634\u0643\u0627\u0644 \u062d\u064a\u0648\u0627\u0646\u0627\u062a \u0628\u064a\u062f\u0643\u060c \u062b\u0645 \u0636\u0639 \u064a\u062f\u0643 \u062a\u062d\u062a \u0627\u0644\u0645\u0635\u0628\u0627\u062d."", ""editdist_solution0"": 1, ""uncorrected_solution1"": ""\u0627\u0635\u0646\u0639 \u0623\u0634\u0643\u0627\u0644 \u062d\u064a\u0648\u0627\u0646\u0627\u062a \u0628\u064a\u062f\u0643\u060c \u062b\u0645 \u0636\u0639 \u064a\u062f\u0643 \u0628\u064a\u0646 \u0627\u0644\u0645\u0635\u0628\u0627\u062d \u0648\u0627\u0644\u062c\u062f\u0627\u0631."", ""editdist_solution1"": 1, ""uncorrected_solution2"": ""\u0627\u0635\u0646\u0639 \u0623\u0634\u0643\u0627\u0644 \u062d\u064a\u0648\u0627\u0646\u0627\u062a \u0628\u064a\u062f\u0643\u060c \u062b\u0645 \u0636\u0639 \u0627\u0644\u0645\u0635\u0628\u0627\u062d \u0628\u064a\u0646 \u064a\u062f\u0643 \u0648\u0627\u0644\u062c\u062f\u0627\u0631."", ""editdist_solution2"": 1, ""uncorrected_solution3"": ""\u0627\u0635\u0646\u0639 \u0623\u0634\u0643\u0627\u0644 \u062d\u064a\u0648\u0627\u0646\u0627\u062a \u0628\u064a\u062f\u0643\u060c \u062b\u0645 \u0636\u0639 \u064a\u062f\u0643 \u0639\u0644\u0649 \u0627\u0644\u062d\u0627\u0626\u0637."", ""editdist_solution3"": 1}"
ماذا سيحدث لو ملأنا وعاء زجاجيا بالماء تماما، وأحكمنا إغلاقه، وتركناه في الخارج في البرد القارس لمدة يوم؟,سيتمدد الزجاج,سيتصلب الزجاج,سينكسر الزجاج,سيتسع الكوب للثلج,2,arb_arab,"What would happen if we completely fill a glass container with water, seal it, and leave it outdoors in the freezing cold for a day?",The glass would expand,The glass would harden,The glass would break,The glass would hold the ice,object_properties_interactions,parallel_ex000086_arb_arab,"{""example_inspiration"": ""globalpiqa_nonparallel"", ""uncorrected_prompt"": ""\u0645\u0627\u0630\u0627 \u0633\u064a\u062d\u062f\u062b \u0644\u0648 \u0645\u0644\u0623\u0646\u0627 \u0648\u0639\u0627\u0621\u064b \u0632\u062c\u0627\u062c\u064a\u0627\u064b \u0628\u0627\u0644\u0645\u0627\u0621 \u062a\u0645\u0627\u0645\u0627\u064b\u060c \u0648\u0623\u062d\u0643\u0645\u0646\u0627 \u0625\u063a\u0644\u0627\u0642\u0647\u060c \u0648\u062a\u0631\u0643\u0646\u0627\u0647 \u0641\u064a \u0627\u0644\u062e\u0627\u0631\u062c \u0641\u064a \u0627\u0644\u0628\u0631\u062f \u0627\u0644\u0642\u0627\u0631\u0633 \u0644\u0645\u062f\u0629 \u064a\u0648\u0645\u061f"", ""editdist_prompt"": 3, ""uncorrected_solution0"": ""\u0633\u064a\u062a\u0645\u062f\u062f \u0627\u0644\u0632\u062c\u0627\u062c"", ""editdist_solution0"": 0, ""uncorrected_solution1"": ""\u0633\u064a\u062a\u0635\u0644\u0628 \u0627\u0644\u0632\u062c\u0627\u062c"", ""editdist_solution1"": 0, ""uncorrected_solution2"": ""\u0633\u064a\u0646\u0643\u0633\u0631 \u0627\u0644\u0632\u062c\u0627\u062c"", ""editdist_solution2"": 0, ""uncorrected_solution3"": ""\u0633\u064a\u062a\u0633\u0639 \u0627\u0644\u0643\u0648\u0628 \u0644\u0644\u062b\u0644\u062c."", ""editdist_solution3"": 1}"
تقول الوصفة إنه يجب عليك خلط المكونات السائلة والجافة بشكل منفصل. أي المكونات سيتم خلطها معا؟,سكر وماء، دقيق وملح,سكر ودقيق، زيت وملح,سكر ودقيق، زيت وماء,سكر وماء، دقيق وزيت,2,arb_arab,A recipe says that you have to mix the wet and dry ingredients separately. Which ingredients would be mixed together?,"Sugar and water, flour and salt","Sugar and flour, oil and salt","Sugar and flour, oil and water","Sugar and water, flour and oil",object_properties_interactions,parallel_ex000087_arb_arab,"{""example_inspiration"": ""globalpiqa_nonparallel"", ""uncorrected_prompt"": ""\u062a\u0642\u0648\u0644 \u0627\u0644\u0648\u0635\u0641\u0629 \u0625\u0646\u0647 \u064a\u062c\u0628 \u0639\u0644\u064a\u0643 \u062e\u0644\u0637 \u0627\u0644\u0645\u0643\u0648\u0646\u0627\u062a \u0627\u0644\u0633\u0627\u0626\u0644\u0629 \u0648\u0627\u0644\u062c\u0627\u0641\u0629 \u0628\u0634\u0643\u0644 \u0645\u0646\u0641\u0635\u0644. \u0623\u064a \u0627\u0644\u0645\u0643\u0648\u0646\u0627\u062a \u0633\u064a\u062a\u0645 \u062e\u0644\u0637\u0647\u0627 \u0645\u0639\u0627\u064b\u061f"", ""editdist_prompt"": 1, ""uncorrected_solution0"": ""\u0633\u0643\u0631 \u0648\u0645\u0627\u0621\u060c \u062f\u0642\u064a\u0642 \u0648\u0645\u0644\u062d"", ""editdist_solution0"": 0, ""uncorrected_solution1"": ""\u0633\u0643\u0631 \u0648\u062f\u0642\u064a\u0642\u060c \u0632\u064a\u062a \u0648\u0645\u0644\u062d"", ""editdist_solution1"": 0, ""uncorrected_solution2"": ""\u0633\u0643\u0631 \u0648\u062f\u0642\u064a\u0642\u060c \u0632\u064a\u062a \u0648\u0645\u0627\u0621"", ""editdist_solution2"": 0, ""uncorrected_solution3"": ""\u0633\u0643\u0631 \u0648\u0645\u0627\u0621\u060c \u062f\u0642\u064a\u0642 \u0648\u0632\u064a\u062a"", ""editdist_solution3"": 0}"
لدينا لتر واحد من الحليب ونريد سكب الحليب كله في أكواب. ليس لدينا سوى ثلاثة أكواب. أي مجموعة من الأحجام ستتمكن من استيعاب كل الحليب؟,كوبان سعة 0.4 لتر وكوب واحد سعة 0.3 لتر,كوبان سعة ٠٫٢ لتر وكوب واحد سعة ٠٫٥ لتر,كوبان سعة ٠.٣ لتر وكوب واحد سعة ٠.٢ لتر,ثلاثة أكواب سعة ٠٫٣ لتر,0,arb_arab,We have 1 liter of milk and we want to pour all the milk into glasses. We only have three glasses. Which combination of sizes will be able to hold all the milk?,Two glasses of 0.4L and one glass of 0.3L,Two glasses of 0.2L and one glass of 0.5L,Two glasses of 0.3L and one glass of 0.2L,Three glasses of 0.3L,counting,parallel_ex000088_arb_arab,"{""example_inspiration"": ""globalpiqa_nonparallel"", ""uncorrected_prompt"": ""\u0644\u062f\u064a\u0646\u0627 \u0644\u062a\u0631 \u0648\u0627\u062d\u062f \u0645\u0646 \u0627\u0644\u062d\u0644\u064a\u0628 \u0648\u0646\u0631\u064a\u062f \u0633\u0643\u0628 \u0627\u0644\u062d\u0644\u064a\u0628 \u0643\u0644\u0647 \u0641\u064a \u0623\u0643\u0648\u0627\u0628. \u0644\u064a\u0633 \u0644\u062f\u064a\u0646\u0627 \u0633\u0648\u0649 \u062b\u0644\u0627\u062b\u0629 \u0623\u0643\u0648\u0627\u0628. \u0623\u064a \u0645\u062c\u0645\u0648\u0639\u0629 \u0645\u0646 \u0627\u0644\u0623\u062d\u062c\u0627\u0645 \u0633\u062a\u062a\u0645\u0643\u0646 \u0645\u0646 \u0627\u0633\u062a\u064a\u0639\u0627\u0628 \u0643\u0644 \u0627\u0644\u062d\u0644\u064a\u0628\u061f"", ""editdist_prompt"": 0, ""uncorrected_solution0"": ""\u0643\u0648\u0628\u0627\u0646 \u0633\u0639\u0629 0.4 \u0644\u062a\u0631 \u0648\u0643\u0648\u0628 \u0648\u0627\u062d\u062f \u0633\u0639\u0629 0.3 \u0644\u062a\u0631"", ""editdist_solution0"": 0, ""uncorrected_solution1"": ""\u0643\u0648\u0628\u0627\u0646 \u0633\u0639\u0629 \u0660\u066b\u0662 \u0644\u062a\u0631 \u0648\u0643\u0648\u0628 \u0648\u0627\u062d\u062f \u0633\u0639\u0629 \u0660\u066b\u0665 \u0644\u062a\u0631"", ""editdist_solution1"": 0, ""uncorrected_solution2"": ""\u0643\u0648\u0628\u0627\u0646 \u0633\u0639\u0629 \u0660.\u0663 \u0644\u062a\u0631 \u0648\u0643\u0648\u0628 \u0648\u0627\u062d\u062f \u0633\u0639\u0629 \u0660.\u0662 \u0644\u062a\u0631"", ""editdist_solution2"": 0, ""uncorrected_solution3"": ""\u062b\u0644\u0627\u062b\u0629 \u0623\u0643\u0648\u0627\u0628 \u0633\u0639\u0629 \u0660\u066b\u0663 \u0644\u062a\u0631"", ""editdist_solution3"": 0}"
هناك ورقة، وكوب زجاجي، وبيضة. كيف تضعهم في صندوق لحماية البيضة من الكسر بأفضل شكل ممكن؟,لف البيضة بالورقة، ثم ضعها داخل الكوب,ضع البيضة في الكوب، ثم غلف الكوب بالورقة,لف البيضة بالورقة، ثم ضعها بجانب الكوب,لف الكوب بالورقة، ثم ضعه بجانب البيضة,0,arb_arab,"There is a sheet of paper, a glass cup, and an egg. How would you place them in a box to best protect the egg from breaking?","Wrap the egg with the paper, then put it inside the cup","Put the egg in the cup, then wrap the cup with the paper","Wrap the egg with the paper, then put it next to the cup","Wrap the cup with the paper, then put it next to the egg","object_properties_interactions,affordances",parallel_ex000089_arb_arab,"{""example_inspiration"": ""globalpiqa_nonparallel"", ""uncorrected_prompt"": ""\u0647\u0646\u0627\u0643 \u0648\u0631\u0642\u0629\u060c \u0648\u0643\u0648\u0628 \u0632\u062c\u0627\u062c\u064a\u060c \u0648\u0628\u064a\u0636\u0629. \u0643\u064a\u0641 \u062a\u0636\u0639\u0647\u0645 \u0641\u064a \u0635\u0646\u062f\u0648\u0642 \u0644\u062d\u0645\u0627\u064a\u0629 \u0627\u0644\u0628\u064a\u0636\u0629 \u0645\u0646 \u0627\u0644\u0643\u0633\u0631 \u0628\u0623\u0641\u0636\u0644 \u0634\u0643\u0644 \u0645\u0645\u0643\u0646\u061f"", ""editdist_prompt"": 0, ""uncorrected_solution0"": ""\u0644\u064f\u0641\u0651\u064e \u0627\u0644\u0628\u064a\u0636\u0629 \u0628\u0627\u0644\u0648\u0631\u0642\u0629\u060c \u062b\u0645 \u0636\u0639\u0647\u0627 \u062f\u0627\u062e\u0644 \u0627\u0644\u0643\u0648\u0628."", ""editdist_solution0"": 4, ""uncorrected_solution1"": ""\u0636\u0639 \u0627\u0644\u0628\u064a\u0636\u0629 \u0641\u064a \u0627\u0644\u0643\u0648\u0628\u060c \u062b\u0645 \u063a\u0644\u0651\u0641 \u0627\u0644\u0643\u0648\u0628 \u0628\u0627\u0644\u0648\u0631\u0642\u0629."", ""editdist_solution1"": 2, ""uncorrected_solution2"": ""\u0644\u064f\u0641\u0651\u064e \u0627\u0644\u0628\u064a\u0636\u0629 \u0628\u0627\u0644\u0648\u0631\u0642\u0629\u060c \u062b\u0645 \u0636\u0639\u0647\u0627 \u0628\u062c\u0627\u0646\u0628 \u0627\u0644\u0643\u0648\u0628."", ""editdist_solution2"": 4, ""uncorrected_solution3"": ""\u0644\u064f\u0641\u0651\u064e \u0627\u0644\u0643\u0648\u0628 \u0628\u0627\u0644\u0648\u0631\u0642\u0629\u060c \u062b\u0645 \u0636\u0639\u0647 \u0628\u062c\u0627\u0646\u0628 \u0627\u0644\u0628\u064a\u0636\u0629."", ""editdist_solution3"": 4}"
شاحنة ممتلئة بالماء تسير على طريق. فجأة، اضطرت للتوقف. وأثناء توقفها، إلى أين سيذهب الماء؟,سيتحرك الماء نحو أسفل الشاحنة,سيتحرك الماء باتجاه مقدمة الشاحنة,سيتحرك الماء نحو مؤخرة الشاحنة,لن يتحرك الماء,1,arb_arab,"A truck full of water is driving down a road. Suddenly, it has to stop. As it is stopping, where will the water go?",The water will move towards the bottom of the truck,The water will move towards the front of the truck,The water will move towards the back of the truck,The water will not move,object_properties_interactions,parallel_ex000090_arb_arab,"{""example_inspiration"": ""new"", ""uncorrected_prompt"": ""\u0634\u0627\u062d\u0646\u0629 \u0645\u0645\u062a\u0644\u0626\u0629 \u0628\u0627\u0644\u0645\u0627\u0621 \u062a\u0633\u064a\u0631 \u0639\u0644\u0649 \u0637\u0631\u064a\u0642. \u0641\u062c\u0623\u0629\u060c \u0627\u0636\u0637\u0631\u062a \u0644\u0644\u062a\u0648\u0642\u0641. \u0648\u0623\u062b\u0646\u0627\u0621 \u062a\u0648\u0642\u0641\u0647\u0627\u060c \u0625\u0644\u0649 \u0623\u064a\u0646 \u0633\u064a\u0630\u0647\u0628 \u0627\u0644\u0645\u0627\u0621\u061f"", ""editdist_prompt"": 0, ""uncorrected_solution0"": ""\u0633\u064a\u062a\u062d\u0631\u0643 \u0627\u0644\u0645\u0627\u0621 \u0646\u062d\u0648 \u0623\u0633\u0641\u0644 \u0627\u0644\u0634\u0627\u062d\u0646\u0629."", ""editdist_solution0"": 1, ""uncorrected_solution1"": ""\u0633\u064a\u062a\u062d\u0631\u0643 \u0627\u0644\u0645\u0627\u0621 \u0628\u0627\u062a\u062c\u0627\u0647 \u0645\u0642\u062f\u0645\u0629 \u0627\u0644\u0634\u0627\u062d\u0646\u0629."", ""editdist_solution1"": 1, ""uncorrected_solution2"": ""\u0633\u064a\u062a\u062d\u0631\u0643 \u0627\u0644\u0645\u0627\u0621 \u0646\u062d\u0648 \u0645\u0624\u062e\u0631\u0629 \u0627\u0644\u0634\u0627\u062d\u0646\u0629."", ""editdist_solution2"": 1, ""uncorrected_solution3"": ""\u0644\u0646 \u064a\u062a\u062d\u0631\u0643 \u0627\u0644\u0645\u0627\u0621\u064f."", ""editdist_solution3"": 2}"
جيمس يرسم مشهدا لحديقة، ولكن ليس لديه طلاء أخضر. ما هي الألوان التي يمكنه خلطها للحصول على اللون الأخضر؟,أصفر وأسود,أزرق وأصفر,أزرق وأحمر,أزرق وأبيض,1,arb_arab,"James is painting a garden scene, but he has no green paint. What paints could he mix to get green?",Yellow and black,Blue and yellow,Blue and red,Blue and white,object_properties_interactions,parallel_ex000091_arb_arab,"{""example_inspiration"": ""new"", ""uncorrected_prompt"": ""\u062c\u064a\u0645\u0633 \u064a\u0631\u0633\u0645 \u0645\u0634\u0647\u062f\u0627\u064b \u0644\u062d\u062f\u064a\u0642\u0629\u060c \u0648\u0644\u0643\u0646 \u0644\u064a\u0633 \u0644\u062f\u064a\u0647 \u0637\u0644\u0627\u0621 \u0623\u062e\u0636\u0631. \u0645\u0627 \u0647\u064a \u0627\u0644\u0623\u0644\u0648\u0627\u0646 \u0627\u0644\u062a\u064a \u064a\u0645\u0643\u0646\u0647 \u062e\u0644\u0637\u0647\u0627 \u0644\u0644\u062d\u0635\u0648\u0644 \u0639\u0644\u0649 \u0627\u0644\u0644\u0648\u0646 \u0627\u0644\u0623\u062e\u0636\u0631\u061f"", ""editdist_prompt"": 1, ""uncorrected_solution0"": ""\u0623\u0635\u0641\u0631 \u0648\u0623\u0633\u0648\u062f"", ""editdist_solution0"": 0, ""uncorrected_solution1"": ""\u0623\u0632\u0631\u0642 \u0648\u0623\u0635\u0641\u0631"", ""editdist_solution1"": 0, ""uncorrected_solution2"": ""\u0623\u0632\u0631\u0642 \u0648\u0623\u062d\u0645\u0631"", ""editdist_solution2"": 0, ""uncorrected_solution3"": ""\u0623\u0632\u0631\u0642 \u0648\u0623\u0628\u064a\u0636"", ""editdist_solution3"": 0}"
يخبز أليكس كعكة برتقال، ويحتاج إلى إضافة ملون طعام ليجعلها برتقالية اللون. ما هو ملون الطعام الذي يجب عليه إضافته؟,قطرتان من الأحمر وقطرة من الأصفر,قطرة واحدة من الأحمر وقطرتان من الأصفر,قطرة واحدة من الأحمر وقطرة واحدة من الأزرق,قطرة واحدة من الأصفر وقطرة واحدة من الأزرق,1,arb_arab,"Alex is baking an orange cake, and he needs to add food coloring to make it orange. What food coloring should he add?",Two drops of red and one drop of yellow,One drop of red and two drops of yellow,One drop of red and one drop of blue,One drop of yellow and one drop of blue,object_properties_interactions,parallel_ex000092_arb_arab,"{""example_inspiration"": ""new"", ""uncorrected_prompt"": ""\u064a\u062e\u0628\u0632 \u0623\u0644\u064a\u0643\u0633 \u0643\u0639\u0643\u0629 \u0628\u0631\u062a\u0642\u0627\u0644\u060c \u0648\u064a\u062d\u062a\u0627\u062c \u0625\u0644\u0649 \u0625\u0636\u0627\u0641\u0629 \u0645\u0644\u0648\u0646 \u0637\u0639\u0627\u0645 \u0644\u064a\u062c\u0639\u0644\u0647\u0627 \u0628\u0631\u062a\u0642\u0627\u0644\u064a\u0629 \u0627\u0644\u0644\u0648\u0646. \u0645\u0627 \u0647\u0648 \u0645\u0644\u0648\u0646 \u0627\u0644\u0637\u0639\u0627\u0645 \u0627\u0644\u0630\u064a \u064a\u062c\u0628 \u0639\u0644\u064a\u0647 \u0625\u0636\u0627\u0641\u062a\u0647\u061f"", ""editdist_prompt"": 0, ""uncorrected_solution0"": ""\u0642\u0637\u0631\u062a\u0627\u0646 \u0645\u0646 \u0627\u0644\u0623\u062d\u0645\u0631 \u0648\u0642\u0637\u0631\u0629 \u0645\u0646 \u0627\u0644\u0623\u0635\u0641\u0631"", ""editdist_solution0"": 0, ""uncorrected_solution1"": ""\u0642\u0637\u0631\u0629 \u0648\u0627\u062d\u062f\u0629 \u0645\u0646 \u0627\u0644\u0623\u062d\u0645\u0631 \u0648\u0642\u0637\u0631\u062a\u0627\u0646 \u0645\u0646 \u0627\u0644\u0623\u0635\u0641\u0631"", ""editdist_solution1"": 0, ""uncorrected_solution2"": ""\u0642\u0637\u0631\u0629 \u0648\u0627\u062d\u062f\u0629 \u0645\u0646 \u0627\u0644\u0623\u062d\u0645\u0631 \u0648\u0642\u0637\u0631\u0629 \u0648\u0627\u062d\u062f\u0629 \u0645\u0646 \u0627\u0644\u0623\u0632\u0631\u0642."", ""editdist_solution2"": 1, ""uncorrected_solution3"": ""\u0642\u0637\u0631\u0629 \u0648\u0627\u062d\u062f\u0629 \u0645\u0646 \u0627\u0644\u0623\u0635\u0641\u0631 \u0648\u0642\u0637\u0631\u0629 \u0648\u0627\u062d\u062f\u0629 \u0645\u0646 \u0627\u0644\u0623\u0632\u0631\u0642"", ""editdist_solution3"": 0}"
لصنع وسادة خارجية مؤقتة، ماذا يمكنك أن تفعل؟,املأ حقيبة بالحجارة,املأ كيسا بالماء,املأ كيسا بالأوراق,املأ كيسا بالأغصان,2,arb_arab,"To make a temporary outdoor pillow, what could you do?",Fill a bag with stones,Fill a bag with water,Fill a bag with leaves,Fill a bag with twigs,"object_properties_interactions,affordances",parallel_ex000093_arb_arab,"{""example_inspiration"": ""new"", ""uncorrected_prompt"": ""\u0644\u0635\u0646\u0639 \u0648\u0633\u0627\u062f\u0629 \u062e\u0627\u0631\u062c\u064a\u0629 \u0645\u0624\u0642\u062a\u0629\u060c \u0645\u0627\u0630\u0627 \u064a\u0645\u0643\u0646\u0643 \u0623\u0646 \u062a\u0641\u0639\u0644\u061f"", ""editdist_prompt"": 0, ""uncorrected_solution0"": ""\u0627\u0645\u0644\u0623 \u062d\u0642\u064a\u0628\u0629\u064b \u0628\u0627\u0644\u062d\u062c\u0627\u0631\u0629."", ""editdist_solution0"": 2, ""uncorrected_solution1"": ""\u0627\u0645\u0652\u0644\u0623 \u0643\u064a\u0633\u0627\u064b \u0628\u0627\u0644\u0645\u0627\u0621."", ""editdist_solution1"": 3, ""uncorrected_solution2"": ""\u0627\u0645\u0644\u0623 \u0643\u064a\u0633\u0627\u064b \u0628\u0627\u0644\u0623\u0648\u0631\u0627\u0642."", ""editdist_solution2"": 2, ""uncorrected_solution3"": ""\u0627\u0645\u0644\u0623 \u0643\u064a\u0633\u0627\u064b \u0628\u0627\u0644\u0623\u063a\u0635\u0627\u0646."", ""editdist_solution3"": 2}"
وضعت بعض البسكويت في الفرن قبل القيام ببعض الأعمال المنزلية. ما هي الأعمال المنزلية التي لن يكون من الممكن إنهاؤها قبل أن يحين وقت إخراج البسكويت من الفرن؟,طي الغسيل,غسل الأطباق,كنس الأرض,تجفيف الغسيل,3,arb_arab,You put some cookies in the oven before doing some housework. What housework would not be possible to finish before the cookies need to be taken out of the oven?,Folding the laundry,Washing the dishes,Sweeping the floor,Drying the laundry,time,parallel_ex000094_arb_arab,"{""example_inspiration"": ""new"", ""uncorrected_prompt"": ""\u0648\u0636\u0639\u062a\u064e \u0628\u0639\u0636 \u0627\u0644\u0628\u0633\u0643\u0648\u064a\u062a \u0641\u064a \u0627\u0644\u0641\u0631\u0646 \u0642\u0628\u0644 \u0627\u0644\u0642\u064a\u0627\u0645 \u0628\u0628\u0639\u0636 \u0627\u0644\u0623\u0639\u0645\u0627\u0644 \u0627\u0644\u0645\u0646\u0632\u0644\u064a\u0629. \u0645\u0627 \u0647\u064a \u0627\u0644\u0623\u0639\u0645\u0627\u0644 \u0627\u0644\u0645\u0646\u0632\u0644\u064a\u0629 \u0627\u0644\u062a\u064a \u0644\u0646 \u064a\u0643\u0648\u0646 \u0645\u0646 \u0627\u0644\u0645\u0645\u0643\u0646 \u0625\u0646\u0647\u0627\u0624\u0647\u0627 \u0642\u0628\u0644 \u0623\u0646 \u064a\u062d\u064a\u0646 \u0648\u0642\u062a \u0625\u062e\u0631\u0627\u062c \u0627\u0644\u0628\u0633\u0643\u0648\u064a\u062a \u0645\u0646 \u0627\u0644\u0641\u0631\u0646\u061f"", ""editdist_prompt"": 1, ""uncorrected_solution0"": ""\u0637\u064a \u0627\u0644\u063a\u0633\u064a\u0644"", ""editdist_solution0"": 0, ""uncorrected_solution1"": ""\u063a\u0633\u0644 \u0627\u0644\u0623\u0637\u0628\u0627\u0642"", ""editdist_solution1"": 0, ""uncorrected_solution2"": ""\u0643\u064e\u0646\u0652\u0633\u064f \u0627\u0644\u0623\u064e\u0631\u0652\u0636\u0650"", ""editdist_solution2"": 6, ""uncorrected_solution3"": ""\u062a\u062c\u0641\u064a\u0641 \u0627\u0644\u063a\u0633\u064a\u0644"", ""editdist_solution3"": 0}"
أنت وصديقك تسيران في غابة، ولكن صديقك ينعطف يسارا عندما تنعطف أنت يمينا، وتواصلان المشي. ما هو اتجاه صديقك بالنسبة إليك الآن؟,أمامك,خلفك,إلى يسارك,إلى يمينك,1,arb_arab,"You and your friend are walking in a forest, but your friend turns left when you turn right, and you both keep walking. What direction is your friend relative to you now?",In front of you,Behind you,To your left,To your right,spatial,parallel_ex000095_arb_arab,"{""example_inspiration"": ""new"", ""uncorrected_prompt"": ""\u0623\u0646\u062a \u0648\u0635\u062f\u064a\u0642\u0643 \u062a\u0633\u064a\u0631\u0627\u0646 \u0641\u064a \u063a\u0627\u0628\u0629\u060c \u0648\u0644\u0643\u0646 \u0635\u062f\u064a\u0642\u0643 \u064a\u0646\u0639\u0637\u0641 \u064a\u0633\u0627\u0631\u0627\u064b \u0639\u0646\u062f\u0645\u0627 \u062a\u0646\u0639\u0637\u0641 \u0623\u0646\u062a \u064a\u0645\u064a\u0646\u0627\u064b\u060c \u0648\u062a\u0648\u0627\u0635\u0644\u0627\u0646 \u0627\u0644\u0645\u0634\u064a. \u0645\u0627 \u0647\u0648 \u0627\u062a\u062c\u0627\u0647 \u0635\u062f\u064a\u0642\u0643 \u0628\u0627\u0644\u0646\u0633\u0628\u0629 \u0625\u0644\u064a\u0643 \u0627\u0644\u0622\u0646\u061f"", ""editdist_prompt"": 2, ""uncorrected_solution0"": ""\u0623\u0645\u0627\u0645\u0643"", ""editdist_solution0"": 0, ""uncorrected_solution1"": ""\u062e\u0644\u0641\u0643"", ""editdist_solution1"": 0, ""uncorrected_solution2"": ""\u0625\u0644\u0649 \u064a\u0633\u0627\u0631\u0643\u064f"", ""editdist_solution2"": 1, ""uncorrected_solution3"": ""\u0625\u0644\u0649 \u064a\u0645\u064a\u0646\u0643"", ""editdist_solution3"": 0}"
تسير أنت وصديقك في الشارع باتجاه بعضكما البعض. تستدير أنت، بينما يواصل صديقك المشي في الاتجاه نفسه. في أي اتجاه تسير أنت وصديقك بالنسبة لبعضكما البعض؟,أنت وصديقك تسيران في اتجاهين متعاكسين,أنت تتبع صديقك,صديقك يتبعك,أنت وصديقك تسيران نحو بعضكما البعض,2,arb_arab,"You and your friend are walking down the street towards each other. You turn around, but your friend keeps walking in the same direction. Which direction are you and your friend walking relative to one another?",You and your friend are walking in opposite directions,You are following your friend,Your friend is following you,You and your friend are walking towards each other,spatial,parallel_ex000096_arb_arab,"{""example_inspiration"": ""new"", ""uncorrected_prompt"": ""\u062a\u0633\u064a\u0631 \u0623\u0646\u062a \u0648\u0635\u062f\u064a\u0642\u0643 \u0641\u064a \u0627\u0644\u0634\u0627\u0631\u0639 \u0628\u0627\u062a\u062c\u0627\u0647 \u0628\u0639\u0636\u0643\u0645\u0627 \u0627\u0644\u0628\u0639\u0636. \u062a\u0633\u062a\u062f\u064a\u0631 \u0623\u0646\u062a\u060c \u0628\u064a\u0646\u0645\u0627 \u064a\u0648\u0627\u0635\u0644 \u0635\u062f\u064a\u0642\u0643 \u0627\u0644\u0645\u0634\u064a \u0641\u064a \u0627\u0644\u0627\u062a\u062c\u0627\u0647 \u0646\u0641\u0633\u0647. \u0641\u064a \u0623\u064a \u0627\u062a\u062c\u0627\u0647 \u062a\u0633\u064a\u0631 \u0623\u0646\u062a \u0648\u0635\u062f\u064a\u0642\u0643 \u0628\u0627\u0644\u0646\u0633\u0628\u0629 \u0644\u0628\u0639\u0636\u0643\u0645\u0627 \u0627\u0644\u0628\u0639\u0636\u061f"", ""editdist_prompt"": 0, ""uncorrected_solution0"": ""\u0623\u0646\u062a \u0648\u0635\u062f\u064a\u0642\u0643 \u062a\u0633\u064a\u0631\u0627\u0646 \u0641\u064a \u0627\u062a\u062c\u0627\u0647\u064a\u0646 \u0645\u062a\u0639\u0627\u0643\u0633\u064a\u0646."", ""editdist_solution0"": 1, ""uncorrected_solution1"": ""\u0623\u0646\u062a \u062a\u062a\u0628\u0639 \u0635\u062f\u064a\u0642\u0643."", ""editdist_solution1"": 1, ""uncorrected_solution2"": ""\u0635\u062f\u064a\u0642\u0643 \u064a\u062a\u0628\u0639\u0643."", ""editdist_solution2"": 1, ""uncorrected_solution3"": ""\u0623\u0646\u062a \u0648\u0635\u062f\u064a\u0642\u0643 \u062a\u0633\u064a\u0631\u0627\u0646 \u0646\u062d\u0648 \u0628\u0639\u0636\u0643\u0645\u0627 \u0627\u0644\u0628\u0639\u0636."", ""editdist_solution3"": 1}"
ثلاث سيارات تسير بجانب بعضها البعض، والسيارة التي في المنتصف تحاول الانعطاف يسارا. ماذا ستفعل السيارتان الأخريان؟,ستنحرف السيارة اليمنى يمينا، ولن تنحرف السيارة اليسرى,ستنحرف السيارة اليسرى يمينا، ولن تنحرف السيارة اليمنى,ستنحرف السيارة اليسرى لليسار، والسيارة اليمنى لليمين,ستنحرف السيارة اليسرى يسارا، ولن تنحرف السيارة اليمنى,3,arb_arab,"Three cars are driving next to each other, and the car in the middle tries to turn left. What would the other two cars do?","The right car would swerve right, and the left car would not swerve","The left car would swerve right, and the right car would not swerve","The left car would swerve left, and the right car would swerve right","The left car would swerve left, and the right car would not swerve",spatial,parallel_ex000097_arb_arab,"{""example_inspiration"": ""new"", ""uncorrected_prompt"": ""\u062b\u0644\u0627\u062b \u0633\u064a\u0627\u0631\u0627\u062a \u062a\u0633\u064a\u0631 \u0628\u062c\u0627\u0646\u0628 \u0628\u0639\u0636\u0647\u0627 \u0627\u0644\u0628\u0639\u0636\u060c \u0648\u0627\u0644\u0633\u064a\u0627\u0631\u0629 \u0627\u0644\u062a\u064a \u0641\u064a \u0627\u0644\u0645\u0646\u062a\u0635\u0641 \u062a\u062d\u0627\u0648\u0644 \u0627\u0644\u0627\u0646\u0639\u0637\u0627\u0641 \u064a\u0633\u0627\u0631\u0627\u064b. \u0645\u0627\u0630\u0627 \u0633\u062a\u0641\u0639\u0644 \u0627\u0644\u0633\u064a\u0627\u0631\u062a\u0627\u0646 \u0627\u0644\u0623\u062e\u0631\u064a\u0627\u0646\u061f"", ""editdist_prompt"": 1, ""uncorrected_solution0"": ""\u0633\u062a\u0646\u062d\u0631\u0641 \u0627\u0644\u0633\u064a\u0627\u0631\u0629 \u0627\u0644\u064a\u0645\u0646\u0649 \u064a\u0645\u064a\u0646\u0627\u064b\u060c \u0648\u0644\u0646 \u062a\u0646\u062d\u0631\u0641 \u0627\u0644\u0633\u064a\u0627\u0631\u0629 \u0627\u0644\u064a\u0633\u0631\u0649."", ""editdist_solution0"": 2, ""uncorrected_solution1"": ""\u0633\u062a\u0646\u062d\u0631\u0641 \u0627\u0644\u0633\u064a\u0627\u0631\u0629 \u0627\u0644\u064a\u0633\u0631\u0649 \u064a\u0645\u064a\u0646\u0627\u064b\u060c \u0648\u0644\u0646 \u062a\u0646\u062d\u0631\u0641 \u0627\u0644\u0633\u064a\u0627\u0631\u0629 \u0627\u0644\u064a\u0645\u0646\u0649."", ""editdist_solution1"": 2, ""uncorrected_solution2"": ""\u0633\u062a\u0646\u062d\u0631\u0641 \u0627\u0644\u0633\u064a\u0627\u0631\u0629 \u0627\u0644\u064a\u0633\u0631\u0649 \u0644\u0644\u064a\u0633\u0627\u0631\u060c \u0648\u0627\u0644\u0633\u064a\u0627\u0631\u0629 \u0627\u0644\u064a\u0645\u0646\u0649 \u0644\u0644\u064a\u0645\u064a\u0646."", ""editdist_solution2"": 1, ""uncorrected_solution3"": ""\u0633\u062a\u0646\u062d\u0631\u0641 \u0627\u0644\u0633\u064a\u0627\u0631\u0629 \u0627\u0644\u064a\u0633\u0631\u0649 \u064a\u0633\u0627\u0631\u0627\u064b\u060c \u0648\u0644\u0646 \u062a\u0646\u062d\u0631\u0641 \u0627\u0644\u0633\u064a\u0627\u0631\u0629 \u0627\u0644\u064a\u0645\u0646\u0649."", ""editdist_solution3"": 2}"
يقود جاك لمسافة ٤٠ كم يوميا. فما المسافة التي قطعها بعد ستة أيام؟,٢٠٠ كم,١٦٠ كم,٣٠٠ كم,٢٤٠ كيلومتر,3,arb_arab,"Jack drives for 40km per day. After six days, how far has he driven?",200km,160km,300km,240km,"spatial,counting",parallel_ex000098_arb_arab,"{""example_inspiration"": ""new"", ""uncorrected_prompt"": ""\u064a\u0642\u0648\u062f \u062c\u0627\u0643 \u0644\u0645\u0633\u0627\u0641\u0629 \u0664\u0660 \u0643\u0645 \u064a\u0648\u0645\u064a\u0627\u064b. \u0641\u0645\u0627 \u0627\u0644\u0645\u0633\u0627\u0641\u0629 \u0627\u0644\u062a\u064a \u0642\u0637\u0639\u0647\u0627 \u0628\u0639\u062f \u0633\u062a\u0629 \u0623\u064a\u0627\u0645\u061f"", ""editdist_prompt"": 1, ""uncorrected_solution0"": ""\u0662\u0660\u0660 \u0643\u0645"", ""editdist_solution0"": 0, ""uncorrected_solution1"": ""\u0661\u0666\u0660 \u0643\u0645"", ""editdist_solution1"": 0, ""uncorrected_solution2"": ""\u0663\u0660\u0660 \u0643\u0645"", ""editdist_solution2"": 0, ""uncorrected_solution3"": ""\u0662\u0664\u0660 \u0643\u064a\u0644\u0648\u0645\u062a\u0631"", ""editdist_solution3"": 0}"
تضبط منبهك ليرن عند الساعة التاسعة صباحا كل يوم، لكن المنبه يتأخر خمس دقائق يوميا. في أي وقت سيرن المنبه بعد ثلاثة أيام من ضبطه؟,٩:٣٠ صباحا,٩:٠٠ صباحا,٩:١٥ صباحا,الثامنة وخمس وأربعون دقيقة صباحا,2,arb_arab,"You set your alarm to ring at 9am every morning, but the alarm clock falls 5min behind every day. What time will the alarm ring three days after you set it?",9:30 AM,9:00 AM,9:15 AM,8:45 AM,"time,counting",parallel_ex000099_arb_arab,"{""example_inspiration"": ""new"", ""uncorrected_prompt"": ""\u062a\u0636\u0628\u0637 \u0645\u0646\u0628\u0647\u0643 \u0644\u064a\u0631\u0646 \u0639\u0646\u062f \u0627\u0644\u0633\u0627\u0639\u0629 \u0627\u0644\u062a\u0627\u0633\u0639\u0629 \u0635\u0628\u0627\u062d\u0627\u064b \u0643\u0644 \u064a\u0648\u0645\u060c \u0644\u0643\u0646 \u0627\u0644\u0645\u0646\u0628\u0647 \u064a\u062a\u0623\u062e\u0631 \u062e\u0645\u0633 \u062f\u0642\u0627\u0626\u0642 \u064a\u0648\u0645\u064a\u0627\u064b. \u0641\u064a \u0623\u064a \u0648\u0642\u062a \u0633\u064a\u0631\u0646 \u0627\u0644\u0645\u0646\u0628\u0647 \u0628\u0639\u062f \u062b\u0644\u0627\u062b\u0629 \u0623\u064a\u0627\u0645 \u0645\u0646 \u0636\u0628\u0637\u0647\u061f"", ""editdist_prompt"": 2, ""uncorrected_solution0"": ""9:30 \u0635\u0628\u0627\u062d\u064b\u0627"", ""editdist_solution0"": 4, ""uncorrected_solution1"": ""\u0669:\u0660\u0660 \u0635\u0628\u0627\u062d\u0627\u064b"", ""editdist_solution1"": 1, ""uncorrected_solution2"": ""\u0669:\u0661\u0665 \u0635\u0628\u0627\u062d\u0627\u064b"", ""editdist_solution2"": 1, ""uncorrected_solution3"": ""\u0627\u0644\u062b\u0627\u0645\u0646\u0629 \u0648\u062e\u0645\u0633 \u0648\u0623\u0631\u0628\u0639\u0648\u0646 \u062f\u0642\u064a\u0642\u0629 \u0635\u0628\u0627\u062d\u0627\u064b"", ""editdist_solution3"": 1}"
تأتي شاحنة إلى منزلك كل يومين. تصل إلى منزلك للمرة الأولى يوم السبت. في أي يوم ستصل الشاحنة للمرة الثالثة؟,الخميس,الثلاثاء,الأربعاء,الجمعة,2,arb_arab,A truck comes to your house every two days. It first arrives at your house on a Saturday. What day will the truck arrive for the third time?,Thursday,Tuesday,Wednesday,Friday,"time,counting",parallel_ex000100_arb_arab,"{""example_inspiration"": ""new"", ""uncorrected_prompt"": ""\u062a\u0623\u062a\u064a \u0634\u0627\u062d\u0646\u0629 \u0625\u0644\u0649 \u0645\u0646\u0632\u0644\u0643 \u0643\u0644 \u064a\u0648\u0645\u064a\u0646. \u062a\u0635\u0644 \u0625\u0644\u0649 \u0645\u0646\u0632\u0644\u0643 \u0644\u0644\u0645\u0631\u0629 \u0627\u0644\u0623\u0648\u0644\u0649 \u064a\u0648\u0645 \u0627\u0644\u0633\u0628\u062a. \u0641\u064a \u0623\u064a \u064a\u0648\u0645 \u0633\u062a\u0635\u0644 \u0627\u0644\u0634\u0627\u062d\u0646\u0629 \u0644\u0644\u0645\u0631\u0629 \u0627\u0644\u062b\u0627\u0644\u062b\u0629\u061f"", ""editdist_prompt"": 0, ""uncorrected_solution0"": ""\u0627\u0644\u062e\u0645\u064a\u0633"", ""editdist_solution0"": 0, ""uncorrected_solution1"": ""\u0627\u0644\u062b\u0644\u0627\u062b\u0627\u0621"", ""editdist_solution1"": 0, ""uncorrected_solution2"": ""\u0627\u0644\u0623\u0631\u0628\u0639\u0627\u0621"", ""editdist_solution2"": 0, ""uncorrected_solution3"": ""\u0627\u0644\u062c\u0645\u0639\u0629"", ""editdist_solution3"": 0}"
اجتماعي الأول لهذا اليوم في الساعة التاسعة صباحا، ويستمر لمدة ساعة واحدة. يبدأ اجتماعي الثاني بعد خمس ساعات من انتهاء الاجتماع الأول. في أي وقت يبدأ اجتماعي الثاني؟,٩:٠٠ صباحا,الثانية مساء,٣:٠٠ مساء,١٠:٠٠ صباحا,2,arb_arab,"My first meeting for the day is at 9am, and it lasts for 1 hour. My second meeting starts 5 hours after the first meeting ends. What time does my second meeting start?",9:00 AM,2:00 PM,3:00 PM,10:00 AM,"time,counting",parallel_ex000101_arb_arab,"{""example_inspiration"": ""new"", ""uncorrected_prompt"": ""\u0627\u062c\u062a\u0645\u0627\u0639\u064a \u0627\u0644\u0623\u0648\u0644 \u0644\u0647\u0630\u0627 \u0627\u0644\u064a\u0648\u0645 \u0641\u064a \u0627\u0644\u0633\u0627\u0639\u0629 \u0627\u0644\u062a\u0627\u0633\u0639\u0629 \u0635\u0628\u0627\u062d\u0627\u064b\u060c \u0648\u064a\u0633\u062a\u0645\u0631 \u0644\u0645\u062f\u0629 \u0633\u0627\u0639\u0629 \u0648\u0627\u062d\u062f\u0629. \u064a\u0628\u062f\u0623 \u0627\u062c\u062a\u0645\u0627\u0639\u064a \u0627\u0644\u062b\u0627\u0646\u064a \u0628\u0639\u062f \u062e\u0645\u0633 \u0633\u0627\u0639\u0627\u062a \u0645\u0646 \u0627\u0646\u062a\u0647\u0627\u0621 \u0627\u0644\u0627\u062c\u062a\u0645\u0627\u0639 \u0627\u0644\u0623\u0648\u0644. \u0641\u064a \u0623\u064a \u0648\u0642\u062a \u064a\u0628\u062f\u0623 \u0627\u062c\u062a\u0645\u0627\u0639\u064a \u0627\u0644\u062b\u0627\u0646\u064a\u061f"", ""editdist_prompt"": 1, ""uncorrected_solution0"": ""\u0669:\u0660\u0660 \u0635\u0628\u0627\u062d\u0627\u064b"", ""editdist_solution0"": 1, ""uncorrected_solution1"": ""\u0627\u0644\u062b\u0627\u0646\u064a\u0629 \u0645\u0633\u0627\u0621\u064b"", ""editdist_solution1"": 1, ""uncorrected_solution2"": ""\u0663:\u0660\u0660 \u0645\u0633\u0627\u0621\u064b"", ""editdist_solution2"": 1, ""uncorrected_solution3"": ""\u0661\u0660:\u0660\u0660 \u0635\u0628\u0627\u062d\u0627\u064b"", ""editdist_solution3"": 1}"
أي هذه هو الأفضل لتنظيف شاشة حاسوبك دون ترك رطوبة؟,كحول طبي,زيت الطهي,ماء,صابون وماء,0,arb_arab,Which of these is best for cleaning your computer screen without leaving moisture?,Rubbing alcohol,Cooking oil,Water,Soap and water,object_properties,parallel_ex000102_arb_arab,"{""example_inspiration"": ""english_piqa"", ""uncorrected_prompt"": ""\u0623\u064a\u0651\u064f \u0647\u0630\u0647 \u0647\u0648 \u0627\u0644\u0623\u0641\u0636\u0644 \u0644\u062a\u0646\u0638\u064a\u0641 \u0634\u0627\u0634\u0629 \u062d\u0627\u0633\u0648\u0628\u0643 \u062f\u0648\u0646 \u062a\u0631\u0643 \u0631\u0637\u0648\u0628\u0629\u061f"", ""editdist_prompt"": 2, ""uncorrected_solution0"": ""\u0643\u062d\u0648\u0644 \u0637\u0628\u064a"", ""editdist_solution0"": 0, ""uncorrected_solution1"": ""\u0632\u064a\u062a \u0627\u0644\u0637\u0647\u064a"", ""editdist_solution1"": 0, ""uncorrected_solution2"": ""\u0645\u0627\u0621"", ""editdist_solution2"": 0, ""uncorrected_solution3"": ""\u0635\u0627\u0628\u0648\u0646 \u0648\u0645\u0627\u0621"", ""editdist_solution3"": 0}"
كيف ينبغي تخزين الثوم للطبخ ليبقى طازجا؟,ضع الثوم في وعاء يسمح بمرور الهواء,ضع الثوم في بعض التربة الرطبة,اترك الثوم في الشمس,ضع الثوم في وعاء محكم الإغلاق,0,arb_arab,How should you store garlic for cooking so that it stays fresh?,Place the garlic in a breathable container,Place the garlic in some moist soil,Leave the garlic in the sun,Place the garlic in an airtight container,object_properties_interactions,parallel_ex000103_arb_arab,"{""example_inspiration"": ""english_piqa"", ""uncorrected_prompt"": ""\u0643\u064a\u0641 \u064a\u0646\u0628\u063a\u064a \u062a\u062e\u0632\u064a\u0646 \u0627\u0644\u062b\u0648\u0645 \u0644\u0644\u0637\u0628\u062e \u0644\u064a\u0628\u0642\u0649 \u0637\u0627\u0632\u062c\u0627\u064b\u061f"", ""editdist_prompt"": 1, ""uncorrected_solution0"": ""\u0636\u0639 \u0627\u0644\u062b\u0648\u0645 \u0641\u064a \u0648\u0639\u0627\u0621 \u064a\u0633\u0645\u062d \u0628\u0645\u0631\u0648\u0631 \u0627\u0644\u0647\u0648\u0627\u0621."", ""editdist_solution0"": 1, ""uncorrected_solution1"": ""\u0636\u0639 \u0627\u0644\u062b\u0648\u0645 \u0641\u064a \u0628\u0639\u0636 \u0627\u0644\u062a\u0631\u0628\u0629 \u0627\u0644\u0631\u0637\u0628\u0629."", ""editdist_solution1"": 1, ""uncorrected_solution2"": ""\u0627\u062a\u0631\u0643 \u0627\u0644\u062b\u0648\u0645 \u0641\u064a \u0627\u0644\u0634\u0645\u0633."", ""editdist_solution2"": 1, ""uncorrected_solution3"": ""\u0636\u0639 \u0627\u0644\u062b\u0648\u0645 \u0641\u064a \u0648\u0639\u0627\u0621 \u0645\u062d\u0643\u0645 \u0627\u0644\u0625\u063a\u0644\u0627\u0642."", ""editdist_solution3"": 1}"
ما هي أفضل مادة لصنع مرتبة خارجية؟,أحجار صغيرة,عصي صغيرة,ماء,أوراق الأشجار,3,arb_arab,What material would be best to use to make an outdoor mattress?,Small rocks,Small sticks,Water,Tree leaves,"object_properties_interactions,affordances",parallel_ex000104_arb_arab,"{""example_inspiration"": ""english_piqa"", ""uncorrected_prompt"": ""\u0645\u0627 \u0647\u064a \u0623\u0641\u0636\u0644 \u0645\u0627\u062f\u0629 \u0644\u0635\u0646\u0639 \u0645\u0631\u062a\u0628\u0629 \u062e\u0627\u0631\u062c\u064a\u0629\u061f"", ""editdist_prompt"": 0, ""uncorrected_solution0"": ""\u0623\u062d\u062c\u0627\u0631 \u0635\u063a\u064a\u0631\u0629"", ""editdist_solution0"": 0, ""uncorrected_solution1"": ""\u0639\u0635\u064a \u0635\u063a\u064a\u0631\u0629"", ""editdist_solution1"": 0, ""uncorrected_solution2"": ""\u0645\u0627\u0621"", ""editdist_solution2"": 0, ""uncorrected_solution3"": ""\u0623\u0648\u0631\u0627\u0642 \u0627\u0644\u0623\u0634\u062c\u0627\u0631"", ""editdist_solution3"": 0}"
كيف يمكنك معرفة متى يذوب اللحم المجمد؟,اللحم مملح,اللحم متماسك,اللحم طري,اللحم مطبوخ,2,arb_arab,How can you tell when frozen meat has thawed?,The meat is salted,The meat is firm,The meat is soft,The meat is cooked,object_properties_interactions,parallel_ex000105_arb_arab,"{""example_inspiration"": ""english_piqa"", ""uncorrected_prompt"": ""\u0643\u064a\u0641 \u064a\u0645\u0643\u0646\u0643 \u0645\u0639\u0631\u0641\u0629 \u0645\u062a\u0649 \u064a\u0630\u0648\u0628 \u0627\u0644\u0644\u062d\u0645 \u0627\u0644\u0645\u062c\u0645\u062f\u061f"", ""editdist_prompt"": 0, ""uncorrected_solution0"": ""\u0627\u0644\u0644\u062d\u0645 \u0645\u0645\u0644\u062d"", ""editdist_solution0"": 0, ""uncorrected_solution1"": ""\u0627\u0644\u0644\u062d\u0645 \u0645\u062a\u0645\u0627\u0633\u0643."", ""editdist_solution1"": 1, ""uncorrected_solution2"": ""\u0627\u0644\u0644\u062d\u0645 \u0637\u0631\u064a."", ""editdist_solution2"": 1, ""uncorrected_solution3"": ""\u0627\u0644\u0644\u062d\u0645 \u0645\u0637\u0628\u0648\u062e"", ""editdist_solution3"": 0}"
منشفة الأطباق كبيرة بما يكفي لتغطية أي مما يلي بالكامل؟,ثلاجة,ملعقة,طاولة,ممسحة,1,arb_arab,A dish towel is big enough to completely cover which of the following?,A refrigerator,A spoon,A table,A mop,spatial,parallel_ex000106_arb_arab,"{""example_inspiration"": ""english_piqa"", ""uncorrected_prompt"": ""\u0645\u0646\u0634\u0641\u0629 \u0627\u0644\u0623\u0637\u0628\u0627\u0642 \u0643\u0628\u064a\u0631\u0629 \u0628\u0645\u0627 \u064a\u0643\u0641\u064a \u0644\u062a\u063a\u0637\u064a\u0629 \u0623\u064a \u0645\u0645\u0627 \u064a\u0644\u064a \u0628\u0627\u0644\u0643\u0627\u0645\u0644\u061f"", ""editdist_prompt"": 0, ""uncorrected_solution0"": ""\u062b\u0644\u0627\u062c\u0629"", ""editdist_solution0"": 0, ""uncorrected_solution1"": ""\u0645\u0644\u0639\u0642\u0629"", ""editdist_solution1"": 0, ""uncorrected_solution2"": ""\u0637\u0627\u0648\u0644\u0629"", ""editdist_solution2"": 0, ""uncorrected_solution3"": ""\u0645\u0645\u0633\u062d\u0629"", ""editdist_solution3"": 0}"
لكي تكون آمنا عند المشي بمحاذاة الطريق في الظلام، ما نوع الملابس التي يجب أن ترتديها؟,معطف ثقيل,ملابس فاتحة اللون,ملابس داكنة الألوان,ملابس مضادة للماء,1,arb_arab,"To be safe when walking alongside the road in the dark, what kind of clothes should you wear?",A heavy coat,Light colored clothing,Dark colored clothing,Waterproof clothing,object_properties,parallel_ex000107_arb_arab,"{""example_inspiration"": ""english_piqa"", ""uncorrected_prompt"": ""\u0644\u0643\u064a \u062a\u0643\u0648\u0646 \u0622\u0645\u0646\u0627\u064b \u0639\u0646\u062f \u0627\u0644\u0645\u0634\u064a \u0628\u0645\u062d\u0627\u0630\u0627\u0629 \u0627\u0644\u0637\u0631\u064a\u0642 \u0641\u064a \u0627\u0644\u0638\u0644\u0627\u0645\u060c \u0645\u0627 \u0646\u0648\u0639 \u0627\u0644\u0645\u0644\u0627\u0628\u0633 \u0627\u0644\u062a\u064a \u064a\u062c\u0628 \u0623\u0646 \u062a\u0631\u062a\u062f\u064a\u0647\u0627\u061f"", ""editdist_prompt"": 1, ""uncorrected_solution0"": ""\u0645\u0639\u0637\u0641 \u062b\u0642\u064a\u0644"", ""editdist_solution0"": 0, ""uncorrected_solution1"": ""\u0645\u0644\u0627\u0628\u0633 \u0641\u0627\u062a\u062d\u0629 \u0627\u0644\u0644\u0648\u0646"", ""editdist_solution1"": 0, ""uncorrected_solution2"": ""\u0645\u0644\u0627\u0628\u0633 \u062f\u0627\u0643\u0646\u0629 \u0627\u0644\u0623\u0644\u0648\u0627\u0646"", ""editdist_solution2"": 0, ""uncorrected_solution3"": ""\u0645\u0644\u0627\u0628\u0633 \u0645\u0636\u0627\u062f\u0629 \u0644\u0644\u0645\u0627\u0621"", ""editdist_solution3"": 0}"
أي من الحاويات التالية يمكن أن تتسع لكرة قدم؟,دلو,زجاجة سعة لتر واحد,كوب شرب,ظرف ورقي,0,arb_arab,Which of the following containers can a football fit into?,A bucket,A 1 liter bottle,A drinking cup,A paper envelope,spatial,parallel_ex000108_arb_arab,"{""example_inspiration"": ""english_piqa"", ""uncorrected_prompt"": ""\u0623\u064a \u0645\u0646 \u0627\u0644\u062d\u0627\u0648\u064a\u0627\u062a \u0627\u0644\u062a\u0627\u0644\u064a\u0629 \u064a\u0645\u0643\u0646 \u0623\u0646 \u062a\u062a\u0633\u0639 \u0644\u0643\u0631\u0629 \u0642\u062f\u0645\u061f"", ""editdist_prompt"": 0, ""uncorrected_solution0"": ""\u062f\u0644\u0648"", ""editdist_solution0"": 0, ""uncorrected_solution1"": ""\u0632\u062c\u0627\u062c\u0629 \u0633\u0639\u0629 \u0644\u062a\u0631 \u0648\u0627\u062d\u062f"", ""editdist_solution1"": 0, ""uncorrected_solution2"": ""\u0643\u0648\u0628 \u0634\u0631\u0628"", ""editdist_solution2"": 0, ""uncorrected_solution3"": ""\u0638\u0631\u0641 \u0648\u0631\u0642\u064a"", ""editdist_solution3"": 0}"
