prompt,solution0,solution1,solution2,solution3,label,language,eng_prompt,eng_solution0,eng_solution1,eng_solution2,eng_solution3,categories,example_id,supplement
یک کیسه پلاستیکی با هوا پر و سپس در آن بسته می‌شود. وقتی جسمی روی کیسه قرار داده شود، چه اتفاقی می‌افتد؟,مقدار هوای داخل کیسه کم می‌شود,رنگ هوای داخل کیسه تغییر می‌کند,مقدار هوای داخل کیسه افزایش می‌یابد,مقدار هوای داخل کیسه ثابت می‌ماند,3,pes_arab,"A plastic bag is filled with air and then sealed. When an object is placed on the bag, what happens?",The amount of air in the bag decreases,The color of the air in the bag changes,The amount of air in the bag increases,The amount of air in the bag stays the same,object_properties_interactions,parallel_ex000000_pes_arab,"{""example_inspiration"": ""ewok"", ""uncorrected_prompt"": ""\u06cc\u06a9 \u06a9\u06cc\u0633\u0647 \u067e\u0644\u0627\u0633\u062a\u06cc\u06a9\u06cc \u0628\u0627 \u0647\u0648\u0627 \u067e\u0631 \u0648 \u0633\u067e\u0633 \u062f\u0631 \u0622\u0646 \u0628\u0633\u062a\u0647 \u0645\u06cc\u200c\u0634\u0648\u062f. \u0648\u0642\u062a\u06cc \u062c\u0633\u0645\u06cc \u0631\u0648\u06cc \u06a9\u06cc\u0633\u0647 \u0642\u0631\u0627\u0631 \u062f\u0627\u062f\u0647 \u0634\u0648\u062f\u060c \u0686\u0647 \u0627\u062a\u0641\u0627\u0642\u06cc \u0645\u06cc\u200c\u0627\u0641\u062a\u062f\u061f"", ""editdist_prompt"": 0, ""uncorrected_solution0"": ""\u0645\u0642\u062f\u0627\u0631 \u0647\u0648\u0627\u06cc \u062f\u0627\u062e\u0644 \u06a9\u06cc\u0633\u0647 \u06a9\u0645 \u0645\u06cc\u200c\u0634\u0648\u062f"", ""editdist_solution0"": 0, ""uncorrected_solution1"": ""\u0631\u0646\u06af \u0647\u0648\u0627\u06cc \u062f\u0627\u062e\u0644 \u06a9\u06cc\u0633\u0647 \u062a\u063a\u06cc\u06cc\u0631 \u0645\u06cc\u200c\u06a9\u0646\u062f"", ""editdist_solution1"": 0, ""uncorrected_solution2"": ""\u0645\u0642\u062f\u0627\u0631 \u0647\u0648\u0627\u06cc \u062f\u0627\u062e\u0644 \u06a9\u06cc\u0633\u0647 \u0627\u0641\u0632\u0627\u06cc\u0634 \u0645\u06cc\u200c\u06cc\u0627\u0628\u062f"", ""editdist_solution2"": 0, ""uncorrected_solution3"": ""\u0645\u0642\u062f\u0627\u0631 \u0647\u0648\u0627\u06cc \u062f\u0627\u062e\u0644 \u06a9\u06cc\u0633\u0647 \u062b\u0627\u0628\u062a \u0645\u06cc\u200c\u0645\u0627\u0646\u062f."", ""editdist_solution3"": 1}"
یک فنجان به صورت وارونه روی میز گذاشته شده است. وقتی روی فنجان آب می‌ریزم، چه اتفاقی برای آب می‌افتد؟,آب به فنجان نمی خورد,آب از فنجان می‌پاشه بیرون,آب میره تو فنجان,آب فنجان را می‌شکند,1,pes_arab,"A cup is placed with the opening on the table. When I pour water over the cup, what happens to the water?",The water does not touch the cup,The water splashes off the cup,The water goes into the cup,The water breaks the cup,object_properties_interactions,parallel_ex000001_pes_arab,"{""example_inspiration"": ""new"", ""uncorrected_prompt"": ""\u06cc\u06a9 \u0644\u06cc\u0648\u0627\u0646 \u0628\u0647 \u0635\u0648\u0631\u062a \u0648\u0627\u0631\u0648\u0646\u0647 \u0631\u0648\u06cc \u0645\u06cc\u0632 \u06af\u0630\u0627\u0634\u062a\u0647 \u0634\u062f\u0647 \u0627\u0633\u062a. \u0648\u0642\u062a\u06cc \u0631\u0648\u06cc \u0644\u06cc\u0648\u0627\u0646 \u0622\u0628 \u0645\u06cc\u200c\u0631\u06cc\u0632\u0645\u060c \u0686\u0647 \u0627\u062a\u0641\u0627\u0642\u06cc \u0628\u0631\u0627\u06cc \u0622\u0628 \u0645\u06cc\u200c\u0627\u0641\u062a\u062f\u061f"", ""editdist_prompt"": 6, ""uncorrected_solution0"": ""\u0622\u0628 \u0628\u0647 \u0644\u06cc\u0648\u0627\u0646 \u0646\u0645\u06cc \u062e\u0648\u0631\u062f"", ""editdist_solution0"": 3, ""uncorrected_solution1"": ""\u0622\u0628 \u0627\u0632 \u0644\u06cc\u0648\u0627\u0646 \u0645\u06cc\u200c\u067e\u0627\u0634\u0647 \u0628\u06cc\u0631\u0648\u0646"", ""editdist_solution1"": 3, ""uncorrected_solution2"": ""\u0622\u0628 \u0645\u06cc\u0631\u0647 \u062a\u0648 \u0644\u06cc\u0648\u0627\u0646"", ""editdist_solution2"": 3, ""uncorrected_solution3"": ""\u0622\u0628 \u0641\u0646\u062c\u0627\u0646 \u0631\u0627 \u0645\u06cc\u200c\u0634\u06a9\u0646\u062f"", ""editdist_solution3"": 0}"
یک بچه یک توپ کاغذی را به سمت یک پنجره شیشه‌ای پرتاب می‌کند. چه اتفاقی برای توپ می‌افتد؟,توپ پنجره را می‌شکند,توپ تکه تکه می‌شود,توپ به پنجره می‌خورد و برمی‌گردد,توپ به پنجره می‌چسبد,2,pes_arab,A child throws a paper ball at a glass window. What happens to the ball?,The ball breaks the window,The ball breaks into pieces,The ball bounces off the window,The ball sticks to the window,object_properties_interactions,parallel_ex000002_pes_arab,"{""example_inspiration"": ""ewok"", ""uncorrected_prompt"": ""\u06cc\u06a9 \u0628\u0686\u0647 \u06cc\u06a9 \u062a\u0648\u067e \u06a9\u0627\u063a\u0630\u06cc \u0631\u0627 \u0628\u0647 \u0633\u0645\u062a \u06cc\u06a9 \u067e\u0646\u062c\u0631\u0647 \u0634\u06cc\u0634\u0647\u200c\u0627\u06cc \u067e\u0631\u062a\u0627\u0628 \u0645\u06cc\u200c\u06a9\u0646\u062f. \u0686\u0647 \u0627\u062a\u0641\u0627\u0642\u06cc \u0628\u0631\u0627\u06cc \u062a\u0648\u067e \u0645\u06cc\u200c\u0627\u0641\u062a\u062f\u061f"", ""editdist_prompt"": 0, ""uncorrected_solution0"": ""\u062a\u0648\u067e \u067e\u0646\u062c\u0631\u0647 \u0631\u0627 \u0645\u06cc\u200c\u0634\u06a9\u0646\u062f"", ""editdist_solution0"": 0, ""uncorrected_solution1"": ""\u062a\u0648\u067e \u062a\u06a9\u0647 \u062a\u06a9\u0647 \u0645\u06cc\u200c\u0634\u0648\u062f"", ""editdist_solution1"": 0, ""uncorrected_solution2"": ""\u062a\u0648\u067e \u0628\u0647 \u067e\u0646\u062c\u0631\u0647 \u062e\u0648\u0631\u062f \u0648 \u0628\u0631\u06af\u0634\u062a"", ""editdist_solution2"": 9, ""uncorrected_solution3"": ""\u062a\u0648\u067e \u0628\u0647 \u067e\u0646\u062c\u0631\u0647 \u0645\u06cc\u200c\u0686\u0633\u0628\u062f"", ""editdist_solution3"": 0}"
بچه‌ای یک توپ فلزی را به سمت یک پنجره شیشه‌ای پرتاب می‌کند. چه اتفاقی برای توپ می‌افتد؟,توپ پنجره را می‌شکند,توپ به پنجره می‌چسبد,توپ تکه تکه می‌شود,توپ به پنجره می‌خورد و برمی‌گردد,0,pes_arab,A child throws a metal ball at a glass window. What happens to the ball?,The ball breaks the window,The ball sticks to the window,The ball breaks into pieces,The ball bounces off the window,object_properties_interactions,parallel_ex000003_pes_arab,"{""example_inspiration"": ""ewok"", ""uncorrected_prompt"": ""\u0628\u0686\u0647\u200c\u0627\u06cc \u06cc\u06a9 \u062a\u0648\u067e \u0641\u0644\u0632\u06cc \u0631\u0627 \u0628\u0647 \u0633\u0645\u062a \u06cc\u06a9 \u067e\u0646\u062c\u0631\u0647 \u0634\u06cc\u0634\u0647\u200c\u0627\u06cc \u067e\u0631\u062a\u0627\u0628 \u0645\u06cc\u200c\u06a9\u0646\u062f. \u0686\u0647 \u0627\u062a\u0641\u0627\u0642\u06cc \u0628\u0631\u0627\u06cc \u062a\u0648\u067e \u0645\u06cc\u200c\u0627\u0641\u062a\u062f\u061f"", ""editdist_prompt"": 0, ""uncorrected_solution0"": ""\u062a\u0648\u067e \u067e\u0646\u062c\u0631\u0647 \u0631\u0627 \u0645\u06cc\u200c\u0634\u06a9\u0646\u062f"", ""editdist_solution0"": 0, ""uncorrected_solution1"": ""\u062a\u0648\u067e \u0628\u0647 \u067e\u0646\u062c\u0631\u0647 \u0645\u06cc\u200c\u0686\u0633\u0628\u062f"", ""editdist_solution1"": 0, ""uncorrected_solution2"": ""\u062a\u0648\u067e \u062a\u06a9\u0647 \u062a\u06a9\u0647 \u0645\u06cc\u200c\u0634\u0648\u062f"", ""editdist_solution2"": 0, ""uncorrected_solution3"": ""\u062a\u0648\u067e \u0628\u0647 \u067e\u0646\u062c\u0631\u0647 \u062e\u0648\u0631\u062f \u0648 \u0628\u0631\u06af\u0634\u062a"", ""editdist_solution3"": 9}"
یک لامپ جلوی شما قرار دارد. بین شما و لامپ، یک صفحه شیشه هست. وقتی لامپ را روشن می‌کنید، چه اتفاقی می‌افتد؟,لامپ هیچ نوری نمیدهد,نور لامپ را از پشت شیشه می‌بینی,شیشه جلوی تمام نور لامپ را می‌گیرد,شیشه نور را به چشمانتان بازتاب می‌دهد,1,pes_arab,"There is a lightbulb in front of you. Between you and the lightbulb, there is a sheet of glass. When you turn the lightbulb on, what happens?",The lightbulb does not emit any light,You see the light from the lightbulb through the glass,The glass blocks all the light from the lightbulb,The glass reflects the light back into your eyes,object_properties_interactions,parallel_ex000004_pes_arab,"{""example_inspiration"": ""ewok"", ""uncorrected_prompt"": ""\u06cc\u06a9 \u0644\u0627\u0645\u067e \u062c\u0644\u0648\u06cc \u0634\u0645\u0627 \u0642\u0631\u0627\u0631 \u062f\u0627\u0631\u062f. \u0628\u06cc\u0646 \u0634\u0645\u0627 \u0648 \u0644\u0627\u0645\u067e\u060c \u06cc\u06a9 \u0635\u0641\u062d\u0647 \u0634\u06cc\u0634\u0647 \u0647\u0633\u062a. \u0648\u0642\u062a\u06cc \u0644\u0627\u0645\u067e \u0631\u0627 \u0631\u0648\u0634\u0646 \u0645\u06cc\u200c\u06a9\u0646\u06cc\u062f\u060c \u0686\u0647 \u0627\u062a\u0641\u0627\u0642\u06cc \u0645\u06cc\u200c\u0627\u0641\u062a\u062f\u061f"", ""editdist_prompt"": 0, ""uncorrected_solution0"": ""\u0644\u0627\u0645\u067e \u0647\u06cc\u0686 \u0646\u0648\u0631\u06cc \u0646\u0645\u06cc\u062f\u0647\u062f"", ""editdist_solution0"": 0, ""uncorrected_solution1"": ""\u0646\u0648\u0631 \u0644\u0627\u0645\u067e \u0631\u0627 \u0627\u0632 \u067e\u0634\u062a \u0634\u06cc\u0634\u0647 \u0645\u06cc\u200c\u0628\u06cc\u0646\u06cc"", ""editdist_solution1"": 0, ""uncorrected_solution2"": ""\u0634\u06cc\u0634\u0647 \u062c\u0644\u0648\u06cc \u062a\u0645\u0627\u0645 \u0646\u0648\u0631 \u0644\u0627\u0645\u067e \u0631\u0627 \u0645\u06cc\u200c\u06af\u06cc\u0631\u062f"", ""editdist_solution2"": 0, ""uncorrected_solution3"": ""\u0634\u06cc\u0634\u0647 \u0646\u0648\u0631 \u0631\u0627 \u0628\u0647 \u0686\u0634\u0645\u0627\u0646\u062a\u0627\u0646 \u0628\u0627\u0632\u062a\u0627\u0628 \u0645\u06cc\u200c\u062f\u0647\u062f."", ""editdist_solution3"": 1}"
یک پارچه پنبه‌ای مربعی شکل را طوری در دستان خود نگه می‌دارید که صاف و موازی با زمین باشد. وقتی دستان خود را به هم نزدیک می‌کنید، چه اتفاقی برای پارچه می‌افتد؟,لبه‌های پارچه از زمین دورتر می‌شوند,پارچه از دستات دورتر می‌شه,مرکز پارچه به زمین نزدیک‌تر می‌شود,مرکز پارچه از زمین دورتر می‌شود,2,pes_arab,"You hold a square of cotton fabric in your hands so that it is taut and parallel with the ground. When you move your hands closer to each other, what happens to the fabric?",The edges of the fabric get further from the ground,The fabric gets further away from your hands,The center of the fabric gets closer to the ground,The center of the fabric gets further from the ground,object_properties_interactions,parallel_ex000005_pes_arab,"{""example_inspiration"": ""ewok"", ""uncorrected_prompt"": ""\u06cc\u06a9 \u067e\u0627\u0631\u0686\u0647 \u0646\u062e\u06cc \u0645\u0631\u0628\u0639\u06cc \u0634\u06a9\u0644 \u0631\u0627 \u0637\u0648\u0631\u06cc \u062f\u0631 \u062f\u0633\u062a\u0627\u0646 \u062e\u0648\u062f \u0646\u06af\u0647 \u0645\u06cc\u200c\u062f\u0627\u0631\u06cc\u062f \u06a9\u0647 \u0635\u0627\u0641 \u0648 \u0645\u0648\u0627\u0632\u06cc \u0628\u0627 \u0632\u0645\u06cc\u0646 \u0628\u0627\u0634\u062f. \u0648\u0642\u062a\u06cc \u062f\u0633\u062a\u0627\u0646 \u062e\u0648\u062f \u0631\u0627 \u0628\u0647 \u0647\u0645 \u0646\u0632\u062f\u06cc\u06a9 \u0645\u06cc\u200c\u06a9\u0646\u06cc\u062f\u060c \u0686\u0647 \u0627\u062a\u0641\u0627\u0642\u06cc \u0628\u0631\u0627\u06cc \u067e\u0627\u0631\u0686\u0647 \u0645\u06cc\u200c\u0627\u0641\u062a\u062f\u061f"", ""editdist_prompt"": 5, ""uncorrected_solution0"": ""\u0644\u0628\u0647\u200c\u0647\u0627\u06cc \u067e\u0627\u0631\u0686\u0647 \u0627\u0632 \u0632\u0645\u06cc\u0646 \u062f\u0648\u0631\u062a\u0631 \u0645\u06cc\u200c\u0634\u0648\u0646\u062f"", ""editdist_solution0"": 0, ""uncorrected_solution1"": ""\u067e\u0627\u0631\u0686\u0647 \u0627\u0632 \u062f\u0633\u062a\u0627\u062a \u062f\u0648\u0631\u062a\u0631 \u0645\u06cc\u200c\u0634\u0647"", ""editdist_solution1"": 0, ""uncorrected_solution2"": ""\u0645\u0631\u06a9\u0632 \u067e\u0627\u0631\u0686\u0647 \u0628\u0647 \u0632\u0645\u06cc\u0646 \u0646\u0632\u062f\u06cc\u06a9\u200c\u062a\u0631 \u0645\u06cc\u200c\u0634\u0648\u062f"", ""editdist_solution2"": 0, ""uncorrected_solution3"": ""\u0645\u0631\u06a9\u0632 \u067e\u0627\u0631\u0686\u0647 \u0627\u0632 \u0632\u0645\u06cc\u0646 \u062f\u0648\u0631\u062a\u0631 \u0645\u06cc\u200c\u0634\u0648\u062f"", ""editdist_solution3"": 0}"
اگر یک ساختمان هر هشت ماه یک بار تعمیر و نگهداری شود و آخرین تعمیر آن در ماه ژانویه بوده باشد، تعمیر بعدی در کدام ماه خواهد بود؟,اکتبر,اوت,ژانویه,سپتامبر,3,pes_arab,"If a building undergoes maintenance every eight months and the last maintenance was in January, which month will the next maintenance be?",October,August,January,September,"time,counting",parallel_ex000008_pes_arab,"{""example_inspiration"": ""tram"", ""uncorrected_prompt"": ""\u0627\u06af\u0631 \u06cc\u06a9 \u0633\u0627\u062e\u062a\u0645\u0627\u0646 \u0647\u0631 \u0647\u0634\u062a \u0645\u0627\u0647 \u06cc\u06a9 \u0628\u0627\u0631 \u062a\u0639\u0645\u06cc\u0631 \u0648 \u0646\u06af\u0647\u062f\u0627\u0631\u06cc \u0634\u0648\u062f \u0648 \u0622\u062e\u0631\u06cc\u0646 \u062a\u0639\u0645\u06cc\u0631 \u0622\u0646 \u062f\u0631 \u0645\u0627\u0647 \u0698\u0627\u0646\u0648\u06cc\u0647 \u0628\u0648\u062f\u0647 \u0628\u0627\u0634\u062f\u060c \u062a\u0639\u0645\u06cc\u0631 \u0628\u0639\u062f\u06cc \u062f\u0631 \u06a9\u062f\u0627\u0645 \u0645\u0627\u0647 \u062e\u0648\u0627\u0647\u062f \u0628\u0648\u062f\u061f"", ""editdist_prompt"": 0, ""uncorrected_solution0"": ""\u0627\u06a9\u062a\u0628\u0631"", ""editdist_solution0"": 0, ""uncorrected_solution1"": ""\u0627\u0648\u062a"", ""editdist_solution1"": 0, ""uncorrected_solution2"": ""\u0698\u0627\u0646\u0648\u06cc\u0647"", ""editdist_solution2"": 0, ""uncorrected_solution3"": ""\u0633\u067e\u062a\u0627\u0645\u0628\u0631"", ""editdist_solution3"": 0}"
امروز چهارشنبه است. شما می‌خواهید سه روز دیگر دوستتان را ببینید. چه روزی می‌خواهید دوستتان را ببینید؟,جمعه,شنبه,چهارشنبه,یکشنبه,1,pes_arab,Today is Wednesday. You want to meet your friend in three days. Which day do you want to meet your friend?,Friday,Saturday,Wednesday,Sunday,"time,counting",parallel_ex000009_pes_arab,"{""example_inspiration"": ""tram"", ""uncorrected_prompt"": ""\u0627\u0645\u0631\u0648\u0632 \u0686\u0647\u0627\u0631\u0634\u0646\u0628\u0647 \u0627\u0633\u062a. \u0634\u0645\u0627 \u0645\u06cc\u200c\u062e\u0648\u0627\u0647\u06cc\u062f \u0633\u0647 \u0631\u0648\u0632 \u062f\u06cc\u06af\u0631 \u062f\u0648\u0633\u062a\u062a\u0627\u0646 \u0631\u0627 \u0628\u0628\u06cc\u0646\u06cc\u062f. \u0686\u0647 \u0631\u0648\u0632\u06cc \u0645\u06cc\u200c\u062e\u0648\u0627\u0647\u06cc\u062f \u062f\u0648\u0633\u062a\u062a\u0627\u0646 \u0631\u0627 \u0628\u0628\u06cc\u0646\u06cc\u062f\u061f"", ""editdist_prompt"": 0, ""uncorrected_solution0"": ""\u062c\u0645\u0639\u0647"", ""editdist_solution0"": 0, ""uncorrected_solution1"": ""\u0634\u0646\u0628\u0647"", ""editdist_solution1"": 0, ""uncorrected_solution2"": ""\u0686\u0647\u0627\u0631\u0634\u0646\u0628\u0647"", ""editdist_solution2"": 0, ""uncorrected_solution3"": ""\u06cc\u06a9\u0634\u0646\u0628\u0647"", ""editdist_solution3"": 0}"
گونه‌ای از زنجره هر ۲۲ سال یک بار ظهور می‌کند. اگر آخرین بار در سال ۱۹۱۴ ظهور کرده باشند، دفعه‌ی بعد چه زمانی ظهور خواهند کرد؟,۱۹۴۰,۱۹۳۴,۱۹۳۶,۱۹۳۰,2,pes_arab,"A species of cicada emerges every 22 years. If they last emerged in 1914, when will they next emerge?",1940,1934,1936,1930,"time,counting",parallel_ex000010_pes_arab,"{""example_inspiration"": ""tram"", ""uncorrected_prompt"": ""\u06af\u0648\u0646\u0647\u200c\u0627\u06cc \u0627\u0632 \u0632\u0646\u062c\u0631\u0647 \u0647\u0631 \u06f2\u06f2 \u0633\u0627\u0644 \u06cc\u06a9 \u0628\u0627\u0631 \u0638\u0647\u0648\u0631 \u0645\u06cc\u200c\u06a9\u0646\u062f. \u0627\u06af\u0631 \u0622\u062e\u0631\u06cc\u0646 \u0628\u0627\u0631 \u062f\u0631 \u0633\u0627\u0644 \u06f1\u06f9\u06f1\u06f4 \u0638\u0647\u0648\u0631 \u06a9\u0631\u062f\u0647 \u0628\u0627\u0634\u0646\u062f\u060c \u062f\u0641\u0639\u0647\u200c\u06cc \u0628\u0639\u062f \u0686\u0647 \u0632\u0645\u0627\u0646\u06cc \u0638\u0647\u0648\u0631 \u062e\u0648\u0627\u0647\u0646\u062f \u06a9\u0631\u062f\u061f"", ""editdist_prompt"": 0, ""uncorrected_solution0"": ""\u06f1\u06f9\u06f4\u06f0"", ""editdist_solution0"": 0, ""uncorrected_solution1"": ""\u06f1\u06f9\u06f3\u06f4"", ""editdist_solution1"": 0, ""uncorrected_solution2"": ""\u06f1\u06f9\u06f3\u06f6"", ""editdist_solution2"": 0, ""uncorrected_solution3"": ""\u06f1\u06f9\u06f3\u06f0"", ""editdist_solution3"": 0}"
سال ۲۰۲۶ است. جورج ۴۳ ساله است. جورج به احتمال زیاد در چه سالی متولد شده است؟,۱۹۸۴,۱۹۸۱,۱۹۸۳,۱۹۸۵,2,pes_arab,The year is 2026. George is 43 years old. What year is George most likely born?,1984,1981,1983,1985,"time,counting",parallel_ex000011_pes_arab,"{""example_inspiration"": ""tram"", ""uncorrected_prompt"": ""\u0633\u0627\u0644 \u06f2\u06f0\u06f2\u06f6 \u0627\u0633\u062a. \u062c\u0648\u0631\u062c \u06f4\u06f3 \u0633\u0627\u0644\u0647 \u0627\u0633\u062a. \u062c\u0648\u0631\u062c \u0628\u0647 \u0627\u062d\u062a\u0645\u0627\u0644 \u0632\u06cc\u0627\u062f \u062f\u0631 \u0686\u0647 \u0633\u0627\u0644\u06cc \u0645\u062a\u0648\u0644\u062f \u0634\u062f\u0647 \u0627\u0633\u062a\u061f"", ""editdist_prompt"": 0, ""uncorrected_solution0"": ""\u06f1\u06f9\u06f8\u06f4"", ""editdist_solution0"": 0, ""uncorrected_solution1"": ""\u06f1\u06f9\u06f8\u06f1"", ""editdist_solution1"": 0, ""uncorrected_solution2"": ""\u06f1\u06f9\u06f8\u06f3"", ""editdist_solution2"": 0, ""uncorrected_solution3"": ""\u0647\u0632\u0627\u0631 \u0648 \u0646\u0647\u0635\u062f \u0648 \u0647\u0634\u062a\u0627\u062f \u0648 \u067e\u0646\u062c"", ""editdist_solution3"": 25}"
پسر باید قبل از رفتن به مدرسه یک کار خانه را انجام دهد. به احتمال زیاد چه زمانی کار خانه را انجام می‌دهد؟,۶:۳۰ صبح,ساعت ۱۰ صبح,ساعت شش و نیم بعد از ظهر,۹:۳۰ صبح,0,pes_arab,The boy needs to complete a household chore before heading to school. When is he more likely to do the household chore?,6:30 AM,10 AM,6:30 PM,9:30 AM,time,parallel_ex000013_pes_arab,"{""example_inspiration"": ""tram"", ""uncorrected_prompt"": ""\u067e\u0633\u0631 \u0628\u0627\u06cc\u062f \u0642\u0628\u0644 \u0627\u0632 \u0631\u0641\u062a\u0646 \u0628\u0647 \u0645\u062f\u0631\u0633\u0647 \u06cc\u06a9 \u06a9\u0627\u0631 \u062e\u0627\u0646\u0647 \u0631\u0627 \u0627\u0646\u062c\u0627\u0645 \u062f\u0647\u062f. \u0628\u0647 \u0627\u062d\u062a\u0645\u0627\u0644 \u0632\u06cc\u0627\u062f \u0686\u0647 \u0632\u0645\u0627\u0646\u06cc \u06a9\u0627\u0631 \u062e\u0627\u0646\u0647 \u0631\u0627 \u0627\u0646\u062c\u0627\u0645 \u0645\u06cc\u200c\u062f\u0647\u062f\u061f"", ""editdist_prompt"": 0, ""uncorrected_solution0"": ""\u06f6:\u06f3\u06f0 \u0635\u0628\u062d"", ""editdist_solution0"": 0, ""uncorrected_solution1"": ""\u0633\u0627\u0639\u062a \u06f1\u06f0 \u0635\u0628\u062d"", ""editdist_solution1"": 0, ""uncorrected_solution2"": ""\u0633\u0627\u0639\u062a \u0634\u0634 \u0648 \u0646\u06cc\u0645 \u0628\u0639\u062f \u0627\u0632 \u0638\u0647\u0631"", ""editdist_solution2"": 0, ""uncorrected_solution3"": ""\u06f9:\u06f3\u06f0 \u0635\u0628\u062d"", ""editdist_solution3"": 0}"
اواخر بعد از ظهر است. شخصی طوری راه می‌رود که خورشید توی چشمش است. او به چپ می‌پیچد. در چه جهت کلی‌ای در حال حرکت است؟,شرق,غرب,شمال,جنوب,3,pes_arab,It is late in the afternoon. A person is walking so that the sun is in their eyes. They turn left. What general direction are they walking in?,East,West,North,South,spatial,parallel_ex000014_pes_arab,"{""example_inspiration"": ""prost"", ""uncorrected_prompt"": ""\u0627\u0648\u0627\u062e\u0631 \u0628\u0639\u062f \u0627\u0632 \u0638\u0647\u0631 \u0627\u0633\u062a. \u0634\u062e\u0635\u06cc \u0637\u0648\u0631\u06cc \u0631\u0627\u0647 \u0645\u06cc\u200c\u0631\u0648\u062f \u06a9\u0647 \u062e\u0648\u0631\u0634\u06cc\u062f \u062a\u0648\u06cc \u0686\u0634\u0645\u0634 \u0627\u0633\u062a. \u0627\u0648 \u0628\u0647 \u0686\u067e \u0645\u06cc\u200c\u067e\u06cc\u0686\u062f. \u062f\u0631 \u0686\u0647 \u062c\u0647\u062a \u06a9\u0644\u06cc\u200c\u0627\u06cc \u062f\u0631 \u062d\u0627\u0644 \u062d\u0631\u06a9\u062a \u0627\u0633\u062a\u061f"", ""editdist_prompt"": 0, ""uncorrected_solution0"": ""\u0634\u0631\u0642"", ""editdist_solution0"": 0, ""uncorrected_solution1"": ""\u063a\u0631\u0628"", ""editdist_solution1"": 0, ""uncorrected_solution2"": ""\u0634\u0645\u0627\u0644"", ""editdist_solution2"": 0, ""uncorrected_solution3"": ""\u062c\u0646\u0648\u0628"", ""editdist_solution3"": 0}"
شخصی طوری راه می‌رود که رو به خورشید است. خورشید در پایین آسمان قرار دارد. او به چپ می‌پیچد و اکنون به سمت شمال راه می‌رود. به طور کلی چه موقع از روز است؟,صبح زود,عصر دیروقت,ظهر,نزدیک ظهر,0,pes_arab,A person is walking so that they are facing the sun. The sun is low in the sky. They turn left and now they are walking north. What general time of day is it?,Early Morning,Late Afternoon,Mid day,Late morning,spatial,parallel_ex000015_pes_arab,"{""example_inspiration"": ""prost"", ""uncorrected_prompt"": ""\u0634\u062e\u0635\u06cc \u0637\u0648\u0631\u06cc \u0631\u0627\u0647 \u0645\u06cc\u200c\u0631\u0648\u062f \u06a9\u0647 \u0631\u0648 \u0628\u0647 \u062e\u0648\u0631\u0634\u06cc\u062f \u0627\u0633\u062a. \u062e\u0648\u0631\u0634\u06cc\u062f \u062f\u0631 \u067e\u0627\u06cc\u06cc\u0646 \u0622\u0633\u0645\u0627\u0646 \u0642\u0631\u0627\u0631 \u062f\u0627\u0631\u062f. \u0627\u0648 \u0628\u0647 \u0686\u067e \u0645\u06cc\u200c\u067e\u06cc\u0686\u062f \u0648 \u0627\u06a9\u0646\u0648\u0646 \u0628\u0647 \u0633\u0645\u062a \u0634\u0645\u0627\u0644 \u0631\u0627\u0647 \u0645\u06cc\u200c\u0631\u0648\u062f. \u0628\u0647 \u0637\u0648\u0631 \u06a9\u0644\u06cc \u0686\u0647 \u0645\u0648\u0642\u0639 \u0627\u0632 \u0631\u0648\u0632 \u0627\u0633\u062a\u061f"", ""editdist_prompt"": 0, ""uncorrected_solution0"": ""\u0635\u0628\u062d \u0632\u0648\u062f"", ""editdist_solution0"": 0, ""uncorrected_solution1"": ""\u0639\u0635\u0631 \u062f\u06cc\u0631\u0648\u0642\u062a"", ""editdist_solution1"": 0, ""uncorrected_solution2"": ""\u0638\u0647\u0631"", ""editdist_solution2"": 0, ""uncorrected_solution3"": ""\u0646\u0632\u062f\u06cc\u06a9 \u0638\u0647\u0631"", ""editdist_solution3"": 0}"
یک در هست که فقط از یک طرف باز می‌شود. وقتی برای وارد شدن به اتاق از در عبور می‌کنید، آن را برای باز کردن هُل می‌دهید. برای خارج شدن از اتاق، چگونه در را باز می‌کنید؟,می‌شکنیش,فشارش میدی,اونو می‌کشی,بازش می‌کنی,2,pes_arab,"There is a door which only opens in one direction. When you go through the door to enter the room, you push it to open. To exit the room, how do you open the door?",You break it,You push it,You pull it,You unlock it,spatial,parallel_ex000016_pes_arab,"{""example_inspiration"": ""prost"", ""uncorrected_prompt"": ""\u06cc\u06a9 \u062f\u0631 \u0647\u0633\u062a \u06a9\u0647 \u0641\u0642\u0637 \u0627\u0632 \u06cc\u06a9 \u0637\u0631\u0641 \u0628\u0627\u0632 \u0645\u06cc\u200c\u0634\u0648\u062f. \u0648\u0642\u062a\u06cc \u0628\u0631\u0627\u06cc \u0648\u0627\u0631\u062f \u0634\u062f\u0646 \u0628\u0647 \u0627\u062a\u0627\u0642 \u0627\u0632 \u062f\u0631 \u0639\u0628\u0648\u0631 \u0645\u06cc\u200c\u06a9\u0646\u06cc\u062f\u060c \u0622\u0646 \u0631\u0627 \u0628\u0631\u0627\u06cc \u0628\u0627\u0632 \u06a9\u0631\u062f\u0646 \u0647\u064f\u0644 \u0645\u06cc\u200c\u062f\u0647\u06cc\u062f. \u0628\u0631\u0627\u06cc \u062e\u0627\u0631\u062c \u0634\u062f\u0646 \u0627\u0632 \u0627\u062a\u0627\u0642\u060c \u0686\u06af\u0648\u0646\u0647 \u062f\u0631 \u0631\u0627 \u0628\u0627\u0632 \u0645\u06cc\u200c\u06a9\u0646\u06cc\u062f\u061f"", ""editdist_prompt"": 0, ""uncorrected_solution0"": ""\u062a\u0648 \u0645\u06cc\u0634\u06a9\u0646\u06cc\u0634"", ""editdist_solution0"": 4, ""uncorrected_solution1"": ""\u0641\u0634\u0627\u0631\u0634 \u0645\u06cc\u062f\u06cc"", ""editdist_solution1"": 0, ""uncorrected_solution2"": ""\u0627\u0648\u0646\u0648 \u0645\u06cc\u200c\u06a9\u0634\u06cc"", ""editdist_solution2"": 0, ""uncorrected_solution3"": ""\u0628\u0627\u0632\u0634 \u0645\u06cc\u06a9\u0646\u06cc"", ""editdist_solution3"": 1}"
باید چیزی بنویسید، و کاغذ دارید اما وسیله‌ای برای نوشتن ندارید. کدام یک از این‌ها برای نوشتن بهتر است؟,زغال چوب,گچ سفید,یک چوب,کاغذ,0,pes_arab,"You need to write something down, and you have paper but no writing utensil. Which of these would be best to use to write?",Charcoal,White chalk,A stick,Paper,"object_properties_interactions,affordances",parallel_ex000017_pes_arab,"{""example_inspiration"": ""new"", ""uncorrected_prompt"": ""\u0628\u0627\u06cc\u062f \u0686\u06cc\u0632\u06cc \u0628\u0646\u0648\u06cc\u0633\u06cc\u062f\u060c \u0648 \u06a9\u0627\u063a\u0630 \u062f\u0627\u0631\u06cc\u062f \u0627\u0645\u0627 \u0648\u0633\u06cc\u0644\u0647\u200c\u0627\u06cc \u0628\u0631\u0627\u06cc \u0646\u0648\u0634\u062a\u0646 \u0646\u062f\u0627\u0631\u06cc\u062f. \u06a9\u062f\u0627\u0645 \u06cc\u06a9 \u0627\u0632 \u0627\u06cc\u0646\u200c\u0647\u0627 \u0628\u0631\u0627\u06cc \u0646\u0648\u0634\u062a\u0646 \u0628\u0647\u062a\u0631 \u0627\u0633\u062a\u061f"", ""editdist_prompt"": 0, ""uncorrected_solution0"": ""\u0632\u063a\u0627\u0644 \u0686\u0648\u0628"", ""editdist_solution0"": 0, ""uncorrected_solution1"": ""\u06af\u0686 \u0633\u0641\u06cc\u062f"", ""editdist_solution1"": 0, ""uncorrected_solution2"": ""\u06cc\u06a9 \u0686\u0648\u0628"", ""editdist_solution2"": 0, ""uncorrected_solution3"": ""\u06a9\u0627\u063a\u0630"", ""editdist_solution3"": 0}"
کدام رویداد معمولاً بیشتر طول می‌کشد؟,فیلم دیدن,درست کردن صبحانه,جارو کردن زمین,دویدن ۵ کیلومتر,0,pes_arab,Which event generally takes longer?,Watching a movie,Making breakfast,Sweeping the floor,Running 5km,time,parallel_ex000018_pes_arab,"{""example_inspiration"": ""tram"", ""uncorrected_prompt"": ""\u06a9\u062f\u0627\u0645 \u0631\u0648\u06cc\u062f\u0627\u062f \u0645\u0639\u0645\u0648\u0644\u0627\u064b \u0628\u06cc\u0634\u062a\u0631 \u0637\u0648\u0644 \u0645\u06cc\u200c\u06a9\u0634\u062f\u061f"", ""editdist_prompt"": 0, ""uncorrected_solution0"": ""\u0641\u06cc\u0644\u0645 \u062f\u06cc\u062f\u0646"", ""editdist_solution0"": 0, ""uncorrected_solution1"": ""\u062f\u0631\u0633\u062a \u06a9\u0631\u062f\u0646 \u0635\u0628\u062d\u0627\u0646\u0647"", ""editdist_solution1"": 0, ""uncorrected_solution2"": ""\u062c\u0627\u0631\u0648 \u06a9\u0631\u062f\u0646 \u0632\u0645\u06cc\u0646"", ""editdist_solution2"": 0, ""uncorrected_solution3"": ""\u062f\u0648\u06cc\u062f\u0646 \u06f5 \u06a9\u06cc\u0644\u0648\u0645\u062a\u0631"", ""editdist_solution3"": 0}"
وان پر از آب است، اما راه آب آن گرفته است. برای خالی کردن وان، باید آب را از آن به روشویی منتقل کنید. کدام یک از گزینه‌های زیر بهترین ابزار برای این کار است؟,یک بشقاب,قاشق سوپ‌خوری,حوله,دیگ آشپزی,3,pes_arab,"The bathtub is full of water, but the drain is clogged. You need to move water from the bathtub to the sink to drain it. Which of the following is the best tool?",A plate,A soup spoon,A towel,A cooking pot,"object_properties_interactions,affordances",parallel_ex000020_pes_arab,"{""example_inspiration"": ""new"", ""uncorrected_prompt"": ""\u0648\u0627\u0646 \u067e\u0631 \u0627\u0632 \u0622\u0628 \u0627\u0633\u062a\u060c \u0627\u0645\u0627 \u0631\u0627\u0647 \u0622\u0628 \u0622\u0646 \u06af\u0631\u0641\u062a\u0647 \u0627\u0633\u062a. \u0628\u0631\u0627\u06cc \u062e\u0627\u0644\u06cc \u06a9\u0631\u062f\u0646 \u0648\u0627\u0646\u060c \u0628\u0627\u06cc\u062f \u0622\u0628 \u0631\u0627 \u0627\u0632 \u0622\u0646 \u0628\u0647 \u0631\u0648\u0634\u0648\u06cc\u06cc \u0645\u0646\u062a\u0642\u0644 \u06a9\u0646\u06cc\u062f. \u06a9\u062f\u0627\u0645 \u06cc\u06a9 \u0627\u0632 \u06af\u0632\u06cc\u0646\u0647\u200c\u0647\u0627\u06cc \u0632\u06cc\u0631 \u0628\u0647\u062a\u0631\u06cc\u0646 \u0627\u0628\u0632\u0627\u0631 \u0628\u0631\u0627\u06cc \u0627\u06cc\u0646 \u06a9\u0627\u0631 \u0627\u0633\u062a\u061f"", ""editdist_prompt"": 0, ""uncorrected_solution0"": ""\u06cc\u06a9 \u0628\u0634\u0642\u0627\u0628"", ""editdist_solution0"": 0, ""uncorrected_solution1"": ""\u0642\u0627\u0634\u0642 \u0633\u0648\u067e\u200c\u062e\u0648\u0631\u06cc"", ""editdist_solution1"": 0, ""uncorrected_solution2"": ""\u062d\u0648\u0644\u0647"", ""editdist_solution2"": 0, ""uncorrected_solution3"": ""\u062f\u06cc\u06af \u0622\u0634\u067e\u0632\u06cc"", ""editdist_solution3"": 0}"
برای یک جعبه با اندازه مشخص، کدام یک از اشیاء زیر را می‌توان به بیشترین تعداد در آن جا داد؟,کلم‌ها,لیموها,سیب‌ها,انگور,3,pes_arab,"For a box of a given size, which of the following objects can be packed in the largest number?",Cabbages,Lemons,Apples,Grapes,object_properties_interactions,parallel_ex000021_pes_arab,"{""example_inspiration"": ""prost"", ""uncorrected_prompt"": ""\u0628\u0631\u0627\u06cc \u06cc\u06a9 \u062c\u0639\u0628\u0647 \u0628\u0627 \u0627\u0646\u062f\u0627\u0632\u0647 \u0645\u0634\u062e\u0635\u060c \u06a9\u062f\u0627\u0645 \u06cc\u06a9 \u0627\u0632 \u0627\u0634\u06cc\u0627\u0621 \u0632\u06cc\u0631 \u0631\u0627 \u0645\u06cc\u200c\u062a\u0648\u0627\u0646 \u0628\u0647 \u0628\u06cc\u0634\u062a\u0631\u06cc\u0646 \u062a\u0639\u062f\u0627\u062f \u062f\u0631 \u0622\u0646 \u062c\u0627 \u062f\u0627\u062f\u061f"", ""editdist_prompt"": 0, ""uncorrected_solution0"": ""\u06a9\u0644\u0645\u200c\u0647\u0627"", ""editdist_solution0"": 0, ""uncorrected_solution1"": ""\u0644\u06cc\u0645\u0648\u0647\u0627"", ""editdist_solution1"": 0, ""uncorrected_solution2"": ""\u0633\u06cc\u0628\u200c\u0647\u0627"", ""editdist_solution2"": 0, ""uncorrected_solution3"": ""\u0627\u0646\u06af\u0648\u0631"", ""editdist_solution3"": 0}"
شما در حال پر کردن یک ظرف شیشه‌ای با اشیاء هستید. می‌خواهید که ظرف کمترین فضای خالی ممکن را داشته باشد. ظرف را باید با چه چیزی پر کنید؟,تیله‌ها,لوبیا,گوجه فرنگی‌ها,برنج,3,pes_arab,You are filling a glass jar with objects. You want the jar to have as little empty space as possible. What should you fill the jar with?,Marbles,Beans,Tomatoes,Rice,object_properties_interactions,parallel_ex000022_pes_arab,"{""example_inspiration"": ""prost"", ""uncorrected_prompt"": ""\u0634\u0645\u0627 \u062f\u0631 \u062d\u0627\u0644 \u067e\u0631 \u06a9\u0631\u062f\u0646 \u06cc\u06a9 \u0638\u0631\u0641 \u0634\u06cc\u0634\u0647\u200c\u0627\u06cc \u0628\u0627 \u0627\u0634\u06cc\u0627\u0621 \u0647\u0633\u062a\u06cc\u062f. \u0645\u06cc\u200c\u062e\u0648\u0627\u0647\u06cc\u062f \u06a9\u0647 \u0638\u0631\u0641 \u06a9\u0645\u062a\u0631\u06cc\u0646 \u0641\u0636\u0627\u06cc \u062e\u0627\u0644\u06cc \u0645\u0645\u06a9\u0646 \u0631\u0627 \u062f\u0627\u0634\u062a\u0647 \u0628\u0627\u0634\u062f. \u0638\u0631\u0641 \u0631\u0627 \u0628\u0627\u06cc\u062f \u0628\u0627 \u0686\u0647 \u0686\u06cc\u0632\u06cc \u067e\u0631 \u06a9\u0646\u06cc\u062f\u061f"", ""editdist_prompt"": 0, ""uncorrected_solution0"": ""\u062a\u06cc\u0644\u0647\u200c\u0647\u0627"", ""editdist_solution0"": 0, ""uncorrected_solution1"": ""\u0644\u0648\u0628\u06cc\u0627"", ""editdist_solution1"": 0, ""uncorrected_solution2"": ""\u06af\u0648\u062c\u0647 \u0641\u0631\u0646\u06af\u06cc\u200c\u0647\u0627"", ""editdist_solution2"": 0, ""uncorrected_solution3"": ""\u0628\u0631\u0646\u062c"", ""editdist_solution3"": 0}"
اگر یکی از این اشیاء را از پنجرهٔ یک ساختمان بلند به پایین بیندازید، کدام یک به احتمال زیاد قر می‌شود؟,یک کفش,یک جعبه چوبی,کاسه سرامیکی,یک قوطی آلومینیومی,3,pes_arab,"If you drop one of these items from the window of a tall building, which is most likely to be dented?",A shoe,A wooden box,A ceramic bowl,An aluminum can,object_properties_interactions,parallel_ex000023_pes_arab,"{""example_inspiration"": ""prost"", ""uncorrected_prompt"": ""\u0627\u06af\u0631 \u06cc\u06a9\u06cc \u0627\u0632 \u0627\u06cc\u0646 \u0627\u0634\u06cc\u0627\u0621 \u0631\u0627 \u0627\u0632 \u067e\u0646\u062c\u0631\u0647\u0654 \u06cc\u06a9 \u0633\u0627\u062e\u062a\u0645\u0627\u0646 \u0628\u0644\u0646\u062f \u0628\u0647 \u067e\u0627\u06cc\u06cc\u0646 \u0628\u06cc\u0646\u062f\u0627\u0632\u06cc\u062f\u060c \u06a9\u062f\u0627\u0645 \u06cc\u06a9 \u0628\u0647 \u0627\u062d\u062a\u0645\u0627\u0644 \u0632\u06cc\u0627\u062f \u0642\u0631 \u0645\u06cc\u200c\u0634\u0648\u062f\u061f"", ""editdist_prompt"": 0, ""uncorrected_solution0"": ""\u06cc\u06a9 \u06a9\u0641\u0634"", ""editdist_solution0"": 0, ""uncorrected_solution1"": ""\u06cc\u06a9 \u062c\u0639\u0628\u0647 \u0686\u0648\u0628\u06cc"", ""editdist_solution1"": 0, ""uncorrected_solution2"": ""\u06a9\u0627\u0633\u0647 \u0633\u0631\u0627\u0645\u06cc\u06a9\u06cc"", ""editdist_solution2"": 0, ""uncorrected_solution3"": ""\u06cc\u06a9 \u0642\u0648\u0637\u06cc \u0622\u0644\u0648\u0645\u06cc\u0646\u06cc\u0648\u0645\u06cc"", ""editdist_solution3"": 0}"
اگر با ماشین از روی این چیزها رد شوید، کدام یک به احتمال زیاد له می‌شود؟,یک سنگ کوچک,یک سکه,یک قوطی آلومینیومی,یک توپ لاستیکی,2,pes_arab,"If you drive over these items with a car, which is most likely to be crushed?",A small stone,A coin,An aluminum can,A rubber ball,object_properties_interactions,parallel_ex000024_pes_arab,"{""example_inspiration"": ""prost"", ""uncorrected_prompt"": ""\u0627\u06af\u0631 \u0628\u0627 \u0645\u0627\u0634\u06cc\u0646 \u0627\u0632 \u0631\u0648\u06cc \u0627\u06cc\u0646 \u0686\u06cc\u0632\u0647\u0627 \u0631\u062f \u0634\u0648\u06cc\u062f\u060c \u06a9\u062f\u0627\u0645 \u06cc\u06a9 \u0628\u0647 \u0627\u062d\u062a\u0645\u0627\u0644 \u0632\u06cc\u0627\u062f \u0644\u0647 \u0645\u06cc\u200c\u0634\u0648\u062f\u061f"", ""editdist_prompt"": 0, ""uncorrected_solution0"": ""\u06cc\u06a9 \u0633\u0646\u06af \u06a9\u0648\u0686\u06a9"", ""editdist_solution0"": 0, ""uncorrected_solution1"": ""\u06cc\u06a9 \u0633\u06a9\u0647"", ""editdist_solution1"": 0, ""uncorrected_solution2"": ""\u06cc\u06a9 \u0642\u0648\u0637\u06cc \u0622\u0644\u0648\u0645\u06cc\u0646\u06cc\u0648\u0645\u06cc"", ""editdist_solution2"": 0, ""uncorrected_solution3"": ""\u062a\u0648\u067e \u067e\u0644\u0627\u0633\u062a\u06cc\u06a9\u06cc"", ""editdist_solution3"": 4}"
اگر یکی از این اشیاء را از پنجره یک ساختمان بلند به پایین بیندازید، کدام‌یک به احتمال زیاد آسیبی نمی‌بیند؟,یک تکه طناب,یک لیوان نوشیدنی,یک جعبه چوبی,یک قوطی غذا,0,pes_arab,"If you drop one of these items from the window of a tall building, which is most likely to be unaffected?",A piece of rope,A drinking cup,A wooden box,A can of food,object_properties_interactions,parallel_ex000025_pes_arab,"{""example_inspiration"": ""prost"", ""uncorrected_prompt"": ""\u0627\u06af\u0631 \u06cc\u06a9\u06cc \u0627\u0632 \u0627\u06cc\u0646 \u0627\u0634\u06cc\u0627\u0621 \u0631\u0627 \u0627\u0632 \u067e\u0646\u062c\u0631\u0647 \u06cc\u06a9 \u0633\u0627\u062e\u062a\u0645\u0627\u0646 \u0628\u0644\u0646\u062f \u0628\u0647 \u067e\u0627\u06cc\u06cc\u0646 \u0628\u06cc\u0646\u062f\u0627\u0632\u06cc\u062f\u060c \u06a9\u062f\u0627\u0645\u200c\u06cc\u06a9 \u0628\u0647 \u0627\u062d\u062a\u0645\u0627\u0644 \u0632\u06cc\u0627\u062f \u0622\u0633\u06cc\u0628\u06cc \u0646\u0645\u06cc\u200c\u0628\u06cc\u0646\u062f\u061f"", ""editdist_prompt"": 0, ""uncorrected_solution0"": ""\u06cc\u06a9 \u062a\u06a9\u0647 \u0637\u0646\u0627\u0628"", ""editdist_solution0"": 0, ""uncorrected_solution1"": ""\u06cc\u06a9 \u0644\u06cc\u0648\u0627\u0646 \u0646\u0648\u0634\u06cc\u062f\u0646\u06cc"", ""editdist_solution1"": 0, ""uncorrected_solution2"": ""\u06cc\u06a9 \u062c\u0639\u0628\u0647 \u0686\u0648\u0628\u06cc"", ""editdist_solution2"": 0, ""uncorrected_solution3"": ""\u06cc\u06a9 \u0642\u0648\u0637\u06cc \u063a\u0630\u0627"", ""editdist_solution3"": 0}"
شما کتابی را که برای خواهر یا برادرتان هدیه خریده‌اید، تا زمانی که به او بدهید، پنهان می‌کنید. بهترین جا برای پنهان کردن آن کجاست؟,روی صندلی میزت,زیر لباس‌های تا شده‌ات,زیر میز,توی کفش خواهر/برادرت,1,pes_arab,You are hiding a book you bought as a present for your sibling until you give it to them. What is the best place for you to hide it?,On your desk chair,Under your folded clothes,Under the table,Inside your sibling's shoes,"object_properties_interactions,affordances",parallel_ex000026_pes_arab,"{""example_inspiration"": ""glenberg_robertson"", ""uncorrected_prompt"": ""\u0634\u0645\u0627 \u06a9\u062a\u0627\u0628\u06cc \u0631\u0627 \u06a9\u0647 \u0628\u0631\u0627\u06cc \u062e\u0648\u0627\u0647\u0631 \u06cc\u0627 \u0628\u0631\u0627\u062f\u0631\u062a\u0627\u0646 \u0647\u062f\u06cc\u0647 \u062e\u0631\u06cc\u062f\u0647\u200c\u0627\u06cc\u062f\u060c \u062a\u0627 \u0632\u0645\u0627\u0646\u06cc \u06a9\u0647 \u0628\u0647 \u0627\u0648 \u0628\u062f\u0647\u06cc\u062f\u060c \u067e\u0646\u0647\u0627\u0646 \u0645\u06cc\u200c\u06a9\u0646\u06cc\u062f. \u0628\u0647\u062a\u0631\u06cc\u0646 \u062c\u0627 \u0628\u0631\u0627\u06cc \u067e\u0646\u0647\u0627\u0646 \u06a9\u0631\u062f\u0646 \u0622\u0646 \u06a9\u062c\u0627\u0633\u062a\u061f"", ""editdist_prompt"": 0, ""uncorrected_solution0"": ""\u0631\u0648\u06cc \u0635\u0646\u062f\u0644\u06cc \u0645\u06cc\u0632\u062a"", ""editdist_solution0"": 0, ""uncorrected_solution1"": ""\u0632\u06cc\u0631 \u0644\u0628\u0627\u0633\u200c\u0647\u0627\u06cc \u062a\u0627 \u0634\u062f\u0647\u200c\u0627\u062a"", ""editdist_solution1"": 0, ""uncorrected_solution2"": ""\u0632\u06cc\u0631 \u0645\u06cc\u0632"", ""editdist_solution2"": 0, ""uncorrected_solution3"": ""\u062a\u0648\u06cc \u06a9\u0641\u0634 \u062e\u0648\u0627\u0647\u0631/\u0628\u0631\u0627\u062f\u0631\u062a"", ""editdist_solution3"": 0}"
شما یک جفت کفش را که برای خواهر یا برادرتان هدیه خریده‌اید، تا وقتی که به او بدهید قایم کرده‌اید. بهترین جا برای قایم کردن آن کجاست؟,توی چکمه‌هات,درون یک چمدان خالی,در یک کشوی آشپزخانه,زیر کوسن مبل,1,pes_arab,You are hiding a pair of shoes you bought as a present for your sibling until you give it to them. What is the best place for you to hide it?,Inside your boots,Inside an empty suitcase,In a kitchen drawer,Under a couch cushion,"object_properties_interactions,affordances",parallel_ex000027_pes_arab,"{""example_inspiration"": ""glenberg_robertson"", ""uncorrected_prompt"": ""\u0634\u0645\u0627 \u06cc\u06a9 \u062c\u0641\u062a \u06a9\u0641\u0634 \u0631\u0627 \u06a9\u0647 \u0628\u0631\u0627\u06cc \u062e\u0648\u0627\u0647\u0631 \u06cc\u0627 \u0628\u0631\u0627\u062f\u0631\u062a\u0627\u0646 \u0647\u062f\u06cc\u0647 \u062e\u0631\u06cc\u062f\u0647\u200c\u0627\u06cc\u062f\u060c \u062a\u0627 \u0648\u0642\u062a\u06cc \u06a9\u0647 \u0628\u0647 \u0627\u0648 \u0628\u062f\u0647\u06cc\u062f \u0642\u0627\u06cc\u0645 \u06a9\u0631\u062f\u0647\u200c\u0627\u06cc\u062f. \u0628\u0647\u062a\u0631\u06cc\u0646 \u062c\u0627 \u0628\u0631\u0627\u06cc \u0642\u0627\u06cc\u0645 \u06a9\u0631\u062f\u0646 \u0622\u0646 \u06a9\u062c\u0627\u0633\u062a\u061f"", ""editdist_prompt"": 0, ""uncorrected_solution0"": ""\u062a\u0648\u06cc \u0686\u06a9\u0645\u0647\u200c\u0647\u0627\u062a"", ""editdist_solution0"": 0, ""uncorrected_solution1"": ""\u062f\u0631\u0648\u0646 \u06cc\u06a9 \u0686\u0645\u062f\u0627\u0646 \u062e\u0627\u0644\u06cc"", ""editdist_solution1"": 0, ""uncorrected_solution2"": ""\u062f\u0631 \u06cc\u06a9 \u06a9\u0634\u0648\u06cc \u0622\u0634\u067e\u0632\u062e\u0627\u0646\u0647"", ""editdist_solution2"": 0, ""uncorrected_solution3"": ""\u0632\u06cc\u0631 \u06a9\u0648\u0633\u0646 \u0645\u0628\u0644"", ""editdist_solution3"": 0}"
باید عینک‌تان را که در باران خیس شده خشک کنید. بهترین چیز برای خشک کردن آن چیست؟,انگشت‌هایت,کفشت,قسمتی از پیراهنت,کیسه کاغذی,2,pes_arab,"You need to dry off your glasses, which got wet in the rain. Which is best for drying them off?",Your fingers,Your shoe,Part of your shirt,A paper bag,"object_properties_interactions,affordances",parallel_ex000028_pes_arab,"{""example_inspiration"": ""glenberg_robertson"", ""uncorrected_prompt"": ""\u0628\u0627\u06cc\u062f \u0639\u06cc\u0646\u06a9\u200c\u062a\u0627\u0646 \u0631\u0627 \u06a9\u0647 \u062f\u0631 \u0628\u0627\u0631\u0627\u0646 \u062e\u06cc\u0633 \u0634\u062f\u0647 \u062e\u0634\u06a9 \u06a9\u0646\u06cc\u062f. \u0628\u0647\u062a\u0631\u06cc\u0646 \u0686\u06cc\u0632 \u0628\u0631\u0627\u06cc \u062e\u0634\u06a9 \u06a9\u0631\u062f\u0646 \u0622\u0646 \u0686\u06cc\u0633\u062a\u061f"", ""editdist_prompt"": 0, ""uncorrected_solution0"": ""\u0627\u0646\u06af\u0634\u062a\u200c\u0647\u0627\u06cc\u062a"", ""editdist_solution0"": 0, ""uncorrected_solution1"": ""\u06a9\u0641\u0634\u062a"", ""editdist_solution1"": 0, ""uncorrected_solution2"": ""\u0642\u0633\u0645\u062a\u06cc \u0627\u0632 \u067e\u06cc\u0631\u0627\u0647\u0646\u062a"", ""editdist_solution2"": 0, ""uncorrected_solution3"": ""\u06a9\u06cc\u0633\u0647 \u06a9\u0627\u063a\u0630\u06cc"", ""editdist_solution3"": 0}"
از دوستت می‌پرسی که توی جیب شلوارش چیست. به احتمال زیاد کدام یک از این‌هاست؟,ده جفت عینک,ده کیف پول,ده کلاه,ده کلید,3,pes_arab,You ask your friend what is in their pants pocket. Which of these is it most likely to be?,Ten pairs of glasses,Ten wallets,Ten hats,Ten keys,object_properties_interactions,parallel_ex000029_pes_arab,"{""example_inspiration"": ""new"", ""uncorrected_prompt"": ""\u0627\u0632 \u062f\u0648\u0633\u062a\u062a \u0645\u06cc\u200c\u067e\u0631\u0633\u06cc \u06a9\u0647 \u062a\u0648\u06cc \u062c\u06cc\u0628 \u0634\u0644\u0648\u0627\u0631\u0634 \u0686\u06cc\u0633\u062a. \u0628\u0647 \u0627\u062d\u062a\u0645\u0627\u0644 \u0632\u06cc\u0627\u062f \u06a9\u062f\u0627\u0645 \u06cc\u06a9 \u0627\u0632 \u0627\u06cc\u0646\u200c\u0647\u0627\u0633\u062a\u061f"", ""editdist_prompt"": 0, ""uncorrected_solution0"": ""\u062f\u0647 \u062c\u0641\u062a \u0639\u06cc\u0646\u06a9"", ""editdist_solution0"": 0, ""uncorrected_solution1"": ""\u062f\u0647 \u06a9\u06cc\u0641 \u067e\u0648\u0644"", ""editdist_solution1"": 0, ""uncorrected_solution2"": ""\u062f\u0647 \u06a9\u0644\u0627\u0647"", ""editdist_solution2"": 0, ""uncorrected_solution3"": ""\u062f\u0647 \u06a9\u0644\u06cc\u062f"", ""editdist_solution3"": 0}"
دو سطل یکسان وجود دارد. یکی از سطل‌ها با برنج و دیگری با اسفناج پر شده است. کدام سطل سنگین‌تر است؟,سطل پر از اسفناج,سطل‌ها هم‌وزن هستند,سطل پر از برنج,بستگی داره اسفناج چقدر رسیده باشه,2,pes_arab,There are two identical buckets. One bucket is filled with rice and the other is filled with spinach. Which bucket is heavier?,The bucket filled with spinach,The buckets weigh the same,The bucket filled with rice,It depends on how ripe the spinach is,object_properties_interactions,parallel_ex000030_pes_arab,"{""example_inspiration"": ""new"", ""uncorrected_prompt"": ""\u062f\u0648 \u0633\u0637\u0644 \u06cc\u06a9\u0633\u0627\u0646 \u0648\u062c\u0648\u062f \u062f\u0627\u0631\u062f. \u06cc\u06a9\u06cc \u0627\u0632 \u0633\u0637\u0644\u200c\u0647\u0627 \u0628\u0627 \u0628\u0631\u0646\u062c \u0648 \u062f\u06cc\u06af\u0631\u06cc \u0628\u0627 \u0627\u0633\u0641\u0646\u0627\u062c \u067e\u0631 \u0634\u062f\u0647 \u0627\u0633\u062a. \u06a9\u062f\u0627\u0645 \u0633\u0637\u0644 \u0633\u0646\u06af\u06cc\u0646\u200c\u062a\u0631 \u0627\u0633\u062a\u061f"", ""editdist_prompt"": 0, ""uncorrected_solution0"": ""\u0633\u0637\u0644 \u067e\u0631 \u0627\u0632 \u0627\u0633\u0641\u0646\u0627\u062c"", ""editdist_solution0"": 0, ""uncorrected_solution1"": ""\u0633\u0637\u0644\u200c\u0647\u0627 \u0647\u0645\u200c\u0648\u0632\u0646 \u0647\u0633\u062a\u0646\u062f"", ""editdist_solution1"": 0, ""uncorrected_solution2"": ""\u0633\u0637\u0644 \u067e\u0631 \u0627\u0632 \u0628\u0631\u0646\u062c"", ""editdist_solution2"": 0, ""uncorrected_solution3"": ""\u0628\u0633\u062a\u06af\u06cc \u062f\u0627\u0631\u0647 \u0627\u0633\u0641\u0646\u0627\u062c \u0686\u0642\u062f\u0631 \u0631\u0633\u06cc\u062f\u0647 \u0628\u0627\u0634\u0647"", ""editdist_solution3"": 0}"
دو لیوان یکسان وجود دارد. یکی با شن و دیگری با آب پر شده است. کدام لیوان سنگین‌تر است؟,فنجان پر از شن,بستگی به رنگ آب دارد,وزن فنجان‌ها یکسان است,لیوان پر از آب,0,pes_arab,There are two identical cups. One cup is filled with sand and the other is filled with water. Which cup is heavier?,The cup filled with sand,It depends on the color of the water,The cups weigh the same,The cup filled with water,object_properties_interactions,parallel_ex000031_pes_arab,"{""example_inspiration"": ""new"", ""uncorrected_prompt"": ""\u062f\u0648 \u0644\u06cc\u0648\u0627\u0646 \u06cc\u06a9\u0633\u0627\u0646 \u0648\u062c\u0648\u062f \u062f\u0627\u0631\u062f. \u06cc\u06a9\u06cc \u0628\u0627 \u0634\u0646 \u0648 \u062f\u06cc\u06af\u0631\u06cc \u0628\u0627 \u0622\u0628 \u067e\u0631 \u0634\u062f\u0647 \u0627\u0633\u062a. \u06a9\u062f\u0627\u0645 \u0644\u06cc\u0648\u0627\u0646 \u0633\u0646\u06af\u06cc\u0646\u200c\u062a\u0631 \u0627\u0633\u062a\u061f"", ""editdist_prompt"": 0, ""uncorrected_solution0"": ""\u0641\u0646\u062c\u0627\u0646 \u067e\u0631 \u0627\u0632 \u0634\u0646"", ""editdist_solution0"": 0, ""uncorrected_solution1"": ""\u0628\u0633\u062a\u06af\u06cc \u0628\u0647 \u0631\u0646\u06af \u0622\u0628 \u062f\u0627\u0631\u062f"", ""editdist_solution1"": 0, ""uncorrected_solution2"": ""\u0648\u0632\u0646 \u0641\u0646\u062c\u0627\u0646\u200c\u0647\u0627 \u06cc\u06a9\u0633\u0627\u0646 \u0627\u0633\u062a"", ""editdist_solution2"": 0, ""uncorrected_solution3"": ""\u0644\u06cc\u0648\u0627\u0646 \u067e\u0631 \u0627\u0632 \u0622\u0628"", ""editdist_solution3"": 0}"
کوله‌پشتی تو پر از کتاب است. کوله‌پشتی دوستت پر از قوطی‌های فلزی خالی است. شما کوله‌پشتی‌هایتان را با هم عوض می‌کنید. چه کسی سنگین‌ترین کوله‌پشتی را حمل می‌کند؟,دوست شما,شما,کوله پشتی‌هاتون هم‌وزن هستن,سگ شما,0,pes_arab,Your backpack is full of books. Your friend's backpack is full of empty metal cans. You switch backpacks. Who is carrying the heaviest backpack?,Your friend,You,Your backpacks weigh the same,Your dog,object_properties_interactions,parallel_ex000032_pes_arab,"{""example_inspiration"": ""new"", ""uncorrected_prompt"": ""\u06a9\u0648\u0644\u0647\u200c\u067e\u0634\u062a\u06cc \u062a\u0648 \u067e\u0631 \u0627\u0632 \u06a9\u062a\u0627\u0628 \u0627\u0633\u062a. \u06a9\u0648\u0644\u0647\u200c\u067e\u0634\u062a\u06cc \u062f\u0648\u0633\u062a\u062a \u067e\u0631 \u0627\u0632 \u0642\u0648\u0637\u06cc\u200c\u0647\u0627\u06cc \u0641\u0644\u0632\u06cc \u062e\u0627\u0644\u06cc \u0627\u0633\u062a. \u0634\u0645\u0627 \u06a9\u0648\u0644\u0647\u200c\u067e\u0634\u062a\u06cc\u200c\u0647\u0627\u06cc\u062a\u0627\u0646 \u0631\u0627 \u0628\u0627 \u0647\u0645 \u0639\u0648\u0636 \u0645\u06cc\u200c\u06a9\u0646\u06cc\u062f. \u0686\u0647 \u06a9\u0633\u06cc \u0633\u0646\u06af\u06cc\u0646\u200c\u062a\u0631\u06cc\u0646 \u06a9\u0648\u0644\u0647\u200c\u067e\u0634\u062a\u06cc \u0631\u0627 \u062d\u0645\u0644 \u0645\u06cc\u200c\u06a9\u0646\u062f\u061f"", ""editdist_prompt"": 0, ""uncorrected_solution0"": ""\u062f\u0648\u0633\u062a \u0634\u0645\u0627"", ""editdist_solution0"": 0, ""uncorrected_solution1"": ""\u0634\u0645\u0627"", ""editdist_solution1"": 0, ""uncorrected_solution2"": ""\u06a9\u0648\u0644\u0647 \u067e\u0634\u062a\u06cc\u200c\u0647\u0627\u062a\u0648\u0646 \u0647\u0645\u200c\u0648\u0632\u0646 \u0647\u0633\u062a\u0646."", ""editdist_solution2"": 1, ""uncorrected_solution3"": ""\u0633\u06af \u0634\u0645\u0627"", ""editdist_solution3"": 0}"
وقتی از خواب بیدار می‌شوی، موهایت خیلی به هم ریخته است، برای همین از شانه برای صاف کردنشان استفاده می‌کنی. به کدام سمت باید شانه بزنی؟,به سمت بالا,پهلو به پهلو,شانه را ثابت نگه دار,به سمت پایین,3,pes_arab,"When you wake up, your hair is very messy, so you use a comb to straighten it. What direction should you comb?",Upwards,Side to side,Keep the comb still,Downwards,"object_properties_interactions,affordances",parallel_ex000033_pes_arab,"{""example_inspiration"": ""globalpiqa_nonparallel"", ""uncorrected_prompt"": ""\u0648\u0642\u062a\u06cc \u0627\u0632 \u062e\u0648\u0627\u0628 \u0628\u06cc\u062f\u0627\u0631 \u0645\u06cc\u200c\u0634\u0648\u06cc\u060c \u0645\u0648\u0647\u0627\u06cc\u062a \u062e\u06cc\u0644\u06cc \u0628\u0647 \u0647\u0645 \u0631\u06cc\u062e\u062a\u0647 \u0627\u0633\u062a\u060c \u0628\u0631\u0627\u06cc \u0647\u0645\u06cc\u0646 \u0627\u0632 \u0634\u0627\u0646\u0647 \u0628\u0631\u0627\u06cc \u0635\u0627\u0641 \u06a9\u0631\u062f\u0646\u0634\u0627\u0646 \u0627\u0633\u062a\u0641\u0627\u062f\u0647 \u0645\u06cc\u200c\u06a9\u0646\u06cc. \u0628\u0647 \u06a9\u062f\u0627\u0645 \u0633\u0645\u062a \u0628\u0627\u06cc\u062f \u0634\u0627\u0646\u0647 \u0628\u0632\u0646\u06cc\u061f"", ""editdist_prompt"": 0, ""uncorrected_solution0"": ""\u0628\u0647 \u0633\u0645\u062a \u0628\u0627\u0644\u0627"", ""editdist_solution0"": 0, ""uncorrected_solution1"": ""\u067e\u0647\u0644\u0648 \u0628\u0647 \u067e\u0647\u0644\u0648"", ""editdist_solution1"": 0, ""uncorrected_solution2"": ""\u0634\u0627\u0646\u0647 \u0631\u0627 \u062b\u0627\u0628\u062a \u0646\u06af\u0647 \u062f\u0627\u0631"", ""editdist_solution2"": 0, ""uncorrected_solution3"": ""\u0628\u0647 \u0633\u0645\u062a \u067e\u0627\u06cc\u06cc\u0646"", ""editdist_solution3"": 0}"
اگر دست راستت را به سمت دیگر بدنت ببری، کدام سمت بدنت را لمس خواهی کرد؟,سمت راستت,سمت چپت,سرت,کمرت,1,pes_arab,"If you reach your right hand across your body, which side of your body will you be touching?",Your right side,Your left side,Your head,Your back,spatial,parallel_ex000034_pes_arab,"{""example_inspiration"": ""globalpiqa_nonparallel"", ""uncorrected_prompt"": ""\u0627\u06af\u0631 \u062f\u0633\u062a \u0631\u0627\u0633\u062a\u062a \u0631\u0627 \u0628\u0647 \u0633\u0645\u062a \u062f\u06cc\u06af\u0631 \u0628\u062f\u0646\u062a \u0628\u0628\u0631\u06cc\u060c \u06a9\u062f\u0627\u0645 \u0633\u0645\u062a \u0628\u062f\u0646\u062a \u0631\u0627 \u0644\u0645\u0633 \u062e\u0648\u0627\u0647\u06cc \u06a9\u0631\u062f\u061f"", ""editdist_prompt"": 0, ""uncorrected_solution0"": ""\u0633\u0645\u062a \u0631\u0627\u0633\u062a\u062a"", ""editdist_solution0"": 0, ""uncorrected_solution1"": ""\u0633\u0645\u062a \u0686\u067e\u062a"", ""editdist_solution1"": 0, ""uncorrected_solution2"": ""\u0633\u0631\u062a"", ""editdist_solution2"": 0, ""uncorrected_solution3"": ""\u06a9\u0645\u0631\u062a"", ""editdist_solution3"": 0}"
وقتی یک توپ روی تپه‌ای گذاشته می‌شود، قل می‌خورد. وقتی یک قرص نان را روی همان تپه بگذارید، نان چه کار خواهد کرد؟,پاره خواهد شد,خرد خواهد شد,می‌غلته,ثابت می‌ماند,3,pes_arab,"When a ball is placed on a hill, it rolls. When you place a loaf of bread on the same hill, what will the bread do?",It will tear,It will be crushed,It will roll,It will stay still,object_properties_interactions,parallel_ex000035_pes_arab,"{""example_inspiration"": ""globalpiqa_nonparallel"", ""uncorrected_prompt"": ""\u0648\u0642\u062a\u06cc \u06cc\u06a9 \u062a\u0648\u067e \u0631\u0648\u06cc \u062a\u067e\u0647\u200c\u0627\u06cc \u06af\u0630\u0627\u0634\u062a\u0647 \u0645\u06cc\u200c\u0634\u0648\u062f\u060c \u0642\u0644 \u0645\u06cc\u200c\u062e\u0648\u0631\u062f. \u0648\u0642\u062a\u06cc \u06cc\u06a9 \u0642\u0631\u0635 \u0646\u0627\u0646 \u0631\u0627 \u0631\u0648\u06cc \u0647\u0645\u0627\u0646 \u062a\u067e\u0647 \u0628\u06af\u0630\u0627\u0631\u06cc\u062f\u060c \u0646\u0627\u0646 \u0686\u0647 \u06a9\u0627\u0631 \u062e\u0648\u0627\u0647\u062f \u06a9\u0631\u062f\u061f"", ""editdist_prompt"": 0, ""uncorrected_solution0"": ""\u067e\u0627\u0631\u0647 \u062e\u0648\u0627\u0647\u062f \u0634\u062f"", ""editdist_solution0"": 0, ""uncorrected_solution1"": ""\u062e\u0631\u062f \u062e\u0648\u0627\u0647\u062f \u0634\u062f"", ""editdist_solution1"": 0, ""uncorrected_solution2"": ""\u0645\u06cc\u200c\u063a\u0644\u062a\u0647"", ""editdist_solution2"": 0, ""uncorrected_solution3"": ""\u062b\u0627\u0628\u062a \u0645\u06cc\u200c\u0645\u0627\u0646\u062f"", ""editdist_solution3"": 0}"
اگه یه لیوان شیشه‌ای رو تا لبه از آب پر کنی، و بعد یه قطره دیگه به آرومی بهش اضافه کنی، چه اتفاقی می‌افته؟,خواهد لرزید,نمی‌ریزه,می‌ریزه,میشکنه,1,pes_arab,"If you fill a glass cup with water all the way to the top, then gently add one more drop of water, what will it do?",It will shake,It will not spill,It will spill,It will break,object_properties_interactions,parallel_ex000036_pes_arab,"{""example_inspiration"": ""globalpiqa_nonparallel"", ""uncorrected_prompt"": ""\u0627\u06af\u0647 \u06cc\u0647 \u0644\u06cc\u0648\u0627\u0646 \u0634\u06cc\u0634\u0647\u200c\u0627\u06cc \u0631\u0648 \u062a\u0627 \u0644\u0628\u0647 \u0627\u0632 \u0622\u0628 \u067e\u0631 \u06a9\u0646\u06cc\u060c \u0648 \u0628\u0639\u062f \u06cc\u0647 \u0642\u0637\u0631\u0647 \u062f\u06cc\u06af\u0647 \u0628\u0647 \u0622\u0631\u0648\u0645\u06cc \u0628\u0647\u0634 \u0627\u0636\u0627\u0641\u0647 \u06a9\u0646\u06cc\u060c \u0686\u0647 \u0627\u062a\u0641\u0627\u0642\u06cc \u0645\u06cc\u200c\u0627\u0641\u062a\u0647\u061f"", ""editdist_prompt"": 0, ""uncorrected_solution0"": ""\u062e\u0648\u0627\u0647\u062f \u0644\u0631\u0632\u06cc\u062f"", ""editdist_solution0"": 0, ""uncorrected_solution1"": ""\u0646\u0645\u06cc\u200c\u0631\u06cc\u0632\u0647"", ""editdist_solution1"": 0, ""uncorrected_solution2"": ""\u0645\u06cc\u200c\u0631\u06cc\u0632\u0647"", ""editdist_solution2"": 0, ""uncorrected_solution3"": ""\u0645\u06cc\u0634\u06a9\u0646\u0647"", ""editdist_solution3"": 0}"
برای اینکه زیر آفتاب داغ خنک‌تر بمانم، چه رنگ لباسی باید بپوشم؟,سبز,سیاه,سفید,آبی,2,pes_arab,"To feel cooler in the hot sun, what color clothes should I wear?",Green,Black,White,Blue,object_properties_interactions,parallel_ex000037_pes_arab,"{""example_inspiration"": ""globalpiqa_nonparallel"", ""uncorrected_prompt"": ""\u0628\u0631\u0627\u06cc \u0627\u06cc\u0646\u06a9\u0647 \u0632\u06cc\u0631 \u0622\u0641\u062a\u0627\u0628 \u062f\u0627\u063a \u062e\u0646\u06a9\u200c\u062a\u0631 \u0628\u0645\u0627\u0646\u0645\u060c \u0686\u0647 \u0631\u0646\u06af \u0644\u0628\u0627\u0633\u06cc \u0628\u0627\u06cc\u062f \u0628\u067e\u0648\u0634\u0645\u061f"", ""editdist_prompt"": 0, ""uncorrected_solution0"": ""\u0633\u0628\u0632"", ""editdist_solution0"": 0, ""uncorrected_solution1"": ""\u0633\u06cc\u0627\u0647"", ""editdist_solution1"": 0, ""uncorrected_solution2"": ""\u0633\u0641\u06cc\u062f"", ""editdist_solution2"": 0, ""uncorrected_solution3"": ""\u0622\u0628\u06cc"", ""editdist_solution3"": 0}"
شما یک قاشق را در یک لیوان آب داغ قرار می‌دهید و قاشق داغ می‌شود. چه نوع قاشقی سریع‌تر از همه داغ می‌شود؟,پلاستیک,چوب,فلز,سیلیکون,2,pes_arab,"You put a spoon in a cup of hot water, and the spoon gets hot. What type of spoon would heat up the fastest?",Plastic,Wood,Metal,Silicone,object_properties_interactions,parallel_ex000038_pes_arab,"{""example_inspiration"": ""globalpiqa_nonparallel"", ""uncorrected_prompt"": ""\u0634\u0645\u0627 \u06cc\u06a9 \u0642\u0627\u0634\u0642 \u0631\u0627 \u062f\u0631 \u06cc\u06a9 \u0644\u06cc\u0648\u0627\u0646 \u0622\u0628 \u062f\u0627\u063a \u0642\u0631\u0627\u0631 \u0645\u06cc\u200c\u062f\u0647\u06cc\u062f \u0648 \u0642\u0627\u0634\u0642 \u062f\u0627\u063a \u0645\u06cc\u200c\u0634\u0648\u062f. \u0686\u0647 \u0646\u0648\u0639 \u0642\u0627\u0634\u0642\u06cc \u0633\u0631\u06cc\u0639\u200c\u062a\u0631 \u0627\u0632 \u0647\u0645\u0647 \u062f\u0627\u063a \u0645\u06cc\u200c\u0634\u0648\u062f\u061f"", ""editdist_prompt"": 0, ""uncorrected_solution0"": ""\u067e\u0644\u0627\u0633\u062a\u06cc\u06a9"", ""editdist_solution0"": 0, ""uncorrected_solution1"": ""\u0686\u0648\u0628"", ""editdist_solution1"": 0, ""uncorrected_solution2"": ""\u0641\u0644\u0632"", ""editdist_solution2"": 0, ""uncorrected_solution3"": ""\u0633\u06cc\u0644\u06cc\u06a9\u0648\u0646"", ""editdist_solution3"": 0}"
چطور غذا را به طور ایمن می‌خورید؟,اول قورت بده بعد کامل بجو,بدون جویدن قورت بده,کامل بجوید و بعد قورت بدهید,بجو اما قورت نده,2,pes_arab,How do you eat food safely?,Swallow then chew thoroughly,Swallow without chewing,Chew thoroughly then swallow,Chew without swallowing,object_properties_interactions,parallel_ex000039_pes_arab,"{""example_inspiration"": ""globalpiqa_nonparallel"", ""uncorrected_prompt"": ""\u0686\u0637\u0648\u0631 \u063a\u0630\u0627 \u0631\u0627 \u0628\u0647 \u0637\u0648\u0631 \u0627\u06cc\u0645\u0646 \u0645\u06cc\u200c\u062e\u0648\u0631\u06cc\u062f\u061f"", ""editdist_prompt"": 0, ""uncorrected_solution0"": ""\u0627\u0648\u0644 \u0642\u0648\u0631\u062a \u0628\u062f\u0647 \u0628\u0639\u062f \u06a9\u0627\u0645\u0644 \u0628\u062c\u0648"", ""editdist_solution0"": 0, ""uncorrected_solution1"": ""\u0642\u0648\u0631\u062a \u0628\u062f\u0647\u060c \u0646\u062c\u0648</code>"", ""editdist_solution1"": 18, ""uncorrected_solution2"": ""\u06a9\u0627\u0645\u0644 \u0628\u062c\u0648\u06cc\u062f \u0648 \u0628\u0639\u062f \u0642\u0648\u0631\u062a \u0628\u062f\u0647\u06cc\u062f"", ""editdist_solution2"": 0, ""uncorrected_solution3"": ""\u0628\u062c\u0648 \u0627\u0645\u0627 \u0642\u0648\u0631\u062a \u0646\u062f\u0647"", ""editdist_solution3"": 0}"
شما دارید کوکی می‌پزید و بیشتر از همه لبه‌های ترد آن را دوست دارید. کوکی‌هایتان را چه اندازه‌ای درست کنید؟,کوچک و ضخیم,بزرگ و ضخیم,بزرگ و لاغر,کوچک و لاغر,3,pes_arab,"You are baking cookies, and you like the crispy edges best. How big should you make your cookies?",Small and thick,Large and thick,Large and thin,Small and thin,object_properties_interactions,parallel_ex000040_pes_arab,"{""example_inspiration"": ""globalpiqa_nonparallel"", ""uncorrected_prompt"": ""\u0634\u0645\u0627 \u062f\u0627\u0631\u06cc\u062f \u06a9\u0648\u06a9\u06cc \u0645\u06cc\u200c\u067e\u0632\u06cc\u062f \u0648 \u0628\u06cc\u0634\u062a\u0631 \u0627\u0632 \u0647\u0645\u0647 \u0644\u0628\u0647\u200c\u0647\u0627\u06cc \u062a\u0631\u062f \u0622\u0646 \u0631\u0627 \u062f\u0648\u0633\u062a \u062f\u0627\u0631\u06cc\u062f. \u06a9\u0648\u06a9\u06cc\u200c\u0647\u0627\u06cc\u062a\u0627\u0646 \u0631\u0627 \u0686\u0647 \u0627\u0646\u062f\u0627\u0632\u0647\u200c\u0627\u06cc \u062f\u0631\u0633\u062a \u06a9\u0646\u06cc\u062f\u061f"", ""editdist_prompt"": 0, ""uncorrected_solution0"": ""\u06a9\u0648\u0686\u06a9 \u0648 \u0636\u062e\u06cc\u0645"", ""editdist_solution0"": 0, ""uncorrected_solution1"": ""\u0628\u0632\u0631\u06af \u0648 \u0636\u062e\u06cc\u0645"", ""editdist_solution1"": 0, ""uncorrected_solution2"": ""\u0628\u0632\u0631\u06af \u0648 \u0644\u0627\u063a\u0631"", ""editdist_solution2"": 0, ""uncorrected_solution3"": ""\u06a9\u0648\u0686\u06a9 \u0648 \u0644\u0627\u063a\u0631"", ""editdist_solution3"": 0}"
یک مرد و یک زن در یک طبقه از یک ساختمان هستند. مرد یک طبقه بالا می‌رود. مرد و زن نسبت به هم کجا قرار دارند؟,زن در طبقه‌ای پایین‌تر از مرد است,مرد و زن در یک طبقه هستند,زن در یک ساختمان متفاوت از مرد است,خانم طبقه‌ی بالاتری از آقا است,0,pes_arab,A man and a woman are on the same floor of the building. The man goes up one floor. Where are the man and woman in relation to each other?,The woman is on a lower floor than the man,The man and the woman are on the same floor,The woman is in a different building than the man,The woman is on a higher floor than the man,spatial,parallel_ex000041_pes_arab,"{""example_inspiration"": ""ewok"", ""uncorrected_prompt"": ""\u06cc\u06a9 \u0645\u0631\u062f \u0648 \u06cc\u06a9 \u0632\u0646 \u062f\u0631 \u06cc\u06a9 \u0637\u0628\u0642\u0647 \u0627\u0632 \u06cc\u06a9 \u0633\u0627\u062e\u062a\u0645\u0627\u0646 \u0647\u0633\u062a\u0646\u062f. \u0645\u0631\u062f \u06cc\u06a9 \u0637\u0628\u0642\u0647 \u0628\u0627\u0644\u0627 \u0645\u06cc\u200c\u0631\u0648\u062f. \u0645\u0631\u062f \u0648 \u0632\u0646 \u0646\u0633\u0628\u062a \u0628\u0647 \u0647\u0645 \u06a9\u062c\u0627 \u0642\u0631\u0627\u0631 \u062f\u0627\u0631\u0646\u062f\u061f"", ""editdist_prompt"": 0, ""uncorrected_solution0"": ""\u0632\u0646 \u062f\u0631 \u0637\u0628\u0642\u0647\u200c\u0627\u06cc \u067e\u0627\u06cc\u06cc\u0646\u200c\u062a\u0631 \u0627\u0632 \u0645\u0631\u062f \u0627\u0633\u062a"", ""editdist_solution0"": 0, ""uncorrected_solution1"": ""\u0645\u0631\u062f \u0648 \u0632\u0646 \u062f\u0631 \u06cc\u06a9 \u0637\u0628\u0642\u0647 \u0647\u0633\u062a\u0646\u062f"", ""editdist_solution1"": 0, ""uncorrected_solution2"": ""\u0632\u0646 \u062f\u0631 \u06cc\u06a9 \u0633\u0627\u062e\u062a\u0645\u0627\u0646 \u0645\u062a\u0641\u0627\u0648\u062a \u0627\u0632 \u0645\u0631\u062f \u0627\u0633\u062a"", ""editdist_solution2"": 0, ""uncorrected_solution3"": ""\u062e\u0627\u0646\u0645 \u0637\u0628\u0642\u0647\u200c\u06cc \u0628\u0627\u0644\u0627\u062a\u0631\u06cc \u0627\u0632 \u0622\u0642\u0627 \u0627\u0633\u062a."", ""editdist_solution3"": 1}"
یک مرد و یک زن در یک طبقه از یک ساختمان هستند. مرد یک طبقه پایین می‌رود و زن دو طبقه پایین می‌رود. مرد و زن نسبت به هم کجا قرار دارند؟,مرد در طبقه‌ای پایین‌تر از زن است,مرد در یک ساختمان دیگر از زن است,مرد و زن در یک طبقه هستند,مرد در طبقه‌ای بالاتر از زن است,3,pes_arab,"A man and a woman are on the same floor of the building. The man goes down one floor, and the woman goes down two floors. Where are the man and woman in relation to each other?",The man is on a lower floor than the woman,The man is in a different building than the woman,The man and the woman are on the same floor,The man is on a higher floor than the woman,spatial,parallel_ex000042_pes_arab,"{""example_inspiration"": ""ewok"", ""uncorrected_prompt"": ""\u06cc\u06a9 \u0645\u0631\u062f \u0648 \u06cc\u06a9 \u0632\u0646 \u062f\u0631 \u06cc\u06a9 \u0637\u0628\u0642\u0647 \u0627\u0632 \u06cc\u06a9 \u0633\u0627\u062e\u062a\u0645\u0627\u0646 \u0647\u0633\u062a\u0646\u062f. \u0645\u0631\u062f \u06cc\u06a9 \u0637\u0628\u0642\u0647 \u067e\u0627\u06cc\u06cc\u0646 \u0645\u06cc\u200c\u0631\u0648\u062f \u0648 \u0632\u0646 \u062f\u0648 \u0637\u0628\u0642\u0647 \u067e\u0627\u06cc\u06cc\u0646 \u0645\u06cc\u200c\u0631\u0648\u062f. \u0645\u0631\u062f \u0648 \u0632\u0646 \u0646\u0633\u0628\u062a \u0628\u0647 \u0647\u0645 \u06a9\u062c\u0627 \u0642\u0631\u0627\u0631 \u062f\u0627\u0631\u0646\u062f\u061f"", ""editdist_prompt"": 0, ""uncorrected_solution0"": ""\u0645\u0631\u062f \u062f\u0631 \u0637\u0628\u0642\u0647\u200c\u0627\u06cc \u067e\u0627\u06cc\u06cc\u0646\u200c\u062a\u0631 \u0627\u0632 \u0632\u0646 \u0627\u0633\u062a"", ""editdist_solution0"": 0, ""uncorrected_solution1"": ""\u0645\u0631\u062f \u062f\u0631 \u06cc\u06a9 \u0633\u0627\u062e\u062a\u0645\u0627\u0646 \u062f\u06cc\u06af\u0631 \u0627\u0632 \u0632\u0646 \u0627\u0633\u062a"", ""editdist_solution1"": 0, ""uncorrected_solution2"": ""\u0645\u0631\u062f \u0648 \u0632\u0646 \u062f\u0631 \u06cc\u06a9 \u0637\u0628\u0642\u0647 \u0647\u0633\u062a\u0646\u062f"", ""editdist_solution2"": 0, ""uncorrected_solution3"": ""\u0645\u0631\u062f \u062f\u0631 \u0637\u0628\u0642\u0647\u200c\u0627\u06cc \u0628\u0627\u0644\u0627\u062a\u0631 \u0627\u0632 \u0632\u0646 \u0627\u0633\u062a"", ""editdist_solution3"": 0}"
آن زن کاغذ را لای یک کتاب باز گذاشت و سپس کتاب را بست. کاغذ کجاست؟,کاغذ لای کتاب است,کاغذ بغلِ کتابه,کاغذ روی کتاب است,کاغذ زیر کتاب است,0,pes_arab,The woman placed the paper on the page of an open book and then closed the book. Where is the paper?,The paper is inside the book,The paper is next to the book,The paper is on top of the book,The paper is underneath the book,"object_properties_interactions,spatial",parallel_ex000043_pes_arab,"{""example_inspiration"": ""ewok"", ""uncorrected_prompt"": ""\u0622\u0646 \u0632\u0646 \u06a9\u0627\u063a\u0630 \u0631\u0627 \u0644\u0627\u06cc \u06cc\u06a9 \u06a9\u062a\u0627\u0628 \u0628\u0627\u0632 \u06af\u0630\u0627\u0634\u062a \u0648 \u0633\u067e\u0633 \u06a9\u062a\u0627\u0628 \u0631\u0627 \u0628\u0633\u062a. \u06a9\u0627\u063a\u0630 \u06a9\u062c\u0627\u0633\u062a\u061f"", ""editdist_prompt"": 0, ""uncorrected_solution0"": ""\u06a9\u0627\u063a\u0630 \u0644\u0627\u06cc \u06a9\u062a\u0627\u0628 \u0627\u0633\u062a"", ""editdist_solution0"": 0, ""uncorrected_solution1"": ""\u06a9\u0627\u063a\u0630 \u0628\u063a\u0644\u0650 \u06a9\u062a\u0627\u0628\u0647"", ""editdist_solution1"": 0, ""uncorrected_solution2"": ""\u06a9\u0627\u063a\u0630 \u0631\u0648\u06cc \u06a9\u062a\u0627\u0628 \u0627\u0633\u062a"", ""editdist_solution2"": 0, ""uncorrected_solution3"": ""\u06a9\u0627\u063a\u0630 \u0632\u06cc\u0631 \u06a9\u062a\u0627\u0628 \u0627\u0633\u062a"", ""editdist_solution3"": 0}"
یک پیمانه اندازه‌گیری روی میز است که سه چهارم آن پر از روغن است. بعد از پر کردن کامل پیمانه، چقدر روغن به آن اضافه شده است؟,یک چهارم فنجان,نصف فنجان,یک فنجان,سه چهارم پیمانه,0,pes_arab,"There is a 1-cup measuring cup on the table, and it is 3/4 full of oil. After filling it up, how much oil has been added to the measuring cup?",A quarter cup,A half cup,One cup,3/4 cup,counting,parallel_ex000044_pes_arab,"{""example_inspiration"": ""new"", ""uncorrected_prompt"": ""\u06cc\u06a9 \u067e\u06cc\u0645\u0627\u0646\u0647 \u0627\u0646\u062f\u0627\u0632\u0647\u200c\u06af\u06cc\u0631\u06cc \u0631\u0648\u06cc \u0645\u06cc\u0632 \u0627\u0633\u062a \u06a9\u0647 \u0633\u0647 \u0686\u0647\u0627\u0631\u0645 \u0622\u0646 \u067e\u0631 \u0627\u0632 \u0631\u0648\u063a\u0646 \u0627\u0633\u062a. \u0628\u0639\u062f \u0627\u0632 \u067e\u0631 \u06a9\u0631\u062f\u0646 \u06a9\u0627\u0645\u0644 \u067e\u06cc\u0645\u0627\u0646\u0647\u060c \u0686\u0642\u062f\u0631 \u0631\u0648\u063a\u0646 \u0628\u0647 \u0622\u0646 \u0627\u0636\u0627\u0641\u0647 \u0634\u062f\u0647 \u0627\u0633\u062a\u061f"", ""editdist_prompt"": 0, ""uncorrected_solution0"": ""\u06cc\u06a9 \u0686\u0647\u0627\u0631\u0645 \u0641\u0646\u062c\u0627\u0646"", ""editdist_solution0"": 0, ""uncorrected_solution1"": ""\u0646\u0635\u0641 \u0641\u0646\u062c\u0627\u0646"", ""editdist_solution1"": 0, ""uncorrected_solution2"": ""\u06cc\u06a9 \u0641\u0646\u062c\u0627\u0646"", ""editdist_solution2"": 0, ""uncorrected_solution3"": ""\u0633\u0647 \u0686\u0647\u0627\u0631\u0645 \u067e\u06cc\u0645\u0627\u0646\u0647"", ""editdist_solution3"": 0}"
شما توپی را به سمت دوست‌تان پرتاب می‌کنید. کدام گزینه اکنون درست است؟,دوستت به تو نزدیک‌تر است,دوستت از توپ دورتره,دوستت به توپ نزدیک‌تره,تو به توپ نزدیک‌تری,2,pes_arab,You throw a ball to your friend. Which is now true?,Your friend is closer to you,Your friend is further from the ball,Your friend is closer to the ball,You are closer to the ball,spatial,parallel_ex000045_pes_arab,"{""example_inspiration"": ""ewok"", ""uncorrected_prompt"": ""\u0634\u0645\u0627 \u062a\u0648\u067e\u06cc \u0631\u0627 \u0628\u0631\u0627\u06cc \u062f\u0648\u0633\u062a\u200c\u062a\u0627\u0646 \u067e\u0631\u062a\u0627\u0628 \u0645\u06cc\u200c\u06a9\u0646\u06cc\u062f. \u06a9\u062f\u0627\u0645 \u06af\u0632\u06cc\u0646\u0647 \u0627\u06a9\u0646\u0648\u0646 \u062f\u0631\u0633\u062a \u0627\u0633\u062a\u061f"", ""editdist_prompt"": 5, ""uncorrected_solution0"": ""\u062f\u0648\u0633\u062a\u062a \u0628\u0647 \u062a\u0648 \u0646\u0632\u062f\u06cc\u06a9\u200c\u062a\u0631 \u0627\u0633\u062a"", ""editdist_solution0"": 0, ""uncorrected_solution1"": ""\u062f\u0648\u0633\u062a\u062a \u0627\u0632 \u062a\u0648\u067e \u062f\u0648\u0631\u062a\u0631\u0647"", ""editdist_solution1"": 0, ""uncorrected_solution2"": ""\u062f\u0648\u0633\u062a\u062a \u0628\u0647 \u062a\u0648\u067e \u0646\u0632\u062f\u06cc\u06a9\u200c\u062a\u0631\u0647"", ""editdist_solution2"": 0, ""uncorrected_solution3"": ""\u062a\u0648 \u0628\u0647 \u062a\u0648\u067e \u0646\u0632\u062f\u06cc\u06a9\u200c\u062a\u0631\u06cc"", ""editdist_solution3"": 0}"
بچه‌ای سنگی را به دریاچه می‌اندازد. کدام گزینه اکنون درست است؟,سنگ روی سطح آب شناور است,دریاچه دیگر دیده نمی‌شود,سنگ هنوز قابل دیدن است,سنگ دیگر دیده نمی‌شود,3,pes_arab,A child throws a rock into the lake. Which is now true?,The rock floats on the surface,The lake is no longer visible,The rock is still visible,The rock is no longer visible,spatial,parallel_ex000046_pes_arab,"{""example_inspiration"": ""ewok"", ""uncorrected_prompt"": ""\u0628\u0686\u0647\u200c\u0627\u06cc \u0633\u0646\u06af\u06cc \u0631\u0627 \u0628\u0647 \u062f\u0631\u06cc\u0627\u0686\u0647 \u0645\u06cc\u200c\u0627\u0646\u062f\u0627\u0632\u062f. \u06a9\u062f\u0627\u0645 \u06af\u0632\u06cc\u0646\u0647 \u0627\u06a9\u0646\u0648\u0646 \u062f\u0631\u0633\u062a \u0627\u0633\u062a\u061f"", ""editdist_prompt"": 0, ""uncorrected_solution0"": ""\u0633\u0646\u06af \u0631\u0648\u06cc \u0633\u0637\u062d \u0622\u0628 \u0634\u0646\u0627\u0648\u0631 \u0627\u0633\u062a"", ""editdist_solution0"": 0, ""uncorrected_solution1"": ""\u062f\u0631\u06cc\u0627\u0686\u0647 \u062f\u06cc\u06af\u0631 \u062f\u06cc\u062f\u0647 \u0646\u0645\u06cc\u200c\u0634\u0648\u062f"", ""editdist_solution1"": 0, ""uncorrected_solution2"": ""\u0635\u062e\u0631\u0647 \u0647\u0646\u0648\u0632 \u0642\u0627\u0628\u0644 \u062f\u06cc\u062f\u0646 \u0627\u0633\u062a"", ""editdist_solution2"": 4, ""uncorrected_solution3"": ""\u0635\u062e\u0631\u0647 \u062f\u06cc\u06af\u0631 \u062f\u06cc\u062f\u0647 \u0646\u0645\u06cc\u200c\u0634\u0648\u062f"", ""editdist_solution3"": 4}"
یک ماشین وارد تونل می‌شود. کدام گزینه اکنون درست است؟,تونل دیگه از ماشین معلوم نیست,تونل دیگر از بیرون قابل دیدن نیست,ماشین دیگر از بیرون تونل دیده نمی‌شود,ماشین دیگر از داخل تونل دیده نمی‌شود,2,pes_arab,A car drives into a tunnel. Which is now true?,The tunnel is no longer visible from the car,The tunnel is no longer visible from outside,The car is no longer visible from outside the tunnel,The car is no longer visible from inside the tunnel,spatial,parallel_ex000047_pes_arab,"{""example_inspiration"": ""ewok"", ""uncorrected_prompt"": ""\u06cc\u06a9 \u0645\u0627\u0634\u06cc\u0646 \u0648\u0627\u0631\u062f \u062a\u0648\u0646\u0644 \u0645\u06cc\u200c\u0634\u0648\u062f. \u06a9\u062f\u0627\u0645 \u06af\u0632\u06cc\u0646\u0647 \u0627\u06a9\u0646\u0648\u0646 \u062f\u0631\u0633\u062a \u0627\u0633\u062a\u061f"", ""editdist_prompt"": 0, ""uncorrected_solution0"": ""\u062a\u0648\u0646\u0644 \u062f\u06cc\u06af\u0647 \u0627\u0632 \u0645\u0627\u0634\u06cc\u0646 \u0645\u0639\u0644\u0648\u0645 \u0646\u06cc\u0633\u062a"", ""editdist_solution0"": 0, ""uncorrected_solution1"": ""\u062a\u0648\u0646\u0644 \u062f\u06cc\u06af\u0631 \u0627\u0632 \u0628\u06cc\u0631\u0648\u0646 \u0642\u0627\u0628\u0644 \u062f\u06cc\u062f\u0646 \u0646\u06cc\u0633\u062a"", ""editdist_solution1"": 0, ""uncorrected_solution2"": ""\u0645\u0627\u0634\u06cc\u0646 \u062f\u06cc\u06af\u0631 \u0627\u0632 \u0628\u06cc\u0631\u0648\u0646 \u062a\u0648\u0646\u0644 \u062f\u06cc\u062f\u0647 \u0646\u0645\u06cc\u200c\u0634\u0648\u062f"", ""editdist_solution2"": 0, ""uncorrected_solution3"": ""\u0645\u0627\u0634\u06cc\u0646 \u062f\u06cc\u06af\u0631 \u0627\u0632 \u062f\u0627\u062e\u0644 \u062a\u0648\u0646\u0644 \u062f\u06cc\u062f\u0647 \u0646\u0645\u06cc\u200c\u0634\u0648\u062f."", ""editdist_solution3"": 1}"
یک پاک‌کن کوچک در یک فنجان فلزی روی یک قفسه است. بهترین زاویه برای دیدن پاک‌کن چیست؟,از پشت قفسه,از زیر قفسه,از بغل قفسه,از بالای قفسه,3,pes_arab,There is a small eraser in a metal cup on a shelf. What is the best angle to see the eraser?,From behind the shelf,From below the shelf,From the side of the shelf,From above the shelf,spatial,parallel_ex000048_pes_arab,"{""example_inspiration"": ""ewok"", ""uncorrected_prompt"": ""\u06cc\u06a9 \u067e\u0627\u06a9\u200c\u06a9\u0646 \u06a9\u0648\u0686\u06a9 \u062f\u0631 \u06cc\u06a9 \u0641\u0646\u062c\u0627\u0646 \u0641\u0644\u0632\u06cc \u0631\u0648\u06cc \u06cc\u06a9 \u0642\u0641\u0633\u0647 \u0627\u0633\u062a. \u0628\u0647\u062a\u0631\u06cc\u0646 \u0632\u0627\u0648\u06cc\u0647 \u0628\u0631\u0627\u06cc \u062f\u06cc\u062f\u0646 \u067e\u0627\u06a9\u200c\u06a9\u0646 \u0686\u06cc\u0633\u062a\u061f"", ""editdist_prompt"": 0, ""uncorrected_solution0"": ""\u0627\u0632 \u067e\u0634\u062a \u0642\u0641\u0633\u0647"", ""editdist_solution0"": 0, ""uncorrected_solution1"": ""\u0627\u0632 \u0632\u06cc\u0631 \u0642\u0641\u0633\u0647"", ""editdist_solution1"": 0, ""uncorrected_solution2"": ""\u0627\u0632 \u0628\u063a\u0644 \u0642\u0641\u0633\u0647"", ""editdist_solution2"": 0, ""uncorrected_solution3"": ""\u0627\u0632 \u0628\u0627\u0644\u0627\u06cc \u0642\u0641\u0633\u0647"", ""editdist_solution3"": 0}"
در کابینت یک قوطی کنسرو لوبیا هست. پشت قوطی، یک بسته آرد یک کیلویی هست. کدام درست است؟,آرد پشت قوطی معلوم نیست,قوطی پشت آرد معلوم است,آرد پشت قوطی معلومه,قوطی جلوی آرد دیده نمی‌شه,2,pes_arab,"In the cupboard, there is a can of beans. Behind the can, there is a 1kg bag of flour. Which is true?",The flour is not visible behind the can,The can is visible behind the flour,The flour is visible behind the can,The can is not visible in front of the flour,spatial,parallel_ex000049_pes_arab,"{""example_inspiration"": ""ewok"", ""uncorrected_prompt"": ""\u062f\u0631 \u06a9\u0627\u0628\u06cc\u0646\u062a \u06cc\u06a9 \u0642\u0648\u0637\u06cc \u06a9\u0646\u0633\u0631\u0648 \u0644\u0648\u0628\u06cc\u0627 \u0647\u0633\u062a. \u067e\u0634\u062a \u0642\u0648\u0637\u06cc\u060c \u06cc\u06a9 \u0628\u0633\u062a\u0647 \u0622\u0631\u062f \u06cc\u06a9 \u06a9\u06cc\u0644\u0648\u06cc\u06cc \u0647\u0633\u062a. \u06a9\u062f\u0627\u0645 \u062f\u0631\u0633\u062a \u0627\u0633\u062a\u061f"", ""editdist_prompt"": 0, ""uncorrected_solution0"": ""\u0622\u0631\u062f \u067e\u0634\u062a \u0642\u0648\u0637\u06cc \u0645\u0639\u0644\u0648\u0645 \u0646\u06cc\u0633\u062a."", ""editdist_solution0"": 1, ""uncorrected_solution1"": ""\u0642\u0648\u0637\u06cc \u067e\u0634\u062a \u0622\u0631\u062f \u0645\u0639\u0644\u0648\u0645 \u0627\u0633\u062a."", ""editdist_solution1"": 1, ""uncorrected_solution2"": ""\u0622\u0631\u062f \u067e\u0634\u062a \u0642\u0648\u0637\u06cc \u0645\u0639\u0644\u0648\u0645\u0647"", ""editdist_solution2"": 0, ""uncorrected_solution3"": ""\u0642\u0648\u0637\u06cc \u062c\u0644\u0648\u06cc \u0622\u0631\u062f \u062f\u06cc\u062f\u0647 \u0646\u0645\u06cc\u200c\u0634\u0647."", ""editdist_solution3"": 1}"
اگر یک سکه را روی زمین بیندازید، چه اتفاقی برای سکه می‌افتد؟,سکه بالا و پایین می‌پرد,سکه خرد می‌شود,سکه قُر است,سکه می‌شکند,0,pes_arab,"If you drop a coin on the ground, what happens to the coin?",The coin bounces,The coin shatters,The coin is dented,The coin breaks,object_properties_interactions,parallel_ex000050_pes_arab,"{""example_inspiration"": ""ewok"", ""uncorrected_prompt"": ""\u0627\u06af\u0631 \u06cc\u06a9 \u0633\u06a9\u0647 \u0631\u0627 \u0631\u0648\u06cc \u0632\u0645\u06cc\u0646 \u0628\u06cc\u0646\u062f\u0627\u0632\u06cc\u062f\u060c \u0686\u0647 \u0627\u062a\u0641\u0627\u0642\u06cc \u0628\u0631\u0627\u06cc \u0633\u06a9\u0647 \u0645\u06cc\u200c\u0627\u0641\u062a\u062f\u061f"", ""editdist_prompt"": 0, ""uncorrected_solution0"": ""\u0633\u06a9\u0647 \u0628\u0627\u0644\u0627 \u0648 \u067e\u0627\u06cc\u06cc\u0646 \u0645\u06cc\u200c\u067e\u0631\u062f."", ""editdist_solution0"": 1, ""uncorrected_solution1"": ""\u0633\u06a9\u0647 \u062e\u0631\u062f \u0645\u06cc\u200c\u0634\u0648\u062f."", ""editdist_solution1"": 1, ""uncorrected_solution2"": ""\u0633\u06a9\u0647 \u0642\u064f\u0631 \u0627\u0633\u062a."", ""editdist_solution2"": 1, ""uncorrected_solution3"": ""\u0633\u06a9\u0647 \u0645\u06cc\u200c\u0634\u06a9\u0646\u062f"", ""editdist_solution3"": 0}"
اگر روی یک لیوان کاغذی پا بگذارید، چه اتفاقی برای لیوان می‌افتد؟,فنجان بالا و پایین می‌پرد,فنجان ذوب می‌شود,فنجان له شده است,فنجان خرد می‌شود,2,pes_arab,"If you step on a paper cup, what happens to the cup?",The cup bounces,The cup melts,The cup is crushed,The cup shatters,object_properties_interactions,parallel_ex000051_pes_arab,"{""example_inspiration"": ""ewok"", ""uncorrected_prompt"": ""\u0627\u06af\u0631 \u0631\u0648\u06cc \u06cc\u06a9 \u0644\u06cc\u0648\u0627\u0646 \u06a9\u0627\u063a\u0630\u06cc \u067e\u0627 \u0628\u06af\u0630\u0627\u0631\u06cc\u062f\u060c \u0686\u0647 \u0627\u062a\u0641\u0627\u0642\u06cc \u0628\u0631\u0627\u06cc \u0644\u06cc\u0648\u0627\u0646 \u0645\u06cc\u200c\u0627\u0641\u062a\u062f\u061f"", ""editdist_prompt"": 0, ""uncorrected_solution0"": ""\u0641\u0646\u062c\u0627\u0646 \u0628\u0627\u0644\u0627 \u0648 \u067e\u0627\u06cc\u06cc\u0646 \u0645\u06cc\u200c\u067e\u0631\u062f."", ""editdist_solution0"": 1, ""uncorrected_solution1"": ""\u0641\u0646\u062c\u0627\u0646 \u0630\u0648\u0628 \u0645\u06cc\u200c\u0634\u0648\u062f."", ""editdist_solution1"": 1, ""uncorrected_solution2"": ""\u0641\u0646\u062c\u0627\u0646 \u0644\u0647 \u0634\u062f\u0647 \u0627\u0633\u062a."", ""editdist_solution2"": 1, ""uncorrected_solution3"": ""\u0641\u0646\u062c\u0627\u0646 \u062e\u0631\u062f \u0645\u06cc\u200c\u0634\u0648\u062f"", ""editdist_solution3"": 0}"
کتاب‌فروشی ۴۰ کتاب کمتر از کتابخانه دارد. سپس، ۳۰ کتاب از کتابخانه به کتاب‌فروشی منتقل می‌شود. اکنون کدام مورد صحیح است؟,کتاب‌فروشی از کتابخانه کتاب‌های بیشتری دارد,کتابخانه کتاب‌های بیشتری از کتاب‌فروشی دارد,کتاب‌فروشی و کتابخانه تعداد یکسانی کتاب دارند,کتابخانه هیچ کتابی ندارد,0,pes_arab,"The bookshop has 40 fewer books than the library. Then, 30 books are moved from the library to the bookshop. Which is now true?",The bookshop has more books than the library,The library has more books than the bookshop,The bookshop and the library have the same number of books,The library doesn't have any books,counting,parallel_ex000053_pes_arab,"{""example_inspiration"": ""ewok"", ""uncorrected_prompt"": ""\u06a9\u062a\u0627\u0628\u200c\u0641\u0631\u0648\u0634\u06cc \u06f4\u06f0 \u06a9\u062a\u0627\u0628 \u06a9\u0645\u062a\u0631 \u0627\u0632 \u06a9\u062a\u0627\u0628\u062e\u0627\u0646\u0647 \u062f\u0627\u0631\u062f. \u0633\u067e\u0633\u060c \u06f3\u06f0 \u06a9\u062a\u0627\u0628 \u0627\u0632 \u06a9\u062a\u0627\u0628\u062e\u0627\u0646\u0647 \u0628\u0647 \u06a9\u062a\u0627\u0628\u200c\u0641\u0631\u0648\u0634\u06cc \u0645\u0646\u062a\u0642\u0644 \u0645\u06cc\u200c\u0634\u0648\u062f. \u0627\u06a9\u0646\u0648\u0646 \u06a9\u062f\u0627\u0645 \u0645\u0648\u0631\u062f \u0635\u062d\u06cc\u062d \u0627\u0633\u062a\u061f"", ""editdist_prompt"": 0, ""uncorrected_solution0"": ""\u06a9\u062a\u0627\u0628\u200c\u0641\u0631\u0648\u0634\u06cc \u0627\u0632 \u06a9\u062a\u0627\u0628\u062e\u0627\u0646\u0647 \u06a9\u062a\u0627\u0628\u200c\u0647\u0627\u06cc \u0628\u06cc\u0634\u062a\u0631\u06cc \u062f\u0627\u0631\u062f."", ""editdist_solution0"": 1, ""uncorrected_solution1"": ""\u06a9\u062a\u0627\u0628\u062e\u0627\u0646\u0647 \u06a9\u062a\u0627\u0628\u200c\u0647\u0627\u06cc \u0628\u06cc\u0634\u062a\u0631\u06cc \u0627\u0632 \u06a9\u062a\u0627\u0628\u200c\u0641\u0631\u0648\u0634\u06cc \u062f\u0627\u0631\u062f."", ""editdist_solution1"": 1, ""uncorrected_solution2"": ""\u06a9\u062a\u0627\u0628\u200c\u0641\u0631\u0648\u0634\u06cc \u0648 \u06a9\u062a\u0627\u0628\u062e\u0627\u0646\u0647 \u062a\u0639\u062f\u0627\u062f \u06cc\u06a9\u0633\u0627\u0646\u06cc \u06a9\u062a\u0627\u0628 \u062f\u0627\u0631\u0646\u062f."", ""editdist_solution2"": 1, ""uncorrected_solution3"": ""\u06a9\u062a\u0627\u0628\u062e\u0627\u0646\u0647 \u0647\u06cc\u0686 \u06a9\u062a\u0627\u0628\u06cc \u0646\u062f\u0627\u0631\u062f."", ""editdist_solution3"": 1}"
در کلاس «الف» ۲۵ دانش‌آموز کمتر از کلاس «ب» وجود دارد. سپس ۱۰ دانش‌آموز از کلاس «ب» به کلاس «الف» می‌روند. اکنون کدام مورد صحیح است؟,هیچ دانش‌آموزی در کلاس ب نیست,تعداد دانش‌آموزان در کلاس A و کلاس B برابر است,تعداد دانش‌آموزان در کلاس الف بیشتر از کلاس ب است,تعداد دانش‌آموزان در کلاس ب بیشتر از کلاس الف است,3,pes_arab,"There are 25 fewer students in classroom A than in classroom B. Then, 10 students move from classroom B to classroom A. Which is now true?",There are no students in classroom B,There are the same number of students in classroom A and classroom B,There are more students in classroom A than in classroom B,There are more students in classroom B than in classroom A,counting,parallel_ex000054_pes_arab,"{""example_inspiration"": ""ewok"", ""uncorrected_prompt"": ""\u062f\u0631 \u06a9\u0644\u0627\u0633 \u00ab\u0627\u0644\u0641\u00bb \u06f2\u06f5 \u062f\u0627\u0646\u0634\u200c\u0622\u0645\u0648\u0632 \u06a9\u0645\u062a\u0631 \u0627\u0632 \u06a9\u0644\u0627\u0633 \u00ab\u0628\u00bb \u0648\u062c\u0648\u062f \u062f\u0627\u0631\u062f. \u0633\u067e\u0633 \u06f1\u06f0 \u062f\u0627\u0646\u0634\u200c\u0622\u0645\u0648\u0632 \u0627\u0632 \u06a9\u0644\u0627\u0633 \u00ab\u0628\u00bb \u0628\u0647 \u06a9\u0644\u0627\u0633 \u00ab\u0627\u0644\u0641\u00bb \u0645\u06cc\u200c\u0631\u0648\u0646\u062f. \u0627\u06a9\u0646\u0648\u0646 \u06a9\u062f\u0627\u0645 \u0645\u0648\u0631\u062f \u0635\u062d\u06cc\u062d \u0627\u0633\u062a\u061f"", ""editdist_prompt"": 0, ""uncorrected_solution0"": ""\u0647\u06cc\u0686 \u062f\u0627\u0646\u0634\u200c\u0622\u0645\u0648\u0632\u06cc \u062f\u0631 \u06a9\u0644\u0627\u0633 \u0628 \u0646\u06cc\u0633\u062a."", ""editdist_solution0"": 1, ""uncorrected_solution1"": ""\u062a\u0639\u062f\u0627\u062f \u062f\u0627\u0646\u0634\u200c\u0622\u0645\u0648\u0632\u0627\u0646 \u062f\u0631 \u06a9\u0644\u0627\u0633 A \u0648 \u06a9\u0644\u0627\u0633 B \u0628\u0631\u0627\u0628\u0631 \u0627\u0633\u062a."", ""editdist_solution1"": 1, ""uncorrected_solution2"": ""\u062a\u0639\u062f\u0627\u062f \u062f\u0627\u0646\u0634\u200c\u0622\u0645\u0648\u0632\u0627\u0646 \u062f\u0631 \u06a9\u0644\u0627\u0633 \u0627\u0644\u0641 \u0628\u06cc\u0634\u062a\u0631 \u0627\u0632 \u06a9\u0644\u0627\u0633 \u0628 \u0627\u0633\u062a."", ""editdist_solution2"": 1, ""uncorrected_solution3"": ""\u062a\u0639\u062f\u0627\u062f \u062f\u0627\u0646\u0634\u200c\u0622\u0645\u0648\u0632\u0627\u0646 \u062f\u0631 \u06a9\u0644\u0627\u0633 \u0628 \u0628\u06cc\u0634\u062a\u0631 \u0627\u0632 \u06a9\u0644\u0627\u0633 \u0627\u0644\u0641 \u0627\u0633\u062a."", ""editdist_solution3"": 1}"
مدرسه بیست صندلی بیشتر از تئاتر دارد. کدام درست است؟,تئاتر صندلی‌های کمتری از مدرسه دارد,تئاتر و مدرسه تعداد صندلی‌های یکسانی دارند,تئاتر همه صندلی‌ها را دارد,تئاتر صندلی‌های بیشتری از مدرسه دارد,0,pes_arab,The school has twenty more chairs than the theatre. Which is true?,The theatre has fewer chairs than the school,The theatre and the school have the same number of chairs,The theatre has all of the chairs,The theatre has more chairs than the school,counting,parallel_ex000055_pes_arab,"{""example_inspiration"": ""ewok"", ""uncorrected_prompt"": ""\u0645\u062f\u0631\u0633\u0647 \u0628\u06cc\u0633\u062a \u0635\u0646\u062f\u0644\u06cc \u0628\u06cc\u0634\u062a\u0631 \u0627\u0632 \u062a\u0626\u0627\u062a\u0631 \u062f\u0627\u0631\u062f. \u06a9\u062f\u0627\u0645 \u062f\u0631\u0633\u062a \u0627\u0633\u062a\u061f"", ""editdist_prompt"": 0, ""uncorrected_solution0"": ""\u062a\u0626\u0627\u062a\u0631 \u0635\u0646\u062f\u0644\u06cc\u200c\u0647\u0627\u06cc \u06a9\u0645\u062a\u0631\u06cc \u0627\u0632 \u0645\u062f\u0631\u0633\u0647 \u062f\u0627\u0631\u062f."", ""editdist_solution0"": 1, ""uncorrected_solution1"": ""\u062a\u0626\u0627\u062a\u0631 \u0648 \u0645\u062f\u0631\u0633\u0647 \u062a\u0639\u062f\u0627\u062f \u0635\u0646\u062f\u0644\u06cc\u200c\u0647\u0627\u06cc \u06cc\u06a9\u0633\u0627\u0646\u06cc \u062f\u0627\u0631\u0646\u062f."", ""editdist_solution1"": 1, ""uncorrected_solution2"": ""\u062a\u0626\u0627\u062a\u0631 \u0647\u0645\u0647 \u0635\u0646\u062f\u0644\u06cc\u200c\u0647\u0627 \u0631\u0627 \u062f\u0627\u0631\u062f."", ""editdist_solution2"": 1, ""uncorrected_solution3"": ""\u062a\u0626\u0627\u062a\u0631 \u0635\u0646\u062f\u0644\u06cc\u200c\u0647\u0627\u06cc \u0628\u06cc\u0634\u062a\u0631\u06cc \u0627\u0632 \u0645\u062f\u0631\u0633\u0647 \u062f\u0627\u0631\u062f."", ""editdist_solution3"": 1}"
تعداد فنجان‌های روی میز دو تا بیشتر از فنجان‌های داخل کابینت است. سپس، یک فنجان را به داخل کابینت برمی‌گردانید. اکنون کدام مورد درست است؟,فنجان‌های کمتری در کابینت نسبت به روی میز وجود دارد,تعداد فنجان‌های داخل کابینت بیشتر از روی میز است,همه فنجان‌ها در کابینت هستند,تعداد مساوی لیوان در کابینت و روی میز وجود دارد,3,pes_arab,"There are two more cups on the table than there are in the cupboard. Then, you put one cup back into the cupboard. Which is now true?",There are fewer cups in the cupboard than on the table,There are more cups in the cupboard than on the table,All of the cups are in the cupboard,There are equal cups in the cupboard and on the table,counting,parallel_ex000056_pes_arab,"{""example_inspiration"": ""ewok"", ""uncorrected_prompt"": ""\u062a\u0639\u062f\u0627\u062f \u0641\u0646\u062c\u0627\u0646\u200c\u0647\u0627\u06cc \u0631\u0648\u06cc \u0645\u06cc\u0632 \u062f\u0648 \u062a\u0627 \u0628\u06cc\u0634\u062a\u0631 \u0627\u0632 \u0641\u0646\u062c\u0627\u0646\u200c\u0647\u0627\u06cc \u062f\u0627\u062e\u0644 \u06a9\u0627\u0628\u06cc\u0646\u062a \u0627\u0633\u062a. \u0633\u067e\u0633\u060c \u06cc\u06a9 \u0641\u0646\u062c\u0627\u0646 \u0631\u0627 \u0628\u0647 \u062f\u0627\u062e\u0644 \u06a9\u0627\u0628\u06cc\u0646\u062a \u0628\u0631\u0645\u06cc\u200c\u06af\u0631\u062f\u0627\u0646\u06cc\u062f. \u0627\u06a9\u0646\u0648\u0646 \u06a9\u062f\u0627\u0645 \u0645\u0648\u0631\u062f \u062f\u0631\u0633\u062a \u0627\u0633\u062a\u061f"", ""editdist_prompt"": 0, ""uncorrected_solution0"": ""\u0641\u0646\u062c\u0627\u0646\u200c\u0647\u0627\u06cc \u06a9\u0645\u062a\u0631\u06cc \u062f\u0631 \u06a9\u0627\u0628\u06cc\u0646\u062a \u0646\u0633\u0628\u062a \u0628\u0647 \u0631\u0648\u06cc \u0645\u06cc\u0632 \u0648\u062c\u0648\u062f \u062f\u0627\u0631\u062f."", ""editdist_solution0"": 1, ""uncorrected_solution1"": ""\u062a\u0639\u062f\u0627\u062f \u0641\u0646\u062c\u0627\u0646\u200c\u0647\u0627\u06cc \u062f\u0627\u062e\u0644 \u06a9\u0627\u0628\u06cc\u0646\u062a \u0628\u06cc\u0634\u062a\u0631 \u0627\u0632 \u0631\u0648\u06cc \u0645\u06cc\u0632 \u0627\u0633\u062a."", ""editdist_solution1"": 1, ""uncorrected_solution2"": ""\u0647\u0645\u0647 \u0641\u0646\u062c\u0627\u0646\u200c\u0647\u0627 \u062f\u0631 \u06a9\u0627\u0628\u06cc\u0646\u062a \u0647\u0633\u062a\u0646\u062f."", ""editdist_solution2"": 1, ""uncorrected_solution3"": ""\u062a\u0639\u062f\u0627\u062f \u0645\u0633\u0627\u0648\u06cc \u0644\u06cc\u0648\u0627\u0646 \u062f\u0631 \u06a9\u0627\u0628\u06cc\u0646\u062a \u0648 \u0631\u0648\u06cc \u0645\u06cc\u0632 \u0648\u062c\u0648\u062f \u062f\u0627\u0631\u062f."", ""editdist_solution3"": 1}"
تخت‌خواب ۱۶۰ سانتی‌متر عرض و ۲۰۰ سانتی‌متر طول دارد. به چه اندازه اتاق خوابی نیاز دارید؟,۱۶ در ۲۰ سانتی‌متر,۱.۶ متر در ۲ متر,۲.۵ متر در ۳ متر,۱۶۰ متر در ۲۰۰ متر,2,pes_arab,The bed is 160cm wide by 200 cm long. What size bedroom do you need?,16cm x 20cm,1.6m x 2m,2.5m x 3m,160m x 200m,counting,parallel_ex000057_pes_arab,"{""example_inspiration"": ""hellaswag"", ""uncorrected_prompt"": ""\u062a\u062e\u062a\u200c\u062e\u0648\u0627\u0628 \u06f1\u06f6\u06f0 \u0633\u0627\u0646\u062a\u06cc\u200c\u0645\u062a\u0631 \u0639\u0631\u0636 \u0648 \u06f2\u06f0\u06f0 \u0633\u0627\u0646\u062a\u06cc\u200c\u0645\u062a\u0631 \u0637\u0648\u0644 \u062f\u0627\u0631\u062f. \u0628\u0647 \u0686\u0647 \u0627\u0646\u062f\u0627\u0632\u0647 \u0627\u062a\u0627\u0642 \u062e\u0648\u0627\u0628\u06cc \u0646\u06cc\u0627\u0632 \u062f\u0627\u0631\u06cc\u062f\u061f"", ""editdist_prompt"": 0, ""uncorrected_solution0"": ""\u06f1\u06f6 \u062f\u0631 \u06f2\u06f0 \u0633\u0627\u0646\u062a\u06cc\u200c\u0645\u062a\u0631"", ""editdist_solution0"": 0, ""uncorrected_solution1"": ""\u06f1.\u06f6 \u0645\u062a\u0631 \u062f\u0631 \u06f2 \u0645\u062a\u0631"", ""editdist_solution1"": 0, ""uncorrected_solution2"": ""\u06f2.\u06f5 \u0645\u062a\u0631 \u062f\u0631 \u06f3 \u0645\u062a\u0631"", ""editdist_solution2"": 0, ""uncorrected_solution3"": ""\u06f1\u06f6\u06f0 \u0645\u062a\u0631 \u062f\u0631 \u06f2\u06f0\u06f0 \u0645\u062a\u0631"", ""editdist_solution3"": 0}"
برای اینکه خمیر نان خوب ور بیاید، می‌توانید با استفاده از یک چاقوی تیز، برشی به شکل صلیب روی آن ایجاد کنید. عمق این برش باید چقدر باشد؟,۱ سانتی‌متر مکعب,۱۰ سانتی‌متر,۳۰ سانتی‌متر,۰ سانتی‌متر,0,pes_arab,"To help bread dough rise well, you can use a sharp knife to make a cross-shaped incision. How deep should you make the incision?",1cm,10cm,30cm,0cm,"object_properties_interactions,spatial",parallel_ex000058_pes_arab,"{""example_inspiration"": ""globalpiqa_nonparallel"", ""uncorrected_prompt"": ""\u0628\u0631\u0627\u06cc \u0627\u06cc\u0646\u06a9\u0647 \u062e\u0645\u06cc\u0631 \u0646\u0627\u0646 \u062e\u0648\u0628 \u0648\u0631 \u0628\u06cc\u0627\u06cc\u062f\u060c \u0645\u06cc\u200c\u062a\u0648\u0627\u0646\u06cc\u062f \u0628\u0627 \u0627\u0633\u062a\u0641\u0627\u062f\u0647 \u0627\u0632 \u06cc\u06a9 \u0686\u0627\u0642\u0648\u06cc \u062a\u06cc\u0632\u060c \u0628\u0631\u0634\u06cc \u0628\u0647 \u0634\u06a9\u0644 \u0635\u0644\u06cc\u0628 \u0631\u0648\u06cc \u0622\u0646 \u0627\u06cc\u062c\u0627\u062f \u06a9\u0646\u06cc\u062f. \u0639\u0645\u0642 \u0627\u06cc\u0646 \u0628\u0631\u0634 \u0628\u0627\u06cc\u062f \u0686\u0642\u062f\u0631 \u0628\u0627\u0634\u062f\u061f"", ""editdist_prompt"": 0, ""uncorrected_solution0"": ""\u06f1 \u0633\u0627\u0646\u062a\u06cc\u200c\u0645\u062a\u0631 \u0645\u06a9\u0639\u0628"", ""editdist_solution0"": 0, ""uncorrected_solution1"": ""\u06f1\u06f0 \u0633\u0627\u0646\u062a\u06cc\u200c\u0645\u062a\u0631"", ""editdist_solution1"": 0, ""uncorrected_solution2"": ""\u06f3\u06f0 \u0633\u0627\u0646\u062a\u06cc\u200c\u0645\u062a\u0631"", ""editdist_solution2"": 0, ""uncorrected_solution3"": ""\u06f0 \u0633\u0627\u0646\u062a\u06cc\u200c\u0645\u062a\u0631"", ""editdist_solution3"": 0}"
وقتی غذا بین دندان‌هایتان گیر می‌کند، از چه وسیله‌ای باید برای درآوردن آن استفاده کنید؟,یک قاشق,گوش‌پاک‌کن,یک چاقو,یک خلال دندان,3,pes_arab,"When food gets stuck in your teeth, what object should you use to get it out?",A spoon,A cotton swab,A knife,A toothpick,"object_properties_interactions,affordances",parallel_ex000059_pes_arab,"{""example_inspiration"": ""globalpiqa_nonparallel"", ""uncorrected_prompt"": ""\u0648\u0642\u062a\u06cc \u063a\u0630\u0627 \u0628\u06cc\u0646 \u062f\u0646\u062f\u0627\u0646\u200c\u0647\u0627\u06cc\u062a\u0627\u0646 \u06af\u06cc\u0631 \u0645\u06cc\u200c\u06a9\u0646\u062f\u060c \u0627\u0632 \u0686\u0647 \u0648\u0633\u06cc\u0644\u0647\u200c\u0627\u06cc \u0628\u0627\u06cc\u062f \u0628\u0631\u0627\u06cc \u062f\u0631\u0622\u0648\u0631\u062f\u0646 \u0622\u0646 \u0627\u0633\u062a\u0641\u0627\u062f\u0647 \u06a9\u0646\u06cc\u062f\u061f"", ""editdist_prompt"": 0, ""uncorrected_solution0"": ""\u06cc\u06a9 \u0642\u0627\u0634\u0642"", ""editdist_solution0"": 0, ""uncorrected_solution1"": ""\u06af\u0648\u0634\u200c\u067e\u0627\u06a9\u200c\u06a9\u0646"", ""editdist_solution1"": 0, ""uncorrected_solution2"": ""\u06cc\u06a9 \u0686\u0627\u0642\u0648"", ""editdist_solution2"": 0, ""uncorrected_solution3"": ""\u06cc\u06a9 \u062e\u0644\u0627\u0644 \u062f\u0646\u062f\u0627\u0646"", ""editdist_solution3"": 0}"
جان و پل در حال چلاندن یک حوله خیس هستند. آن‌ها هر کدام یک سر آن را می‌گیرند، یک سطل زیر آن قرار می‌دهند و هر کدام حوله را می‌پیچانند. آن‌ها باید به کدام جهت بپیچانند؟,یکی باید به سمت راست و دیگری به سمت چپ بپیچد,هر کدام باید به سمت راست خود بپیچند,یکی باید به سمت چپ و دیگری به سمت راست بپیچد,آنها نباید حوله را بچلانند,1,pes_arab,"John and Paul are wringing out a wet towel. They each take it by one end, place a bucket underneath, and each twist the towel. What direction should they twist?","One should twist to their right, the other to their left",They should each twist to their right,"One should twist to their left, the other to their right",They should not twist the towel,spatial,parallel_ex000061_pes_arab,"{""example_inspiration"": ""globalpiqa_nonparallel"", ""uncorrected_prompt"": ""\u062c\u0627\u0646 \u0648 \u067e\u0644 \u062f\u0631 \u062d\u0627\u0644 \u0686\u0644\u0627\u0646\u062f\u0646 \u06cc\u06a9 \u062d\u0648\u0644\u0647 \u062e\u06cc\u0633 \u0647\u0633\u062a\u0646\u062f. \u0622\u0646\u200c\u0647\u0627 \u0647\u0631 \u06a9\u062f\u0627\u0645 \u06cc\u06a9 \u0633\u0631 \u0622\u0646 \u0631\u0627 \u0645\u06cc\u200c\u06af\u06cc\u0631\u0646\u062f\u060c \u06cc\u06a9 \u0633\u0637\u0644 \u0632\u06cc\u0631 \u0622\u0646 \u0642\u0631\u0627\u0631 \u0645\u06cc\u200c\u062f\u0647\u0646\u062f \u0648 \u0647\u0631 \u06a9\u062f\u0627\u0645 \u062d\u0648\u0644\u0647 \u0631\u0627 \u0645\u06cc\u200c\u067e\u06cc\u0686\u0627\u0646\u0646\u062f. \u0622\u0646\u200c\u0647\u0627 \u0628\u0627\u06cc\u062f \u0628\u0647 \u06a9\u062f\u0627\u0645 \u062c\u0647\u062a \u0628\u067e\u06cc\u0686\u0627\u0646\u0646\u062f\u061f"", ""editdist_prompt"": 0, ""uncorrected_solution0"": ""\u06cc\u06a9\u06cc \u0628\u0627\u06cc\u062f \u0628\u0647 \u0633\u0645\u062a \u0631\u0627\u0633\u062a \u0648 \u062f\u06cc\u06af\u0631\u06cc \u0628\u0647 \u0633\u0645\u062a \u0686\u067e \u0628\u067e\u06cc\u0686\u062f."", ""editdist_solution0"": 1, ""uncorrected_solution1"": ""\u0647\u0631 \u06a9\u062f\u0627\u0645 \u0628\u0627\u06cc\u062f \u0628\u0647 \u0633\u0645\u062a \u0631\u0627\u0633\u062a \u062e\u0648\u062f \u0628\u067e\u06cc\u0686\u0646\u062f."", ""editdist_solution1"": 1, ""uncorrected_solution2"": ""\u06cc\u06a9\u06cc \u0628\u0627\u06cc\u062f \u0628\u0647 \u0633\u0645\u062a \u0686\u067e \u0648 \u062f\u06cc\u06af\u0631\u06cc \u0628\u0647 \u0633\u0645\u062a \u0631\u0627\u0633\u062a \u0628\u067e\u06cc\u0686\u062f."", ""editdist_solution2"": 1, ""uncorrected_solution3"": ""\u0622\u0646\u0647\u0627 \u0646\u0628\u0627\u06cc\u062f \u062d\u0648\u0644\u0647 \u0631\u0627 \u0628\u0686\u0644\u0627\u0646\u0646\u062f."", ""editdist_solution3"": 1}"
چه چیزی را می‌توانید در دست چپ خود بگیرید اما در دست راست خود نه؟,آرنج راست شما,زانوی راست شما,شانه‌ی چپ شما,آرنج چپ شما,0,pes_arab,What can you hold in your left hand but not in your right hand?,Your right elbow,Your right knee,Your left shoulder,Your left elbow,spatial,parallel_ex000062_pes_arab,"{""example_inspiration"": ""globalpiqa_nonparallel"", ""uncorrected_prompt"": ""\u0686\u0647 \u0686\u06cc\u0632\u06cc \u0631\u0627 \u0645\u06cc\u200c\u062a\u0648\u0627\u0646\u06cc\u062f \u062f\u0631 \u062f\u0633\u062a \u0686\u067e \u062e\u0648\u062f \u0628\u06af\u06cc\u0631\u06cc\u062f \u0627\u0645\u0627 \u062f\u0631 \u062f\u0633\u062a \u0631\u0627\u0633\u062a \u062e\u0648\u062f \u0646\u0647\u061f"", ""editdist_prompt"": 0, ""uncorrected_solution0"": ""\u0622\u0631\u0646\u062c \u0631\u0627\u0633\u062a \u0634\u0645\u0627"", ""editdist_solution0"": 0, ""uncorrected_solution1"": ""\u0632\u0627\u0646\u0648\u06cc \u0631\u0627\u0633\u062a \u0634\u0645\u0627"", ""editdist_solution1"": 0, ""uncorrected_solution2"": ""\u0634\u0627\u0646\u0647\u200c\u06cc \u0686\u067e \u0634\u0645\u0627"", ""editdist_solution2"": 0, ""uncorrected_solution3"": ""\u0622\u0631\u0646\u062c \u0686\u067e \u0634\u0645\u0627"", ""editdist_solution3"": 0}"
برای کوبیدن میخ‌های کوچک، به جای چکش از چه چیزی می‌توان استفاده کرد؟,یک لیوان فومی,یک کمربند چرمی,یک قوطی کنسرو,یک شیشه,2,pes_arab,"To pound small nails, what could be used instead of a hammer?",A foam cup,A leather belt,A tin can,A glass jar,"object_properties_interactions,affordances",parallel_ex000063_pes_arab,"{""example_inspiration"": ""globalpiqa_nonparallel"", ""uncorrected_prompt"": ""\u0628\u0631\u0627\u06cc \u06a9\u0648\u0628\u06cc\u062f\u0646 \u0645\u06cc\u062e\u200c\u0647\u0627\u06cc \u06a9\u0648\u0686\u06a9\u060c \u0628\u0647 \u062c\u0627\u06cc \u0686\u06a9\u0634 \u0627\u0632 \u0686\u0647 \u0686\u06cc\u0632\u06cc \u0645\u06cc\u200c\u062a\u0648\u0627\u0646 \u0627\u0633\u062a\u0641\u0627\u062f\u0647 \u06a9\u0631\u062f\u061f"", ""editdist_prompt"": 0, ""uncorrected_solution0"": ""\u06cc\u06a9 \u0644\u06cc\u0648\u0627\u0646 \u0641\u0648\u0645\u06cc"", ""editdist_solution0"": 0, ""uncorrected_solution1"": ""\u06cc\u06a9 \u06a9\u0645\u0631\u0628\u0646\u062f \u0686\u0631\u0645\u06cc"", ""editdist_solution1"": 0, ""uncorrected_solution2"": ""\u06cc\u06a9 \u0642\u0648\u0637\u06cc \u06a9\u0646\u0633\u0631\u0648"", ""editdist_solution2"": 0, ""uncorrected_solution3"": ""\u06cc\u06a9 \u0634\u06cc\u0634\u0647"", ""editdist_solution3"": 0}"
اگر ماشینی پایین‌تر از خانه پارک شده باشد، در کدام سمت خانه است؟,آن سمت خانه که رو به جنوب است,آن طرف خانه که رو به سرازیری است,سمتی از خانه که رو به سربالایی است,سمتی از خانه که رو به خورشید است,1,pes_arab,"If a car is parked lower than the house, then which side of the house is it on?",The side of the house that faces south,The side of the house that faces downhill,The side of the house that faces uphill,The side of the house that faces the sun,spatial,parallel_ex000064_pes_arab,"{""example_inspiration"": ""globalpiqa_nonparallel"", ""uncorrected_prompt"": ""\u0627\u06af\u0631 \u0645\u0627\u0634\u06cc\u0646\u06cc \u067e\u0627\u06cc\u06cc\u0646\u200c\u062a\u0631 \u0627\u0632 \u062e\u0627\u0646\u0647 \u067e\u0627\u0631\u06a9 \u0634\u062f\u0647 \u0628\u0627\u0634\u062f\u060c \u062f\u0631 \u06a9\u062f\u0627\u0645 \u0633\u0645\u062a \u062e\u0627\u0646\u0647 \u0627\u0633\u062a\u061f"", ""editdist_prompt"": 0, ""uncorrected_solution0"": ""\u0622\u0646 \u0633\u0645\u062a \u062e\u0627\u0646\u0647 \u06a9\u0647 \u0631\u0648 \u0628\u0647 \u062c\u0646\u0648\u0628 \u0627\u0633\u062a"", ""editdist_solution0"": 0, ""uncorrected_solution1"": ""\u0622\u0646 \u0637\u0631\u0641 \u062e\u0627\u0646\u0647 \u06a9\u0647 \u0631\u0648 \u0628\u0647 \u0633\u0631\u0627\u0632\u06cc\u0631\u06cc \u0627\u0633\u062a"", ""editdist_solution1"": 0, ""uncorrected_solution2"": ""\u0633\u0645\u062a\u06cc \u0627\u0632 \u062e\u0627\u0646\u0647 \u06a9\u0647 \u0631\u0648 \u0628\u0647 \u0633\u0631\u0628\u0627\u0644\u0627\u06cc\u06cc \u0627\u0633\u062a"", ""editdist_solution2"": 0, ""uncorrected_solution3"": ""\u0633\u0645\u062a\u06cc \u0627\u0632 \u062e\u0627\u0646\u0647 \u06a9\u0647 \u0631\u0648 \u0628\u0647 \u062e\u0648\u0631\u0634\u06cc\u062f \u0627\u0633\u062a"", ""editdist_solution3"": 0}"
چطور باید یک ظرف داغ را از فر بیرون بیاورم؟,بدون دستکش فر، آن را از دو طرف بگیرید و با احتیاط از داخل فر خارج کنید,با استفاده از دستکش فر، آن را از یک طرف بگیرید و با احتیاط از داخل فر بیرون بیاورید,با استفاده از دستکش‌های فر، آن را از دو طرف بگیرید و با دقت از داخل فر بیرون بیاورید,با استفاده از دستکش فر، آن را از درپوش بگیرید و با احتیاط از فر خارج کنید,2,pes_arab,How should I take a hot dish out of the oven?,"Without oven mitts, grab it from both sides and carefully lift it out of the oven","Using oven mitts, grab it from one side and carefully lift it out of the oven","Using oven mitts, grab it from both sides and carefully lift it out of the oven","Using oven mitts, grab it from the lid and carefully lift it out of the oven","object_properties_interactions,affordances",parallel_ex000065_pes_arab,"{""example_inspiration"": ""globalpiqa_nonparallel"", ""uncorrected_prompt"": ""\u0686\u0637\u0648\u0631 \u0628\u0627\u06cc\u062f \u06cc\u06a9 \u0638\u0631\u0641 \u062f\u0627\u063a \u0631\u0627 \u0627\u0632 \u0641\u0631 \u0628\u06cc\u0631\u0648\u0646 \u0628\u06cc\u0627\u0648\u0631\u0645\u061f"", ""editdist_prompt"": 0, ""uncorrected_solution0"": ""\u0628\u062f\u0648\u0646 \u062f\u0633\u062a\u06a9\u0634 \u0641\u0631\u060c \u0622\u0646 \u0631\u0627 \u0627\u0632 \u062f\u0648 \u0637\u0631\u0641 \u0628\u06af\u06cc\u0631\u06cc\u062f \u0648 \u0628\u0627 \u0627\u062d\u062a\u06cc\u0627\u0637 \u0627\u0632 \u062f\u0627\u062e\u0644 \u0641\u0631 \u062e\u0627\u0631\u062c \u06a9\u0646\u06cc\u062f."", ""editdist_solution0"": 1, ""uncorrected_solution1"": ""\u0628\u0627 \u0627\u0633\u062a\u0641\u0627\u062f\u0647 \u0627\u0632 \u062f\u0633\u062a\u06a9\u0634 \u0641\u0631\u060c \u0622\u0646 \u0631\u0627 \u0627\u0632 \u06cc\u06a9 \u0637\u0631\u0641 \u0628\u06af\u06cc\u0631\u06cc\u062f \u0648 \u0628\u0627 \u0627\u062d\u062a\u06cc\u0627\u0637 \u0627\u0632 \u062f\u0627\u062e\u0644 \u0641\u0631 \u0628\u06cc\u0631\u0648\u0646 \u0628\u06cc\u0627\u0648\u0631\u06cc\u062f."", ""editdist_solution1"": 1, ""uncorrected_solution2"": ""\u0628\u0627 \u0627\u0633\u062a\u0641\u0627\u062f\u0647 \u0627\u0632 \u062f\u0633\u062a\u06a9\u0634\u200c\u0647\u0627\u06cc \u0641\u0631\u060c \u0622\u0646 \u0631\u0627 \u0627\u0632 \u062f\u0648 \u0637\u0631\u0641 \u0628\u06af\u06cc\u0631\u06cc\u062f \u0648 \u0628\u0627 \u062f\u0642\u062a \u0627\u0632 \u062f\u0627\u062e\u0644 \u0641\u0631 \u0628\u06cc\u0631\u0648\u0646 \u0628\u06cc\u0627\u0648\u0631\u06cc\u062f."", ""editdist_solution2"": 1, ""uncorrected_solution3"": ""\u0628\u0627 \u0627\u0633\u062a\u0641\u0627\u062f\u0647 \u0627\u0632 \u062f\u0633\u062a\u06a9\u0634 \u0641\u0631\u060c \u0622\u0646 \u0631\u0627 \u0627\u0632 \u062f\u0631\u067e\u0648\u0634 \u0628\u06af\u06cc\u0631\u06cc\u062f \u0648 \u0628\u0627 \u0627\u062d\u062a\u06cc\u0627\u0637 \u0627\u0632 \u0641\u0631 \u062e\u0627\u0631\u062c \u06a9\u0646\u06cc\u062f."", ""editdist_solution3"": 1}"
با چه چیزی می‌توانید سرتان را بتراشید؟,قیچی,یک تیغ,یک چاقوی جیبی,چاقوی آشپزخانه,1,pes_arab,What can you use to shave your head?,Scissors,A razor blade,A pocket knife,A kitchen knife,"object_properties_interactions,affordances",parallel_ex000066_pes_arab,"{""example_inspiration"": ""globalpiqa_nonparallel"", ""uncorrected_prompt"": ""\u0628\u0627 \u0686\u0647 \u0686\u06cc\u0632\u06cc \u0645\u06cc\u200c\u062a\u0648\u0627\u0646\u06cc\u062f \u0633\u0631\u062a\u0627\u0646 \u0631\u0627 \u0628\u062a\u0631\u0627\u0634\u06cc\u062f\u061f"", ""editdist_prompt"": 0, ""uncorrected_solution0"": ""\u0642\u06cc\u0686\u06cc"", ""editdist_solution0"": 0, ""uncorrected_solution1"": ""\u06cc\u06a9 \u062a\u06cc\u063a"", ""editdist_solution1"": 0, ""uncorrected_solution2"": ""\u06cc\u06a9 \u0686\u0627\u0642\u0648\u06cc \u062c\u06cc\u0628\u06cc"", ""editdist_solution2"": 0, ""uncorrected_solution3"": ""\u0686\u0627\u0642\u0648\u06cc \u0622\u0634\u067e\u0632\u062e\u0627\u0646\u0647"", ""editdist_solution3"": 0}"
از چه چیزی می‌توان برای خرد کردن چوب استفاده کرد؟,یک تبر,قیچی,چاقوی آشپزخانه,رشته,0,pes_arab,What can you use to chop wood?,An axe,Scissors,A kitchen knife,String,"object_properties_interactions,affordances",parallel_ex000067_pes_arab,"{""example_inspiration"": ""globalpiqa_nonparallel"", ""uncorrected_prompt"": ""\u0627\u0632 \u0686\u0647 \u0686\u06cc\u0632\u06cc \u0645\u06cc\u200c\u062a\u0648\u0627\u0646 \u0628\u0631\u0627\u06cc \u062e\u0631\u062f \u06a9\u0631\u062f\u0646 \u0686\u0648\u0628 \u0627\u0633\u062a\u0641\u0627\u062f\u0647 \u06a9\u0631\u062f\u061f"", ""editdist_prompt"": 0, ""uncorrected_solution0"": ""\u06cc\u06a9 \u062a\u0628\u0631"", ""editdist_solution0"": 0, ""uncorrected_solution1"": ""\u0642\u06cc\u0686\u06cc"", ""editdist_solution1"": 0, ""uncorrected_solution2"": ""\u0686\u0627\u0642\u0648\u06cc \u0622\u0634\u067e\u0632\u062e\u0627\u0646\u0647"", ""editdist_solution2"": 0, ""uncorrected_solution3"": ""\u0631\u0634\u062a\u0647"", ""editdist_solution3"": 0}"
قبل از بیرون رفتن از خانه، باید لباس‌هایتان را به چه ترتیبی بپوشید؟,کفش، جوراب، بعد شلوار,شلوار، جوراب، بعد کفش,جوراب، کفش، بعد شلوار,شلوار، کفش، بعد جوراب,1,pes_arab,What order should you put on your clothing before leaving the house?,"Shoes, socks, then pants","Pants, socks, then shoes","Socks, shoes, then pants","Pants, shoes, then socks","object_properties_interactions,affordances",parallel_ex000068_pes_arab,"{""example_inspiration"": ""globalpiqa_nonparallel"", ""uncorrected_prompt"": ""\u0642\u0628\u0644 \u0627\u0632 \u0628\u06cc\u0631\u0648\u0646 \u0631\u0641\u062a\u0646 \u0627\u0632 \u062e\u0627\u0646\u0647\u060c \u0628\u0627\u06cc\u062f \u0644\u0628\u0627\u0633\u200c\u0647\u0627\u06cc\u062a\u0627\u0646 \u0631\u0627 \u0628\u0647 \u0686\u0647 \u062a\u0631\u062a\u06cc\u0628\u06cc \u0628\u067e\u0648\u0634\u06cc\u062f\u061f"", ""editdist_prompt"": 0, ""uncorrected_solution0"": ""\u06a9\u0641\u0634\u060c \u062c\u0648\u0631\u0627\u0628\u060c \u0628\u0639\u062f \u0634\u0644\u0648\u0627\u0631"", ""editdist_solution0"": 0, ""uncorrected_solution1"": ""\u0634\u0644\u0648\u0627\u0631\u060c \u062c\u0648\u0631\u0627\u0628\u060c \u0628\u0639\u062f \u06a9\u0641\u0634"", ""editdist_solution1"": 0, ""uncorrected_solution2"": ""\u062c\u0648\u0631\u0627\u0628\u060c \u06a9\u0641\u0634\u060c \u0628\u0639\u062f \u0634\u0644\u0648\u0627\u0631"", ""editdist_solution2"": 0, ""uncorrected_solution3"": ""\u0634\u0644\u0648\u0627\u0631\u060c \u06a9\u0641\u0634\u060c \u0628\u0639\u062f \u062c\u0648\u0631\u0627\u0628"", ""editdist_solution3"": 0}"
شخصی در یک روز بادی در حیاط پیراهنی را خشک می‌کند. چه نوع پیراهن‌هایی سریع‌تر رطوبت خود را از دست می‌دهند؟,پیراهن‌های نایلونی,پیراهن‌های پشمی سنگین,پیراهن‌های کتان,پیراهن‌های جین,0,pes_arab,A person is drying a shirt on a windy day in the yard. What kind of shirts will lose moisture faster?,Nylon shirts,Heavy wool shirts,Linen shirts,Denim shirts,object_properties_interactions,parallel_ex000069_pes_arab,"{""example_inspiration"": ""globalpiqa_nonparallel"", ""uncorrected_prompt"": ""\u0634\u062e\u0635\u06cc \u062f\u0631 \u06cc\u06a9 \u0631\u0648\u0632 \u0628\u0627\u062f\u06cc \u062f\u0631 \u062d\u06cc\u0627\u0637 \u067e\u06cc\u0631\u0627\u0647\u0646\u06cc \u0631\u0627 \u062e\u0634\u06a9 \u0645\u06cc\u200c\u06a9\u0646\u062f. \u0686\u0647 \u0646\u0648\u0639 \u067e\u06cc\u0631\u0627\u0647\u0646\u200c\u0647\u0627\u06cc\u06cc \u0633\u0631\u06cc\u0639\u200c\u062a\u0631 \u0631\u0637\u0648\u0628\u062a \u062e\u0648\u062f \u0631\u0627 \u0627\u0632 \u062f\u0633\u062a \u0645\u06cc\u200c\u062f\u0647\u0646\u062f\u061f"", ""editdist_prompt"": 0, ""uncorrected_solution0"": ""\u067e\u06cc\u0631\u0627\u0647\u0646\u200c\u0647\u0627\u06cc \u0646\u0627\u06cc\u0644\u0648\u0646\u06cc"", ""editdist_solution0"": 0, ""uncorrected_solution1"": ""\u067e\u06cc\u0631\u0627\u0647\u0646\u200c\u0647\u0627\u06cc \u067e\u0634\u0645\u06cc \u0633\u0646\u06af\u06cc\u0646"", ""editdist_solution1"": 0, ""uncorrected_solution2"": ""\u067e\u06cc\u0631\u0627\u0647\u0646\u200c\u0647\u0627\u06cc \u06a9\u062a\u0627\u0646"", ""editdist_solution2"": 0, ""uncorrected_solution3"": ""\u067e\u06cc\u0631\u0627\u0647\u0646\u200c\u0647\u0627\u06cc \u062c\u06cc\u0646"", ""editdist_solution3"": 0}"
چطور در یک پیاده‌روی طولانی مطمئن می‌شوید که بدنتان هیدراته می‌ماند؟,در طول کوهنوردی آب بنوشید,به محض شروع پیاده‌روی، تمام آب خود را بنوشید,وقتی کوهنوردی را تمام کردی، همه آبت را بنوش,در طول کوهنوردی یک بار آب بنوشید,0,pes_arab,How do you make sure to stay hydrated on a long hike?,Drink water throughout the hike,Drink all your water as soon as you start the hike,Drink all your water when you finish the hike,Drink water once during the hike,"object_properties_interactions,affordances",parallel_ex000070_pes_arab,"{""example_inspiration"": ""globalpiqa_nonparallel"", ""uncorrected_prompt"": ""\u0686\u0637\u0648\u0631 \u062f\u0631 \u06cc\u06a9 \u067e\u06cc\u0627\u062f\u0647\u200c\u0631\u0648\u06cc \u0637\u0648\u0644\u0627\u0646\u06cc \u0645\u0637\u0645\u0626\u0646 \u0645\u06cc\u200c\u0634\u0648\u06cc\u062f \u06a9\u0647 \u0628\u062f\u0646\u062a\u0627\u0646 \u0647\u06cc\u062f\u0631\u0627\u062a\u0647 \u0645\u06cc\u200c\u0645\u0627\u0646\u062f\u061f"", ""editdist_prompt"": 0, ""uncorrected_solution0"": ""\u062f\u0631 \u0637\u0648\u0644 \u06a9\u0648\u0647\u0646\u0648\u0631\u062f\u06cc \u0622\u0628 \u0628\u0646\u0648\u0634\u06cc\u062f."", ""editdist_solution0"": 1, ""uncorrected_solution1"": ""\u0628\u0647 \u0645\u062d\u0636 \u0634\u0631\u0648\u0639 \u067e\u06cc\u0627\u062f\u0647\u200c\u0631\u0648\u06cc\u060c \u062a\u0645\u0627\u0645 \u0622\u0628 \u062e\u0648\u062f \u0631\u0627 \u0628\u0646\u0648\u0634\u06cc\u062f."", ""editdist_solution1"": 1, ""uncorrected_solution2"": ""\u0648\u0642\u062a\u06cc \u06a9\u0648\u0647\u0646\u0648\u0631\u062f\u06cc \u0631\u0627 \u062a\u0645\u0627\u0645 \u06a9\u0631\u062f\u06cc\u060c \u0647\u0645\u0647 \u0622\u0628\u062a \u0631\u0627 \u0628\u0646\u0648\u0634."", ""editdist_solution2"": 1, ""uncorrected_solution3"": ""\u062f\u0631 \u0637\u0648\u0644 \u06a9\u0648\u0647\u0646\u0648\u0631\u062f\u06cc \u06cc\u06a9 \u0628\u0627\u0631 \u0622\u0628 \u0628\u0646\u0648\u0634\u06cc\u062f."", ""editdist_solution3"": 1}"
طول فتیله یک شمع در مقایسه با ارتفاع پارافین آن چقدر است؟,فتیله باید هم‌اندازه با ارتفاع موم شمع باشد,فتیله باید تا حد امکان بلند باشد,فتیله باید بلندتر از ارتفاع موم شمع باشد,فتیله باید از ارتفاع موم شمع کوتاه‌تر باشد,2,pes_arab,"How long is the wick of a candle, compared to the height of the candle wax?",The wick should be the same length as the height of the candle wax,The wick should be as long as possible,The wick should be longer than the height of the candle wax,The wick should be shorter than the height of the candle wax,"object_properties_interactions,spatial",parallel_ex000071_pes_arab,"{""example_inspiration"": ""globalpiqa_nonparallel"", ""uncorrected_prompt"": ""\u0637\u0648\u0644 \u0641\u062a\u06cc\u0644\u0647 \u06cc\u06a9 \u0634\u0645\u0639 \u062f\u0631 \u0645\u0642\u0627\u06cc\u0633\u0647 \u0628\u0627 \u0627\u0631\u062a\u0641\u0627\u0639 \u067e\u0627\u0631\u0627\u0641\u06cc\u0646 \u0622\u0646 \u0686\u0642\u062f\u0631 \u0627\u0633\u062a\u061f"", ""editdist_prompt"": 0, ""uncorrected_solution0"": ""\u0641\u062a\u06cc\u0644\u0647 \u0628\u0627\u06cc\u062f \u0647\u0645\u200c\u0627\u0646\u062f\u0627\u0632\u0647 \u0628\u0627 \u0627\u0631\u062a\u0641\u0627\u0639 \u0645\u0648\u0645 \u0634\u0645\u0639 \u0628\u0627\u0634\u062f."", ""editdist_solution0"": 1, ""uncorrected_solution1"": ""\u0641\u062a\u06cc\u0644\u0647 \u0628\u0627\u06cc\u062f \u062a\u0627 \u062d\u062f \u0627\u0645\u06a9\u0627\u0646 \u0628\u0644\u0646\u062f \u0628\u0627\u0634\u062f."", ""editdist_solution1"": 1, ""uncorrected_solution2"": ""\u0641\u062a\u06cc\u0644\u0647 \u0628\u0627\u06cc\u062f \u0628\u0644\u0646\u062f\u062a\u0631 \u0627\u0632 \u0627\u0631\u062a\u0641\u0627\u0639 \u0645\u0648\u0645 \u0634\u0645\u0639 \u0628\u0627\u0634\u062f."", ""editdist_solution2"": 1, ""uncorrected_solution3"": ""\u0641\u062a\u06cc\u0644\u0647 \u0628\u0627\u06cc\u062f \u0627\u0632 \u0627\u0631\u062a\u0641\u0627\u0639 \u0645\u0648\u0645 \u0634\u0645\u0639 \u06a9\u0648\u062a\u0627\u0647\u200c\u062a\u0631 \u0628\u0627\u0634\u062f."", ""editdist_solution3"": 1}"
شما یک مکعب فولادی و یک مکعب پلاستیکی با حجم یکسان دارید. اگر هر مکعب را به آرامی در یک لیوان پر از آب به زیر آب ببرید، کدام‌یک باعث سرریز شدن حجم بیشتری از آب می‌شود؟,مکعب فولادی باعث سرریز شدن آب بیشتری خواهد شد,هیچ‌کدام از دو مکعب باعث سرریز شدن هیچ آبی نخواهند شد,آن‌ها یک مقدار مساوی آب را سرریز خواهند کرد,مکعب پلاستیکی باعث سرریز شدن آب بیشتری خواهد شد,2,pes_arab,"You have a cube made of steel and a cube made of plastic with the same volume. If you gently put each cube underwater in a glass full of water, which one will make more volume of water overflow?",The steel cube will make more water overflow,Neither cube will make any water overflow,They will make the same amount of water overflow,The plastic cube will make more water overflow,spatial,parallel_ex000072_pes_arab,"{""example_inspiration"": ""globalpiqa_nonparallel"", ""uncorrected_prompt"": ""\u0634\u0645\u0627 \u06cc\u06a9 \u0645\u06a9\u0639\u0628 \u0641\u0648\u0644\u0627\u062f\u06cc \u0648 \u06cc\u06a9 \u0645\u06a9\u0639\u0628 \u067e\u0644\u0627\u0633\u062a\u06cc\u06a9\u06cc \u0628\u0627 \u062d\u062c\u0645 \u06cc\u06a9\u0633\u0627\u0646 \u062f\u0627\u0631\u06cc\u062f. \u0627\u06af\u0631 \u0647\u0631 \u0645\u06a9\u0639\u0628 \u0631\u0627 \u0628\u0647 \u0622\u0631\u0627\u0645\u06cc \u062f\u0631 \u06cc\u06a9 \u0644\u06cc\u0648\u0627\u0646 \u067e\u0631 \u0627\u0632 \u0622\u0628 \u0628\u0647 \u0632\u06cc\u0631 \u0622\u0628 \u0628\u0628\u0631\u06cc\u062f\u060c \u06a9\u062f\u0627\u0645\u200c\u06cc\u06a9 \u0628\u0627\u0639\u062b \u0633\u0631\u0631\u06cc\u0632 \u0634\u062f\u0646 \u062d\u062c\u0645 \u0628\u06cc\u0634\u062a\u0631\u06cc \u0627\u0632 \u0622\u0628 \u0645\u06cc\u200c\u0634\u0648\u062f\u061f"", ""editdist_prompt"": 0, ""uncorrected_solution0"": ""\u0645\u06a9\u0639\u0628 \u0641\u0648\u0644\u0627\u062f\u06cc \u0628\u0627\u0639\u062b \u0633\u0631\u0631\u06cc\u0632 \u0634\u062f\u0646 \u0622\u0628 \u0628\u06cc\u0634\u062a\u0631\u06cc \u062e\u0648\u0627\u0647\u062f \u0634\u062f."", ""editdist_solution0"": 1, ""uncorrected_solution1"": ""\u0647\u06cc\u0686\u200c\u06a9\u062f\u0627\u0645 \u0627\u0632 \u062f\u0648 \u0645\u06a9\u0639\u0628 \u0628\u0627\u0639\u062b \u0633\u0631\u0631\u06cc\u0632 \u0634\u062f\u0646 \u0647\u06cc\u0686 \u0622\u0628\u06cc \u0646\u062e\u0648\u0627\u0647\u0646\u062f \u0634\u062f."", ""editdist_solution1"": 1, ""uncorrected_solution2"": ""\u0622\u0646\u200c\u0647\u0627 \u0647\u0645\u0627\u0646 \u0645\u0642\u062f\u0627\u0631 \u0622\u0628 \u0631\u0627 \u0633\u0631\u0631\u06cc\u0632 \u062e\u0648\u0627\u0647\u0646\u062f \u06a9\u0631\u062f."", ""editdist_solution2"": 11, ""uncorrected_solution3"": ""\u0645\u06a9\u0639\u0628 \u067e\u0644\u0627\u0633\u062a\u06cc\u06a9\u06cc \u0628\u0627\u0639\u062b \u0633\u0631\u0631\u06cc\u0632 \u0634\u062f\u0646 \u0622\u0628 \u0628\u06cc\u0634\u062a\u0631\u06cc \u062e\u0648\u0627\u0647\u062f \u0634\u062f."", ""editdist_solution3"": 1}"
قبل از تزریق با سوزن، محل تزریق را باید با چه چیزی تمیز کرد؟,یک پد چرمی خیس‌خورده,یک گلوله پنبه آغشته به الکل,یک گلوله پنبه خیس‌خورده,پد چرمی آغشته به الکل,1,pes_arab,"Before injection with a needle, what should you clean the injection site with?",A water-soaked leather pad,An alcohol-soaked cotton ball,A water-soaked cotton ball,An alcohol-soaked leather pad,"object_properties_interactions,affordances",parallel_ex000073_pes_arab,"{""example_inspiration"": ""globalpiqa_nonparallel"", ""uncorrected_prompt"": ""\u0642\u0628\u0644 \u0627\u0632 \u062a\u0632\u0631\u06cc\u0642 \u0628\u0627 \u0633\u0648\u0632\u0646\u060c \u0645\u062d\u0644 \u062a\u0632\u0631\u06cc\u0642 \u0631\u0627 \u0628\u0627\u06cc\u062f \u0628\u0627 \u0686\u0647 \u0686\u06cc\u0632\u06cc \u062a\u0645\u06cc\u0632 \u06a9\u0631\u062f\u061f"", ""editdist_prompt"": 0, ""uncorrected_solution0"": ""\u06cc\u06a9 \u067e\u062f \u0686\u0631\u0645\u06cc \u062e\u06cc\u0633\u200c\u062e\u0648\u0631\u062f\u0647"", ""editdist_solution0"": 0, ""uncorrected_solution1"": ""\u06cc\u06a9 \u06af\u0644\u0648\u0644\u0647 \u067e\u0646\u0628\u0647 \u0622\u063a\u0634\u062a\u0647 \u0628\u0647 \u0627\u0644\u06a9\u0644"", ""editdist_solution1"": 0, ""uncorrected_solution2"": ""\u06cc\u06a9 \u06af\u0644\u0648\u0644\u0647 \u067e\u0646\u0628\u0647 \u062e\u06cc\u0633\u200c\u062e\u0648\u0631\u062f\u0647"", ""editdist_solution2"": 0, ""uncorrected_solution3"": ""\u067e\u062f \u0686\u0631\u0645\u06cc \u0622\u063a\u0634\u062a\u0647 \u0628\u0647 \u0627\u0644\u06a9\u0644"", ""editdist_solution3"": 0}"
اگر یک لیوان پلاستیکی ترک خورده باشد، برای جلوگیری از نشت آب چه کار می‌توان کرد؟,لیوان را با کاغذ بپیچید,دور لیوان یک جوراب بپیچ,دور لیوان را با یک نخ پلاستیکی بپیچید,لیوان را با یک کیسه پلاستیکی بپیچید,3,pes_arab,"If a plastic cup is cracked, what can be done to stop the water from leaking out?",Wrap the cup with paper,Wrap the cup with a sock,Wrap the cup with a plastic string,Wrap the cup with a plastic bag,"object_properties_interactions,affordances",parallel_ex000074_pes_arab,"{""example_inspiration"": ""globalpiqa_nonparallel"", ""uncorrected_prompt"": ""\u0627\u06af\u0631 \u06cc\u06a9 \u0644\u06cc\u0648\u0627\u0646 \u067e\u0644\u0627\u0633\u062a\u06cc\u06a9\u06cc \u062a\u0631\u06a9 \u062e\u0648\u0631\u062f\u0647 \u0628\u0627\u0634\u062f\u060c \u0628\u0631\u0627\u06cc \u062c\u0644\u0648\u06af\u06cc\u0631\u06cc \u0627\u0632 \u0646\u0634\u062a \u0622\u0628 \u0686\u0647 \u06a9\u0627\u0631 \u0645\u06cc\u200c\u062a\u0648\u0627\u0646 \u06a9\u0631\u062f\u061f"", ""editdist_prompt"": 0, ""uncorrected_solution0"": ""\u0644\u06cc\u0648\u0627\u0646 \u0631\u0627 \u0628\u0627 \u06a9\u0627\u063a\u0630 \u0628\u067e\u06cc\u0686\u06cc\u062f."", ""editdist_solution0"": 1, ""uncorrected_solution1"": ""\u062f\u0648\u0631 \u0644\u06cc\u0648\u0627\u0646 \u06cc\u06a9 \u062c\u0648\u0631\u0627\u0628 \u0628\u067e\u06cc\u0686."", ""editdist_solution1"": 1, ""uncorrected_solution2"": ""\u062f\u0648\u0631 \u0644\u06cc\u0648\u0627\u0646 \u0631\u0627 \u0628\u0627 \u06cc\u06a9 \u0646\u062e \u067e\u0644\u0627\u0633\u062a\u06cc\u06a9\u06cc \u0628\u067e\u06cc\u0686\u06cc\u062f."", ""editdist_solution2"": 1, ""uncorrected_solution3"": ""\u0644\u06cc\u0648\u0627\u0646 \u0631\u0627 \u0628\u0627 \u06cc\u06a9 \u06a9\u06cc\u0633\u0647 \u067e\u0644\u0627\u0633\u062a\u06cc\u06a9\u06cc \u0628\u067e\u06cc\u0686\u06cc\u062f."", ""editdist_solution3"": 1}"
چقدر آب یک وان حمام معمولی را پر می‌کند؟,۱۰۰۰ لیتر,۲۰۰ لیتر,۱۰ لیتر,۵۰ لیتر,1,pes_arab,How much water fills an average bathtub?,1000 liters,200 liters,10 liters,50 liters,spatial,parallel_ex000075_pes_arab,"{""example_inspiration"": ""globalpiqa_nonparallel"", ""uncorrected_prompt"": ""\u0686\u0642\u062f\u0631 \u0622\u0628 \u06cc\u06a9 \u0648\u0627\u0646 \u062d\u0645\u0627\u0645 \u0645\u0639\u0645\u0648\u0644\u06cc \u0631\u0627 \u067e\u0631 \u0645\u06cc\u200c\u06a9\u0646\u062f\u061f"", ""editdist_prompt"": 0, ""uncorrected_solution0"": ""\u06f1\u06f0\u06f0\u06f0 \u0644\u06cc\u062a\u0631"", ""editdist_solution0"": 0, ""uncorrected_solution1"": ""\u06f2\u06f0\u06f0 \u0644\u06cc\u062a\u0631"", ""editdist_solution1"": 0, ""uncorrected_solution2"": ""\u06f1\u06f0 \u0644\u06cc\u062a\u0631"", ""editdist_solution2"": 0, ""uncorrected_solution3"": ""\u06f5\u06f0 \u0644\u06cc\u062a\u0631"", ""editdist_solution3"": 0}"
چگونه کاری کنیم که یک شمع برای مدتی طولانی بسوزد؟,آن را با یک لیوان شیشه‌ای بپوشان,آن را نپوشانید,آن را با یک لیوان فلزی بپوشانید,آن را با فویل آلومینیوم بپوشانید,1,pes_arab,How do you make a candle burn for a long time?,Cover it with a glass cup,Do not cover it,Cover it with a metal cup,Cover it with aluminum foil,"object_properties_interactions,affordances",parallel_ex000076_pes_arab,"{""example_inspiration"": ""globalpiqa_nonparallel"", ""uncorrected_prompt"": ""\u0686\u06af\u0648\u0646\u0647 \u06a9\u0627\u0631\u06cc \u06a9\u0646\u06cc\u0645 \u06a9\u0647 \u06cc\u06a9 \u0634\u0645\u0639 \u0628\u0631\u0627\u06cc \u0645\u062f\u062a\u06cc \u0637\u0648\u0644\u0627\u0646\u06cc \u0628\u0633\u0648\u0632\u062f\u061f"", ""editdist_prompt"": 0, ""uncorrected_solution0"": ""\u0622\u0646 \u0631\u0627 \u0628\u0627 \u06cc\u06a9 \u0644\u06cc\u0648\u0627\u0646 \u0634\u06cc\u0634\u0647\u200c\u0627\u06cc \u0628\u067e\u0648\u0634\u0627\u0646."", ""editdist_solution0"": 1, ""uncorrected_solution1"": ""\u0622\u0646 \u0631\u0627 \u0646\u067e\u0648\u0634\u0627\u0646\u06cc\u062f"", ""editdist_solution1"": 0, ""uncorrected_solution2"": ""\u0622\u0646 \u0631\u0627 \u0628\u0627 \u06cc\u06a9 \u0644\u06cc\u0648\u0627\u0646 \u0641\u0644\u0632\u06cc \u0628\u067e\u0648\u0634\u0627\u0646\u06cc\u062f."", ""editdist_solution2"": 1, ""uncorrected_solution3"": ""\u0622\u0646 \u0631\u0627 \u0628\u0627 \u0641\u0648\u06cc\u0644 \u0622\u0644\u0648\u0645\u06cc\u0646\u06cc\u0648\u0645 \u0628\u067e\u0648\u0634\u0627\u0646\u06cc\u062f."", ""editdist_solution3"": 1}"
در حالی که مادر مشغول جارو کردن خانه بود، جارو به سکه‌ای که روی زمین بود برخورد کرد. سکه غلتید و به زیر یخچال رفت. او برای بیرون آوردن سکه از چه چیزی می‌تواند استفاده کند؟,یک چاقو,یک جوراب,یک چوب,یک چنگال,2,pes_arab,"While mother was sweeping the house, a coin that was on the floor was hit by the broom. The coin rolled far under the refrigerator. What could she use to get the coin out?",A knife,A sock,A stick,A fork,"object_properties_interactions,affordances",parallel_ex000077_pes_arab,"{""example_inspiration"": ""globalpiqa_nonparallel"", ""uncorrected_prompt"": ""\u062f\u0631 \u062d\u0627\u0644\u06cc \u06a9\u0647 \u0645\u0627\u062f\u0631 \u0645\u0634\u063a\u0648\u0644 \u062c\u0627\u0631\u0648 \u06a9\u0631\u062f\u0646 \u062e\u0627\u0646\u0647 \u0628\u0648\u062f\u060c \u062c\u0627\u0631\u0648 \u0628\u0647 \u0633\u06a9\u0647\u200c\u0627\u06cc \u06a9\u0647 \u0631\u0648\u06cc \u0632\u0645\u06cc\u0646 \u0628\u0648\u062f \u0628\u0631\u062e\u0648\u0631\u062f \u06a9\u0631\u062f. \u0633\u06a9\u0647 \u063a\u0644\u062a\u06cc\u062f \u0648 \u0628\u0647 \u0632\u06cc\u0631 \u06cc\u062e\u0686\u0627\u0644 \u0631\u0641\u062a. \u0627\u0648 \u0628\u0631\u0627\u06cc \u0628\u06cc\u0631\u0648\u0646 \u0622\u0648\u0631\u062f\u0646 \u0633\u06a9\u0647 \u0627\u0632 \u0686\u0647 \u0686\u06cc\u0632\u06cc \u0645\u06cc\u200c\u062a\u0648\u0627\u0646\u062f \u0627\u0633\u062a\u0641\u0627\u062f\u0647 \u06a9\u0646\u062f\u061f"", ""editdist_prompt"": 0, ""uncorrected_solution0"": ""\u06cc\u06a9 \u0686\u0627\u0642\u0648"", ""editdist_solution0"": 0, ""uncorrected_solution1"": ""\u06cc\u06a9 \u062c\u0648\u0631\u0627\u0628"", ""editdist_solution1"": 0, ""uncorrected_solution2"": ""\u06cc\u06a9 \u0686\u0648\u0628"", ""editdist_solution2"": 0, ""uncorrected_solution3"": ""\u06cc\u06a9 \u0686\u0646\u06af\u0627\u0644"", ""editdist_solution3"": 0}"
برای اینکه موز خیلی سریع نرسد، آن را کجا می‌توانید بگذارید؟,در یک کاسه,در فر,در آفتاب,در یخچال,3,pes_arab,"To stop a banana from ripening too fast, where can you put it?",In a bowl,In the oven,In the sun,In the refrigerator,"object_properties_interactions,affordances",parallel_ex000078_pes_arab,"{""example_inspiration"": ""globalpiqa_nonparallel"", ""uncorrected_prompt"": ""\u0628\u0631\u0627\u06cc \u0627\u06cc\u0646\u06a9\u0647 \u0645\u0648\u0632 \u062e\u06cc\u0644\u06cc \u0633\u0631\u06cc\u0639 \u0646\u0631\u0633\u062f\u060c \u0622\u0646 \u0631\u0627 \u06a9\u062c\u0627 \u0645\u06cc\u200c\u062a\u0648\u0627\u0646\u06cc\u062f \u0628\u06af\u0630\u0627\u0631\u06cc\u062f\u061f"", ""editdist_prompt"": 0, ""uncorrected_solution0"": ""\u062f\u0631 \u06cc\u06a9 \u06a9\u0627\u0633\u0647"", ""editdist_solution0"": 0, ""uncorrected_solution1"": ""\u062f\u0631 \u0641\u0631"", ""editdist_solution1"": 0, ""uncorrected_solution2"": ""\u062f\u0631 \u0622\u0641\u062a\u0627\u0628"", ""editdist_solution2"": 0, ""uncorrected_solution3"": ""\u062f\u0631 \u06cc\u062e\u0686\u0627\u0644"", ""editdist_solution3"": 0}"
یک خودرو از کنترل خارج شده و در حال لیز خوردن است. چه سناریویی باعث می‌شود خودرو سریع‌تر لیز بخورد؟,ماشین لاستیک‌های جدید دارد,ماشین پنچر شده است,ماشین یک لاستیک را از دست داده است,ماشین لاستیک‌های فرسوده دارد,3,pes_arab,A car is skidding out of control. What scenario would make the car skid faster?,The car has new tires,The car has a punctured tire,The car has lost a tire,The car has worn out tires,object_properties_interactions,parallel_ex000079_pes_arab,"{""example_inspiration"": ""globalpiqa_nonparallel"", ""uncorrected_prompt"": ""\u06cc\u06a9 \u062e\u0648\u062f\u0631\u0648 \u0627\u0632 \u06a9\u0646\u062a\u0631\u0644 \u062e\u0627\u0631\u062c \u0634\u062f\u0647 \u0648 \u062f\u0631 \u062d\u0627\u0644 \u0644\u06cc\u0632 \u062e\u0648\u0631\u062f\u0646 \u0627\u0633\u062a. \u0686\u0647 \u0633\u0646\u0627\u0631\u06cc\u0648\u06cc\u06cc \u0628\u0627\u0639\u062b \u0645\u06cc\u200c\u0634\u0648\u062f \u062e\u0648\u062f\u0631\u0648 \u0633\u0631\u06cc\u0639\u200c\u062a\u0631 \u0644\u06cc\u0632 \u0628\u062e\u0648\u0631\u062f\u061f"", ""editdist_prompt"": 0, ""uncorrected_solution0"": ""\u0645\u0627\u0634\u06cc\u0646 \u0644\u0627\u0633\u062a\u06cc\u06a9\u200c\u0647\u0627\u06cc \u062c\u062f\u06cc\u062f \u062f\u0627\u0631\u062f."", ""editdist_solution0"": 1, ""uncorrected_solution1"": ""\u0645\u0627\u0634\u06cc\u0646 \u067e\u0646\u0686\u0631 \u0634\u062f\u0647 \u0627\u0633\u062a."", ""editdist_solution1"": 1, ""uncorrected_solution2"": ""\u0645\u0627\u0634\u06cc\u0646 \u06cc\u06a9 \u0644\u0627\u0633\u062a\u06cc\u06a9 \u0631\u0627 \u0627\u0632 \u062f\u0633\u062a \u062f\u0627\u062f\u0647 \u0627\u0633\u062a."", ""editdist_solution2"": 1, ""uncorrected_solution3"": ""\u0645\u0627\u0634\u06cc\u0646 \u0644\u0627\u0633\u062a\u06cc\u06a9\u200c\u0647\u0627\u06cc \u0641\u0631\u0633\u0648\u062f\u0647 \u062f\u0627\u0631\u062f."", ""editdist_solution3"": 1}"
شما یک لیوان آب معمولی و یک لیوان آب نمک دارید. هر دو را در فریزر قرار می‌دهید. کدام‌یک زودتر یخ می‌زند؟,آب شور سریع‌تر یخ خواهد زد,فقط آب شور یخ خواهد زد,آب معمولی زودتر یخ خواهد زد,آن‌ها با سرعت یکسانی یخ خواهند زد,2,pes_arab,You have a cup of plain water and a cup of salt water. You put both in the freezer. Which will freeze faster?,The salt water will freeze faster,Only the salt water will freeze,The plain water will freeze faster,They will freeze at the same rate,object_properties_interactions,parallel_ex000080_pes_arab,"{""example_inspiration"": ""globalpiqa_nonparallel"", ""uncorrected_prompt"": ""\u0634\u0645\u0627 \u06cc\u06a9 \u0644\u06cc\u0648\u0627\u0646 \u0622\u0628 \u0645\u0639\u0645\u0648\u0644\u06cc \u0648 \u06cc\u06a9 \u0644\u06cc\u0648\u0627\u0646 \u0622\u0628 \u0646\u0645\u06a9 \u062f\u0627\u0631\u06cc\u062f. \u0647\u0631 \u062f\u0648 \u0631\u0627 \u062f\u0631 \u0641\u0631\u06cc\u0632\u0631 \u0642\u0631\u0627\u0631 \u0645\u06cc\u200c\u062f\u0647\u06cc\u062f. \u06a9\u062f\u0627\u0645\u200c\u06cc\u06a9 \u0632\u0648\u062f\u062a\u0631 \u06cc\u062e \u0645\u06cc\u200c\u0632\u0646\u062f\u061f"", ""editdist_prompt"": 0, ""uncorrected_solution0"": ""\u0622\u0628 \u0634\u0648\u0631 \u0633\u0631\u06cc\u0639\u200c\u062a\u0631 \u06cc\u062e \u062e\u0648\u0627\u0647\u062f \u0632\u062f."", ""editdist_solution0"": 1, ""uncorrected_solution1"": ""\u0641\u0642\u0637 \u0622\u0628 \u0634\u0648\u0631 \u06cc\u062e \u062e\u0648\u0627\u0647\u062f \u0632\u062f."", ""editdist_solution1"": 1, ""uncorrected_solution2"": ""\u0622\u0628 \u0645\u0639\u0645\u0648\u0644\u06cc \u0632\u0648\u062f\u062a\u0631 \u06cc\u062e \u062e\u0648\u0627\u0647\u062f \u0632\u062f."", ""editdist_solution2"": 1, ""uncorrected_solution3"": ""\u0622\u0646\u200c\u0647\u0627 \u0628\u0627 \u0633\u0631\u0639\u062a \u06cc\u06a9\u0633\u0627\u0646\u06cc \u06cc\u062e \u062e\u0648\u0627\u0647\u0646\u062f \u0632\u062f."", ""editdist_solution3"": 1}"
یک حوله‌ی خیس مچاله شده روی کف حمام افتاده است. چطور می‌توان آن را سریع‌تر خشک کرد؟,حوله را صاف کنید و آن را تا نکنید,حوله را صاف کنید و یک بار از وسط تا کنید,حوله را همان‌طور که هست بگذار,حوله را صاف کنید و آن را چهارلا کنید,0,pes_arab,A wet towel is lying crumpled up on the bathroom floor. How should you make it dry faster?,Flatten out the towel and do not fold it,Flatten out the towel and fold it once in half,Leave the towel as is,Flatten out the towel and fold it into quarters,object_properties_interactions,parallel_ex000081_pes_arab,"{""example_inspiration"": ""globalpiqa_nonparallel"", ""uncorrected_prompt"": ""\u06cc\u06a9 \u062d\u0648\u0644\u0647\u200c\u06cc \u062e\u06cc\u0633 \u0645\u0686\u0627\u0644\u0647 \u0634\u062f\u0647 \u0631\u0648\u06cc \u06a9\u0641 \u062d\u0645\u0627\u0645 \u0627\u0641\u062a\u0627\u062f\u0647 \u0627\u0633\u062a. \u0686\u0637\u0648\u0631 \u0645\u06cc\u200c\u062a\u0648\u0627\u0646 \u0622\u0646 \u0631\u0627 \u0633\u0631\u06cc\u0639\u200c\u062a\u0631 \u062e\u0634\u06a9 \u06a9\u0631\u062f\u061f"", ""editdist_prompt"": 0, ""uncorrected_solution0"": ""\u062d\u0648\u0644\u0647 \u0631\u0627 \u0635\u0627\u0641 \u06a9\u0646 \u0648 \u0622\u0646 \u0631\u0627 \u062a\u0627 \u0646\u06a9\u0646."", ""editdist_solution0"": 4, ""uncorrected_solution1"": ""\u062d\u0648\u0644\u0647 \u0631\u0627 \u0635\u0627\u0641 \u06a9\u0646\u06cc\u062f \u0648 \u06cc\u06a9 \u0628\u0627\u0631 \u0627\u0632 \u0648\u0633\u0637 \u062a\u0627 \u06a9\u0646\u06cc\u062f."", ""editdist_solution1"": 1, ""uncorrected_solution2"": ""\u062d\u0648\u0644\u0647 \u0631\u0627 \u0647\u0645\u0627\u0646\u200c\u0637\u0648\u0631 \u06a9\u0647 \u0647\u0633\u062a \u0628\u06af\u0630\u0627\u0631."", ""editdist_solution2"": 1, ""uncorrected_solution3"": ""\u062d\u0648\u0644\u0647 \u0631\u0627 \u0635\u0627\u0641 \u06a9\u0646\u06cc\u062f \u0648 \u0622\u0646 \u0631\u0627 \u0686\u0647\u0627\u0631\u0644\u0627 \u06a9\u0646\u06cc\u062f."", ""editdist_solution3"": 1}"
شما به یک دریاچه می‌رسید و می‌خواهید ضخامت یخ را بررسی کنید. با چوبی به یخ ضربه می‌زنید. چه نوع صدایی به این معناست که یخ برای راه رفتن امن‌تر است؟,یک صدای تیز و زیر,یک صدای بم و خفه,یک صدای تق‌تقِ زیر,صدایی طنین‌انداز,1,pes_arab,You arrive at a lake and want to check the thickness of the ice. You hit the ice with a stick. What kind of sound would mean the ice is safer to walk on?,A sharp high sound,A dull low sound,A high rattling sound,An echoing sound,object_properties_interactions,parallel_ex000082_pes_arab,"{""example_inspiration"": ""globalpiqa_nonparallel"", ""uncorrected_prompt"": ""\u0634\u0645\u0627 \u0628\u0647 \u06cc\u06a9 \u062f\u0631\u06cc\u0627\u0686\u0647 \u0645\u06cc\u200c\u0631\u0633\u06cc\u062f \u0648 \u0645\u06cc\u200c\u062e\u0648\u0627\u0647\u06cc\u062f \u0636\u062e\u0627\u0645\u062a \u06cc\u062e \u0631\u0627 \u0628\u0631\u0631\u0633\u06cc \u06a9\u0646\u06cc\u062f. \u0628\u0627 \u0686\u0648\u0628\u06cc \u0628\u0647 \u06cc\u062e \u0636\u0631\u0628\u0647 \u0645\u06cc\u200c\u0632\u0646\u06cc\u062f. \u0686\u0647 \u0646\u0648\u0639 \u0635\u062f\u0627\u06cc\u06cc \u0628\u0647 \u0627\u06cc\u0646 \u0645\u0639\u0646\u0627\u0633\u062a \u06a9\u0647 \u06cc\u062e \u0628\u0631\u0627\u06cc \u0631\u0627\u0647 \u0631\u0641\u062a\u0646 \u0627\u0645\u0646\u200c\u062a\u0631 \u0627\u0633\u062a\u061f"", ""editdist_prompt"": 0, ""uncorrected_solution0"": ""\u06cc\u06a9 \u0635\u062f\u0627\u06cc \u062a\u06cc\u0632 \u0648 \u0632\u06cc\u0631"", ""editdist_solution0"": 0, ""uncorrected_solution1"": ""\u06cc\u06a9 \u0635\u062f\u0627\u06cc \u0628\u0645 \u0648 \u062e\u0641\u0647"", ""editdist_solution1"": 0, ""uncorrected_solution2"": ""\u06cc\u06a9 \u0635\u062f\u0627\u06cc \u062a\u0642\u200c\u062a\u0642\u0650 \u0632\u06cc\u0631"", ""editdist_solution2"": 0, ""uncorrected_solution3"": ""\u0635\u062f\u0627\u06cc\u06cc \u0637\u0646\u06cc\u0646\u200c\u0627\u0646\u062f\u0627\u0632"", ""editdist_solution3"": 0}"
شخصی در برفی عمیق و پودری راه می‌رود و پاهایش ۲۰ سانتی‌متر در برف فرو می‌رود. فردی با همان وزن اما پاهایی بسیار بزرگتر در همان برف راه می‌رود. پاهای نفر دوم چقدر در برف فرو خواهد رفت؟,۲۰ سانتی‌متر,بیش از ۴۰ سانتی‌متر,کمتر از ۲۰ سانتی‌متر,بیش از ۲۰ سانتی‌متر,2,pes_arab,"A person is walking in deep, fluffy snow, and their feet sink 20cm into the snow. A person with the same weight but much larger feet walks in the same snow. How much will the second person's feet sink into the snow?",20cm,More than 40cm,Less than 20cm,More than 20cm,object_properties_interactions,parallel_ex000083_pes_arab,"{""example_inspiration"": ""globalpiqa_nonparallel"", ""uncorrected_prompt"": ""\u0634\u062e\u0635\u06cc \u062f\u0631 \u0628\u0631\u0641\u06cc \u0639\u0645\u06cc\u0642 \u0648 \u067e\u0648\u062f\u0631\u06cc \u0631\u0627\u0647 \u0645\u06cc\u200c\u0631\u0648\u062f \u0648 \u067e\u0627\u0647\u0627\u06cc\u0634 \u06f2\u06f0 \u0633\u0627\u0646\u062a\u06cc\u200c\u0645\u062a\u0631 \u062f\u0631 \u0628\u0631\u0641 \u0641\u0631\u0648 \u0645\u06cc\u200c\u0631\u0648\u062f. \u0641\u0631\u062f\u06cc \u0628\u0627 \u0647\u0645\u0627\u0646 \u0648\u0632\u0646 \u0627\u0645\u0627 \u067e\u0627\u0647\u0627\u06cc\u06cc \u0628\u0633\u06cc\u0627\u0631 \u0628\u0632\u0631\u06af\u062a\u0631 \u062f\u0631 \u0647\u0645\u0627\u0646 \u0628\u0631\u0641 \u0631\u0627\u0647 \u0645\u06cc\u200c\u0631\u0648\u062f. \u067e\u0627\u0647\u0627\u06cc \u0646\u0641\u0631 \u062f\u0648\u0645 \u0686\u0642\u062f\u0631 \u062f\u0631 \u0628\u0631\u0641 \u0641\u0631\u0648 \u062e\u0648\u0627\u0647\u062f \u0631\u0641\u062a\u061f"", ""editdist_prompt"": 0, ""uncorrected_solution0"": ""\u06f2\u06f0 \u0633\u0627\u0646\u062a\u06cc\u200c\u0645\u062a\u0631"", ""editdist_solution0"": 0, ""uncorrected_solution1"": ""\u0628\u06cc\u0634 \u0627\u0632 \u06f4\u06f0 \u0633\u0627\u0646\u062a\u06cc\u200c\u0645\u062a\u0631"", ""editdist_solution1"": 0, ""uncorrected_solution2"": ""\u06a9\u0645\u062a\u0631 \u0627\u0632 \u06f2\u06f0 \u0633\u0627\u0646\u062a\u06cc\u200c\u0645\u062a\u0631"", ""editdist_solution2"": 0, ""uncorrected_solution3"": ""\u0628\u06cc\u0634 \u0627\u0632 \u06f2\u06f0 \u0633\u0627\u0646\u062a\u06cc\u200c\u0645\u062a\u0631"", ""editdist_solution3"": 0}"
مهلت یک گزارش دو هفته دیگر است. ما یک هفته دیگر درباره گزارش جلسه خواهیم داشت. اگر جلسه دو هفته به تعویق بیفتد، آیا باز هم پیش از مهلت گزارش خواهد بود؟,قادر به پاسخگویی نیستم,نه,اطلاعات کافی نیست,بله,1,pes_arab,"The deadline for a report is two weeks from today. We will meet about the report in one week. If the meeting is postponed by two weeks, will it still be before the report deadline?",Unable to answer,No,Not enough information,Yes,time,parallel_ex000084_pes_arab,"{""example_inspiration"": ""globalpiqa_nonparallel"", ""uncorrected_prompt"": ""\u0645\u0647\u0644\u062a \u06cc\u06a9 \u06af\u0632\u0627\u0631\u0634 \u062f\u0648 \u0647\u0641\u062a\u0647 \u062f\u06cc\u06af\u0631 \u0627\u0633\u062a. \u0645\u0627 \u06cc\u06a9 \u0647\u0641\u062a\u0647 \u062f\u06cc\u06af\u0631 \u062f\u0631\u0628\u0627\u0631\u0647 \u06af\u0632\u0627\u0631\u0634 \u062c\u0644\u0633\u0647 \u062e\u0648\u0627\u0647\u06cc\u0645 \u062f\u0627\u0634\u062a. \u0627\u06af\u0631 \u062c\u0644\u0633\u0647 \u062f\u0648 \u0647\u0641\u062a\u0647 \u0628\u0647 \u062a\u0639\u0648\u06cc\u0642 \u0628\u06cc\u0641\u062a\u062f\u060c \u0622\u06cc\u0627 \u0628\u0627\u0632 \u0647\u0645 \u067e\u06cc\u0634 \u0627\u0632 \u0645\u0647\u0644\u062a \u06af\u0632\u0627\u0631\u0634 \u062e\u0648\u0627\u0647\u062f \u0628\u0648\u062f\u061f"", ""editdist_prompt"": 0, ""uncorrected_solution0"": ""\u0642\u0627\u062f\u0631 \u0628\u0647 \u067e\u0627\u0633\u062e\u06af\u0648\u06cc\u06cc \u0646\u06cc\u0633\u062a\u0645"", ""editdist_solution0"": 0, ""uncorrected_solution1"": ""\u0646\u0647"", ""editdist_solution1"": 0, ""uncorrected_solution2"": ""\u0627\u0637\u0644\u0627\u0639\u0627\u062a \u06a9\u0627\u0641\u06cc \u0646\u06cc\u0633\u062a"", ""editdist_solution2"": 0, ""uncorrected_solution3"": ""\u0628\u0644\u0647"", ""editdist_solution3"": 0}"
برخی از کودکان از درست کردن حیوانات و پرندگان مختلف با سایه دست روی دیوار لذت می‌برند. چطور این سایه‌ها را با دست خود می‌سازید؟,با دستت شکل حیوانات درست کن، سپس دستت را زیر لامپ قرار بده,با دستت شکل حیوانات درست کن، سپس دستت را روی دیوار بگذار,با دست‌هایتان شکل حیوانات درست کنید، سپس دستتان را بین لامپ و دیوار قرار دهید,با دست‌هایت شکل حیوانات بساز، سپس چراغ را بین دستت و دیوار قرار بده,2,pes_arab,Some children enjoy making different animals and birds with hand shadows on the wall. How do you make these shadows with your hand?,"Make animal shapes with your hand, then place your hand underneath the lamp","Make animal shapes with your hand, then place your hand on the wall","Make animal shapes with your hand, then place your hand between the lamp and the wall","Make animal shapes with your hand, then place the lamp between your hand and the wall",spatial,parallel_ex000085_pes_arab,"{""example_inspiration"": ""globalpiqa_nonparallel"", ""uncorrected_prompt"": ""\u0628\u0631\u062e\u06cc \u0627\u0632 \u06a9\u0648\u062f\u06a9\u0627\u0646 \u0627\u0632 \u062f\u0631\u0633\u062a \u06a9\u0631\u062f\u0646 \u062d\u06cc\u0648\u0627\u0646\u0627\u062a \u0648 \u067e\u0631\u0646\u062f\u06af\u0627\u0646 \u0645\u062e\u062a\u0644\u0641 \u0628\u0627 \u0633\u0627\u06cc\u0647 \u062f\u0633\u062a \u0631\u0648\u06cc \u062f\u06cc\u0648\u0627\u0631 \u0644\u0630\u062a \u0645\u06cc\u200c\u0628\u0631\u0646\u062f. \u0686\u0637\u0648\u0631 \u0627\u06cc\u0646 \u0633\u0627\u06cc\u0647\u200c\u0647\u0627 \u0631\u0627 \u0628\u0627 \u062f\u0633\u062a \u062e\u0648\u062f \u0645\u06cc\u200c\u0633\u0627\u0632\u06cc\u062f\u061f"", ""editdist_prompt"": 0, ""uncorrected_solution0"": ""\u0628\u0627 \u062f\u0633\u062a\u062a \u0634\u06a9\u0644 \u062d\u06cc\u0648\u0627\u0646\u0627\u062a \u062f\u0631\u0633\u062a \u06a9\u0646\u060c \u0633\u067e\u0633 \u062f\u0633\u062a\u062a \u0631\u0627 \u0632\u06cc\u0631 \u0644\u0627\u0645\u067e \u0642\u0631\u0627\u0631 \u0628\u062f\u0647."", ""editdist_solution0"": 1, ""uncorrected_solution1"": ""\u0628\u0627 \u062f\u0633\u062a\u062a \u0634\u06a9\u0644 \u062d\u06cc\u0648\u0627\u0646\u0627\u062a \u062f\u0631\u0633\u062a \u06a9\u0646\u060c \u0633\u067e\u0633 \u062f\u0633\u062a\u062a \u0631\u0627 \u0631\u0648\u06cc \u062f\u06cc\u0648\u0627\u0631 \u0628\u06af\u0630\u0627\u0631."", ""editdist_solution1"": 1, ""uncorrected_solution2"": ""\u0628\u0627 \u062f\u0633\u062a\u200c\u0647\u0627\u06cc\u062a\u0627\u0646 \u0634\u06a9\u0644 \u062d\u06cc\u0648\u0627\u0646\u0627\u062a \u062f\u0631\u0633\u062a \u06a9\u0646\u06cc\u062f\u060c \u0633\u067e\u0633 \u062f\u0633\u062a\u062a\u0627\u0646 \u0631\u0627 \u0628\u06cc\u0646 \u0644\u0627\u0645\u067e \u0648 \u062f\u06cc\u0648\u0627\u0631 \u0642\u0631\u0627\u0631 \u062f\u0647\u06cc\u062f."", ""editdist_solution2"": 1, ""uncorrected_solution3"": ""\u0628\u0627 \u062f\u0633\u062a\u200c\u0647\u0627\u06cc\u062a \u0634\u06a9\u0644 \u062d\u06cc\u0648\u0627\u0646\u0627\u062a \u0628\u0633\u0627\u0632\u060c \u0633\u067e\u0633 \u0686\u0631\u0627\u063a \u0631\u0627 \u0628\u06cc\u0646 \u062f\u0633\u062a\u062a \u0648 \u062f\u06cc\u0648\u0627\u0631 \u0642\u0631\u0627\u0631 \u0628\u062f\u0647."", ""editdist_solution3"": 1}"
اگر یک ظرف شیشه‌ای را کاملاً از آب پر کنیم، درب آن را ببندیم و آن را برای یک روز در سرمای یخبندان بیرون بگذاریم، چه اتفاقی می‌افتد؟,شیشه منبسط می‌شد,شیشه سفت می‌شد,شیشه می‌شکست,لیوان یخ را نگه می‌داشت,2,pes_arab,"What would happen if we completely fill a glass container with water, seal it, and leave it outdoors in the freezing cold for a day?",The glass would expand,The glass would harden,The glass would break,The glass would hold the ice,object_properties_interactions,parallel_ex000086_pes_arab,"{""example_inspiration"": ""globalpiqa_nonparallel"", ""uncorrected_prompt"": ""\u0627\u06af\u0631 \u06cc\u06a9 \u0638\u0631\u0641 \u0634\u06cc\u0634\u0647\u200c\u0627\u06cc \u0631\u0627 \u06a9\u0627\u0645\u0644\u0627\u064b \u0627\u0632 \u0622\u0628 \u067e\u0631 \u06a9\u0646\u06cc\u0645\u060c \u062f\u0631\u0628 \u0622\u0646 \u0631\u0627 \u0628\u0628\u0646\u062f\u06cc\u0645 \u0648 \u0622\u0646 \u0631\u0627 \u0628\u0631\u0627\u06cc \u06cc\u06a9 \u0631\u0648\u0632 \u062f\u0631 \u0633\u0631\u0645\u0627\u06cc \u06cc\u062e\u0628\u0646\u062f\u0627\u0646 \u0628\u06cc\u0631\u0648\u0646 \u0628\u06af\u0630\u0627\u0631\u06cc\u0645\u060c \u0686\u0647 \u0627\u062a\u0641\u0627\u0642\u06cc \u0645\u06cc\u200c\u0627\u0641\u062a\u062f\u061f"", ""editdist_prompt"": 0, ""uncorrected_solution0"": ""\u0634\u06cc\u0634\u0647 \u0645\u0646\u0628\u0633\u0637 \u0645\u06cc\u200c\u0634\u062f."", ""editdist_solution0"": 1, ""uncorrected_solution1"": ""\u0634\u06cc\u0634\u0647 \u0633\u0641\u062a \u0645\u06cc\u200c\u0634\u062f."", ""editdist_solution1"": 1, ""uncorrected_solution2"": ""\u0634\u06cc\u0634\u0647 \u0645\u06cc\u200c\u0634\u06a9\u0633\u062a"", ""editdist_solution2"": 0, ""uncorrected_solution3"": ""\u0644\u06cc\u0648\u0627\u0646 \u06cc\u062e \u0631\u0627 \u0646\u06af\u0647 \u0645\u06cc\u200c\u062f\u0627\u0634\u062a."", ""editdist_solution3"": 1}"
یک دستور پخت می‌گوید که باید مواد تر و خشک را جداگانه مخلوط کنید. کدام مواد با هم مخلوط می‌شوند؟,شکر و آرد، روغن و آب,شکر و آب، آرد و نمک,شکر و آب، آرد و روغن,شکر و آرد، روغن و نمک,0,pes_arab,A recipe says that you have to mix the wet and dry ingredients separately. Which ingredients would be mixed together?,"Sugar and flour, oil and water","Sugar and water, flour and salt","Sugar and water, flour and oil","Sugar and flour, oil and salt",object_properties_interactions,parallel_ex000087_pes_arab,"{""example_inspiration"": ""globalpiqa_nonparallel"", ""uncorrected_prompt"": ""\u06cc\u06a9 \u062f\u0633\u062a\u0648\u0631 \u067e\u062e\u062a \u0645\u06cc\u200c\u06af\u0648\u06cc\u062f \u06a9\u0647 \u0628\u0627\u06cc\u062f \u0645\u0648\u0627\u062f \u062a\u0631 \u0648 \u062e\u0634\u06a9 \u0631\u0627 \u062c\u062f\u0627\u06af\u0627\u0646\u0647 \u0645\u062e\u0644\u0648\u0637 \u06a9\u0646\u06cc\u062f. \u06a9\u062f\u0627\u0645 \u0645\u0648\u0627\u062f \u0628\u0627 \u0647\u0645 \u0645\u062e\u0644\u0648\u0637 \u0645\u06cc\u200c\u0634\u0648\u0646\u062f\u061f"", ""editdist_prompt"": 0, ""uncorrected_solution0"": ""\u0634\u06a9\u0631 \u0648 \u0622\u0631\u062f\u060c \u0631\u0648\u063a\u0646 \u0648 \u0622\u0628"", ""editdist_solution0"": 0, ""uncorrected_solution1"": ""\u0634\u06a9\u0631 \u0648 \u0622\u0628\u060c \u0622\u0631\u062f \u0648 \u0646\u0645\u06a9"", ""editdist_solution1"": 0, ""uncorrected_solution2"": ""\u0634\u06a9\u0631 \u0648 \u0622\u0628\u060c \u0622\u0631\u062f \u0648 \u0631\u0648\u063a\u0646"", ""editdist_solution2"": 0, ""uncorrected_solution3"": ""\u0634\u06a9\u0631 \u0648 \u0622\u0631\u062f\u060c \u0631\u0648\u063a\u0646 \u0648 \u0646\u0645\u06a9"", ""editdist_solution3"": 0}"
ما یک لیتر شیر داریم و می‌خواهیم تمام شیر را درون لیوان‌ها بریزیم. ما فقط سه لیوان داریم. کدام ترکیب از اندازه‌ها می‌تواند تمام شیر را در خود جای دهد؟,دو لیوان ۰.۲ لیتری و یک لیوان ۰.۵ لیتری,دو لیوان ۰.۴ لیتری و یک لیوان ۰.۳ لیتری,سه لیوان ۰.۳ لیتری,دو لیوان ۰.۳ لیتری و یک لیوان ۰.۲ لیتری,1,pes_arab,We have 1 liter of milk and we want to pour all the milk into glasses. We only have three glasses. Which combination of sizes will be able to hold all the milk?,Two glasses of 0.2L and one glass of 0.5L,Two glasses of 0.4L and one glass of 0.3L,Three glasses of 0.3L,Two glasses of 0.3L and one glass of 0.2L,counting,parallel_ex000088_pes_arab,"{""example_inspiration"": ""globalpiqa_nonparallel"", ""uncorrected_prompt"": ""\u0645\u0627 \u06cc\u06a9 \u0644\u06cc\u062a\u0631 \u0634\u06cc\u0631 \u062f\u0627\u0631\u06cc\u0645 \u0648 \u0645\u06cc\u200c\u062e\u0648\u0627\u0647\u06cc\u0645 \u062a\u0645\u0627\u0645 \u0634\u06cc\u0631 \u0631\u0627 \u062f\u0631\u0648\u0646 \u0644\u06cc\u0648\u0627\u0646\u200c\u0647\u0627 \u0628\u0631\u06cc\u0632\u06cc\u0645. \u0645\u0627 \u0641\u0642\u0637 \u0633\u0647 \u0644\u06cc\u0648\u0627\u0646 \u062f\u0627\u0631\u06cc\u0645. \u06a9\u062f\u0627\u0645 \u062a\u0631\u06a9\u06cc\u0628 \u0627\u0632 \u0627\u0646\u062f\u0627\u0632\u0647\u200c\u0647\u0627 \u0645\u06cc\u200c\u062a\u0648\u0627\u0646\u062f \u062a\u0645\u0627\u0645 \u0634\u06cc\u0631 \u0631\u0627 \u062f\u0631 \u062e\u0648\u062f \u062c\u0627\u06cc \u062f\u0647\u062f\u061f"", ""editdist_prompt"": 0, ""uncorrected_solution0"": ""\u062f\u0648 \u0644\u06cc\u0648\u0627\u0646 \u06f0.\u06f2 \u0644\u06cc\u062a\u0631\u06cc \u0648 \u06cc\u06a9 \u0644\u06cc\u0648\u0627\u0646 \u06f0.\u06f5 \u0644\u06cc\u062a\u0631\u06cc"", ""editdist_solution0"": 0, ""uncorrected_solution1"": ""\u062f\u0648 \u0644\u06cc\u0648\u0627\u0646 \u06f0.\u06f4 \u0644\u06cc\u062a\u0631\u06cc \u0648 \u06cc\u06a9 \u0644\u06cc\u0648\u0627\u0646 \u06f0.\u06f3 \u0644\u06cc\u062a\u0631\u06cc"", ""editdist_solution1"": 0, ""uncorrected_solution2"": ""\u0633\u0647 \u0644\u06cc\u0648\u0627\u0646 \u06f0.\u06f3 \u0644\u06cc\u062a\u0631\u06cc"", ""editdist_solution2"": 0, ""uncorrected_solution3"": ""\u062f\u0648 \u0644\u06cc\u0648\u0627\u0646 \u06f0.\u06f3 \u0644\u06cc\u062a\u0631\u06cc \u0648 \u06cc\u06a9 \u0644\u06cc\u0648\u0627\u0646 \u06f0.\u06f2 \u0644\u06cc\u062a\u0631\u06cc"", ""editdist_solution3"": 0}"
یک برگه کاغذ، یک لیوان شیشه‌ای و یک تخم‌مرغ وجود دارد. چگونه آن‌ها را در یک جعبه قرار می‌دهید تا به بهترین شکل از شکستن تخم‌مرغ محافظت کنید؟,تخم‌مرغ را با کاغذ بپیچید، سپس آن را داخل لیوان بگذارید,لیوان را با کاغذ بپیچ، سپس آن را کنار تخم‌مرغ بگذار,تخم‌مرغ را در فنجان بگذار، سپس فنجان را با کاغذ بپیچ,تخم‌مرغ را با کاغذ بپیچید، سپس آن را کنار فنجان بگذارید,0,pes_arab,"There is a sheet of paper, a glass cup, and an egg. How would you place them in a box to best protect the egg from breaking?","Wrap the egg with the paper, then put it inside the cup","Wrap the cup with the paper, then put it next to the egg","Put the egg in the cup, then wrap the cup with the paper","Wrap the egg with the paper, then put it next to the cup","object_properties_interactions,affordances",parallel_ex000089_pes_arab,"{""example_inspiration"": ""globalpiqa_nonparallel"", ""uncorrected_prompt"": ""\u06cc\u06a9 \u0628\u0631\u06af\u0647 \u06a9\u0627\u063a\u0630\u060c \u06cc\u06a9 \u0644\u06cc\u0648\u0627\u0646 \u0634\u06cc\u0634\u0647\u200c\u0627\u06cc \u0648 \u06cc\u06a9 \u062a\u062e\u0645\u200c\u0645\u0631\u063a \u0648\u062c\u0648\u062f \u062f\u0627\u0631\u062f. \u0686\u06af\u0648\u0646\u0647 \u0622\u0646\u200c\u0647\u0627 \u0631\u0627 \u062f\u0631 \u06cc\u06a9 \u062c\u0639\u0628\u0647 \u0642\u0631\u0627\u0631 \u0645\u06cc\u200c\u062f\u0647\u06cc\u062f \u062a\u0627 \u0628\u0647 \u0628\u0647\u062a\u0631\u06cc\u0646 \u0634\u06a9\u0644 \u0627\u0632 \u0634\u06a9\u0633\u062a\u0646 \u062a\u062e\u0645\u200c\u0645\u0631\u063a \u0645\u062d\u0627\u0641\u0638\u062a \u06a9\u0646\u06cc\u062f\u061f"", ""editdist_prompt"": 0, ""uncorrected_solution0"": ""\u062a\u062e\u0645\u200c\u0645\u0631\u063a \u0631\u0627 \u0628\u0627 \u06a9\u0627\u063a\u0630 \u0628\u067e\u06cc\u0686\u06cc\u062f\u060c \u0633\u067e\u0633 \u0622\u0646 \u0631\u0627 \u062f\u0627\u062e\u0644 \u0644\u06cc\u0648\u0627\u0646 \u0628\u06af\u0630\u0627\u0631\u06cc\u062f."", ""editdist_solution0"": 1, ""uncorrected_solution1"": ""\u0644\u06cc\u0648\u0627\u0646 \u0631\u0627 \u0628\u0627 \u06a9\u0627\u063a\u0630 \u0628\u067e\u06cc\u0686\u060c \u0633\u067e\u0633 \u0622\u0646 \u0631\u0627 \u06a9\u0646\u0627\u0631 \u062a\u062e\u0645\u200c\u0645\u0631\u063a \u0628\u06af\u0630\u0627\u0631."", ""editdist_solution1"": 1, ""uncorrected_solution2"": ""\u062a\u062e\u0645\u200c\u0645\u0631\u063a \u0631\u0627 \u062f\u0631 \u0641\u0646\u062c\u0627\u0646 \u0628\u06af\u0630\u0627\u0631\u060c \u0633\u067e\u0633 \u0641\u0646\u062c\u0627\u0646 \u0631\u0627 \u0628\u0627 \u06a9\u0627\u063a\u0630 \u0628\u067e\u06cc\u0686."", ""editdist_solution2"": 1, ""uncorrected_solution3"": ""\u062a\u062e\u0645\u200c\u0645\u0631\u063a \u0631\u0627 \u0628\u0627 \u06a9\u0627\u063a\u0630 \u0628\u067e\u06cc\u0686\u06cc\u062f\u060c \u0633\u067e\u0633 \u0622\u0646 \u0631\u0627 \u06a9\u0646\u0627\u0631 \u0641\u0646\u062c\u0627\u0646 \u0628\u06af\u0630\u0627\u0631\u06cc\u062f."", ""editdist_solution3"": 1}"
یک کامیون پر از آب در جاده‌ای در حال حرکت است. ناگهان مجبور می‌شود بایستد. در حالی که در حال متوقف شدن است، آب به کدام سمت می‌رود؟,آب به سمت عقب کامیون حرکت خواهد کرد,آب به سمت جلوی کامیون حرکت خواهد کرد,آب حرکت نخواهد کرد,آب به سمت پایینِ کامیون حرکت خواهد کرد,1,pes_arab,"A truck full of water is driving down a road. Suddenly, it has to stop. As it is stopping, where will the water go?",The water will move towards the back of the truck,The water will move towards the front of the truck,The water will not move,The water will move towards the bottom of the truck,object_properties_interactions,parallel_ex000090_pes_arab,"{""example_inspiration"": ""new"", ""uncorrected_prompt"": ""\u06cc\u06a9 \u06a9\u0627\u0645\u06cc\u0648\u0646 \u067e\u0631 \u0627\u0632 \u0622\u0628 \u062f\u0631 \u062c\u0627\u062f\u0647\u200c\u0627\u06cc \u062f\u0631 \u062d\u0627\u0644 \u062d\u0631\u06a9\u062a \u0627\u0633\u062a. \u0646\u0627\u06af\u0647\u0627\u0646 \u0645\u062c\u0628\u0648\u0631 \u0645\u06cc\u200c\u0634\u0648\u062f \u0628\u0627\u06cc\u0633\u062a\u062f. \u062f\u0631 \u062d\u0627\u0644\u06cc \u06a9\u0647 \u062f\u0631 \u062d\u0627\u0644 \u0645\u062a\u0648\u0642\u0641 \u0634\u062f\u0646 \u0627\u0633\u062a\u060c \u0622\u0628 \u0628\u0647 \u06a9\u062f\u0627\u0645 \u0633\u0645\u062a \u0645\u06cc\u200c\u0631\u0648\u062f\u061f"", ""editdist_prompt"": 0, ""uncorrected_solution0"": ""\u0622\u0628 \u0628\u0647 \u0633\u0645\u062a \u0639\u0642\u0628 \u06a9\u0627\u0645\u06cc\u0648\u0646 \u062d\u0631\u06a9\u062a \u062e\u0648\u0627\u0647\u062f \u06a9\u0631\u062f."", ""editdist_solution0"": 1, ""uncorrected_solution1"": ""\u0622\u0628 \u0628\u0647 \u0633\u0645\u062a \u062c\u0644\u0648\u06cc \u06a9\u0627\u0645\u06cc\u0648\u0646 \u062d\u0631\u06a9\u062a \u062e\u0648\u0627\u0647\u062f \u06a9\u0631\u062f."", ""editdist_solution1"": 1, ""uncorrected_solution2"": ""\u0622\u0628 \u062d\u0631\u06a9\u062a \u0646\u062e\u0648\u0627\u0647\u062f \u06a9\u0631\u062f."", ""editdist_solution2"": 1, ""uncorrected_solution3"": ""\u0622\u0628 \u0628\u0647 \u0633\u0645\u062a \u067e\u0627\u06cc\u06cc\u0646\u0650 \u06a9\u0627\u0645\u06cc\u0648\u0646 \u062d\u0631\u06a9\u062a \u062e\u0648\u0627\u0647\u062f \u06a9\u0631\u062f."", ""editdist_solution3"": 1}"
جیمز در حال نقاشی منظره‌ای از یک باغ است، اما رنگ سبز ندارد. او چه رنگ‌هایی را می‌تواند با هم مخلوط کند تا رنگ سبز به دست آورد؟,آبی و زرد,آبی و قرمز,زرد و سیاه,آبی و سفید,0,pes_arab,"James is painting a garden scene, but he has no green paint. What paints could he mix to get green?",Blue and yellow,Blue and red,Yellow and black,Blue and white,object_properties_interactions,parallel_ex000091_pes_arab,"{""example_inspiration"": ""new"", ""uncorrected_prompt"": ""\u062c\u06cc\u0645\u0632 \u062f\u0631 \u062d\u0627\u0644 \u0646\u0642\u0627\u0634\u06cc \u0645\u0646\u0638\u0631\u0647\u200c\u0627\u06cc \u0627\u0632 \u06cc\u06a9 \u0628\u0627\u063a \u0627\u0633\u062a\u060c \u0627\u0645\u0627 \u0631\u0646\u06af \u0633\u0628\u0632 \u0646\u062f\u0627\u0631\u062f. \u0627\u0648 \u0686\u0647 \u0631\u0646\u06af\u200c\u0647\u0627\u06cc\u06cc \u0631\u0627 \u0645\u06cc\u200c\u062a\u0648\u0627\u0646\u062f \u0628\u0627 \u0647\u0645 \u0645\u062e\u0644\u0648\u0637 \u06a9\u0646\u062f \u062a\u0627 \u0631\u0646\u06af \u0633\u0628\u0632 \u0628\u0647 \u062f\u0633\u062a \u0622\u0648\u0631\u062f\u061f"", ""editdist_prompt"": 0, ""uncorrected_solution0"": ""\u0622\u0628\u06cc \u0648 \u0632\u0631\u062f"", ""editdist_solution0"": 0, ""uncorrected_solution1"": ""\u0622\u0628\u06cc \u0648 \u0642\u0631\u0645\u0632"", ""editdist_solution1"": 0, ""uncorrected_solution2"": ""\u0632\u0631\u062f \u0648 \u0633\u06cc\u0627\u0647"", ""editdist_solution2"": 0, ""uncorrected_solution3"": ""\u0622\u0628\u06cc \u0648 \u0633\u0641\u06cc\u062f"", ""editdist_solution3"": 0}"
الکس در حال پختن یک کیک پرتقالی است و باید به آن رنگ خوراکی اضافه کند تا نارنجی شود. او باید چه رنگ خوراکی‌ای اضافه کند؟,یک قطره قرمز و یک قطره آبی,یک قطره زرد و یک قطره آبی,یک قطره قرمز و دو قطره زرد,دو قطره قرمز و یک قطره زرد,2,pes_arab,"Alex is baking an orange cake, and he needs to add food coloring to make it orange. What food coloring should he add?",One drop of red and one drop of blue,One drop of yellow and one drop of blue,One drop of red and two drops of yellow,Two drops of red and one drop of yellow,object_properties_interactions,parallel_ex000092_pes_arab,"{""example_inspiration"": ""new"", ""uncorrected_prompt"": ""\u0627\u0644\u06a9\u0633 \u062f\u0631 \u062d\u0627\u0644 \u067e\u062e\u062a\u0646 \u06cc\u06a9 \u06a9\u06cc\u06a9 \u067e\u0631\u062a\u0642\u0627\u0644\u06cc \u0627\u0633\u062a \u0648 \u0628\u0627\u06cc\u062f \u0628\u0647 \u0622\u0646 \u0631\u0646\u06af \u062e\u0648\u0631\u0627\u06a9\u06cc \u0627\u0636\u0627\u0641\u0647 \u06a9\u0646\u062f \u062a\u0627 \u0646\u0627\u0631\u0646\u062c\u06cc \u0634\u0648\u062f. \u0627\u0648 \u0628\u0627\u06cc\u062f \u0686\u0647 \u0631\u0646\u06af \u062e\u0648\u0631\u0627\u06a9\u06cc\u200c\u0627\u06cc \u0627\u0636\u0627\u0641\u0647 \u06a9\u0646\u062f\u061f"", ""editdist_prompt"": 0, ""uncorrected_solution0"": ""\u06cc\u06a9 \u0642\u0637\u0631\u0647 \u0642\u0631\u0645\u0632 \u0648 \u06cc\u06a9 \u0642\u0637\u0631\u0647 \u0622\u0628\u06cc"", ""editdist_solution0"": 0, ""uncorrected_solution1"": ""\u06cc\u06a9 \u0642\u0637\u0631\u0647 \u0632\u0631\u062f \u0648 \u06cc\u06a9 \u0642\u0637\u0631\u0647 \u0622\u0628\u06cc"", ""editdist_solution1"": 0, ""uncorrected_solution2"": ""\u06cc\u06a9 \u0642\u0637\u0631\u0647 \u0642\u0631\u0645\u0632 \u0648 \u062f\u0648 \u0642\u0637\u0631\u0647 \u0632\u0631\u062f"", ""editdist_solution2"": 0, ""uncorrected_solution3"": ""\u062f\u0648 \u0642\u0637\u0631\u0647 \u0642\u0631\u0645\u0632 \u0648 \u06cc\u06a9 \u0642\u0637\u0631\u0647 \u0632\u0631\u062f"", ""editdist_solution3"": 0}"
برای درست کردن یک بالش موقت برای فضای باز، چه کار می‌توان کرد؟,یک کیسه را با ترکه‌ها پر کنید,یک کیسه را از برگ پر کن,یک کیسه را با سنگ پر کن,یک کیسه را با آب پر کنید,1,pes_arab,"To make a temporary outdoor pillow, what could you do?",Fill a bag with twigs,Fill a bag with leaves,Fill a bag with stones,Fill a bag with water,"object_properties_interactions,affordances",parallel_ex000093_pes_arab,"{""example_inspiration"": ""new"", ""uncorrected_prompt"": ""\u0628\u0631\u0627\u06cc \u062f\u0631\u0633\u062a \u06a9\u0631\u062f\u0646 \u06cc\u06a9 \u0628\u0627\u0644\u0634 \u0645\u0648\u0642\u062a \u0628\u0631\u0627\u06cc \u0641\u0636\u0627\u06cc \u0628\u0627\u0632\u060c \u0686\u0647 \u06a9\u0627\u0631 \u0645\u06cc\u200c\u062a\u0648\u0627\u0646 \u06a9\u0631\u062f\u061f"", ""editdist_prompt"": 0, ""uncorrected_solution0"": ""\u06cc\u06a9 \u06a9\u06cc\u0633\u0647 \u0631\u0627 \u0628\u0627 \u062a\u0631\u06a9\u0647\u200c\u0647\u0627 \u067e\u0631 \u06a9\u0646\u06cc\u062f."", ""editdist_solution0"": 1, ""uncorrected_solution1"": ""\u06cc\u06a9 \u06a9\u06cc\u0633\u0647 \u0631\u0627 \u0627\u0632 \u0628\u0631\u06af \u067e\u0631 \u06a9\u0646"", ""editdist_solution1"": 0, ""uncorrected_solution2"": ""\u06cc\u06a9 \u06a9\u06cc\u0633\u0647 \u0631\u0627 \u0628\u0627 \u0633\u0646\u06af \u067e\u0631 \u06a9\u0646."", ""editdist_solution2"": 1, ""uncorrected_solution3"": ""\u06cc\u06a9 \u06a9\u06cc\u0633\u0647 \u0631\u0627 \u0628\u0627 \u0622\u0628 \u067e\u0631 \u06a9\u0646\u06cc\u062f"", ""editdist_solution3"": 0}"
شما قبل از انجام کارهای خانه، تعدادی شیرینی در فر گذاشتید. کدام کار خانه را نمی‌توان پیش از آنکه لازم باشد شیرینی‌ها را از فر بیرون بیاورید، تمام کرد؟,تا کردن لباس‌ها,جارو کردن زمین,خشک کردن لباس‌ها,شستن ظرف‌ها,2,pes_arab,You put some cookies in the oven before doing some housework. What housework would not be possible to finish before the cookies need to be taken out of the oven?,Folding the laundry,Sweeping the floor,Drying the laundry,Washing the dishes,time,parallel_ex000094_pes_arab,"{""example_inspiration"": ""new"", ""uncorrected_prompt"": ""\u0634\u0645\u0627 \u0642\u0628\u0644 \u0627\u0632 \u0627\u0646\u062c\u0627\u0645 \u06a9\u0627\u0631\u0647\u0627\u06cc \u062e\u0627\u0646\u0647\u060c \u062a\u0639\u062f\u0627\u062f\u06cc \u0634\u06cc\u0631\u06cc\u0646\u06cc \u062f\u0631 \u0641\u0631 \u06af\u0630\u0627\u0634\u062a\u06cc\u062f. \u06a9\u062f\u0627\u0645 \u06a9\u0627\u0631 \u062e\u0627\u0646\u0647 \u0631\u0627 \u0646\u0645\u06cc\u200c\u062a\u0648\u0627\u0646 \u067e\u06cc\u0634 \u0627\u0632 \u0622\u0646\u06a9\u0647 \u0644\u0627\u0632\u0645 \u0628\u0627\u0634\u062f \u0634\u06cc\u0631\u06cc\u0646\u06cc\u200c\u0647\u0627 \u0631\u0627 \u0627\u0632 \u0641\u0631 \u0628\u06cc\u0631\u0648\u0646 \u0628\u06cc\u0627\u0648\u0631\u06cc\u062f\u060c \u062a\u0645\u0627\u0645 \u06a9\u0631\u062f\u061f"", ""editdist_prompt"": 0, ""uncorrected_solution0"": ""\u062a\u0627 \u06a9\u0631\u062f\u0646 \u0644\u0628\u0627\u0633\u200c\u0647\u0627"", ""editdist_solution0"": 0, ""uncorrected_solution1"": ""\u062c\u0627\u0631\u0648 \u06a9\u0631\u062f\u0646 \u0632\u0645\u06cc\u0646"", ""editdist_solution1"": 0, ""uncorrected_solution2"": ""\u062e\u0634\u06a9 \u06a9\u0631\u062f\u0646 \u0644\u0628\u0627\u0633\u200c\u0647\u0627"", ""editdist_solution2"": 0, ""uncorrected_solution3"": ""\u0634\u0633\u062a\u0646 \u0638\u0631\u0641\u200c\u0647\u0627"", ""editdist_solution3"": 0}"
شما و دوستتان در حال قدم زدن در یک جنگل هستید، اما وقتی شما به سمت راست می‌پیچید، دوستتان به سمت چپ می‌پیچد و هر دو به راه خود ادامه می‌دهید. اکنون دوستتان نسبت به شما در چه جهتی قرار دارد؟,سمتِ راستِ شما,پشت سرت,روبروی شما,سمت چپ شما,1,pes_arab,"You and your friend are walking in a forest, but your friend turns left when you turn right, and you both keep walking. What direction is your friend relative to you now?",To your right,Behind you,In front of you,To your left,spatial,parallel_ex000095_pes_arab,"{""example_inspiration"": ""new"", ""uncorrected_prompt"": ""\u0634\u0645\u0627 \u0648 \u062f\u0648\u0633\u062a\u062a\u0627\u0646 \u062f\u0631 \u062d\u0627\u0644 \u0642\u062f\u0645 \u0632\u062f\u0646 \u062f\u0631 \u06cc\u06a9 \u062c\u0646\u06af\u0644 \u0647\u0633\u062a\u06cc\u062f\u060c \u0627\u0645\u0627 \u0648\u0642\u062a\u06cc \u0634\u0645\u0627 \u0628\u0647 \u0633\u0645\u062a \u0631\u0627\u0633\u062a \u0645\u06cc\u200c\u067e\u06cc\u0686\u06cc\u062f\u060c \u062f\u0648\u0633\u062a\u062a\u0627\u0646 \u0628\u0647 \u0633\u0645\u062a \u0686\u067e \u0645\u06cc\u200c\u067e\u06cc\u0686\u062f \u0648 \u0647\u0631 \u062f\u0648 \u0628\u0647 \u0631\u0627\u0647 \u062e\u0648\u062f \u0627\u062f\u0627\u0645\u0647 \u0645\u06cc\u200c\u062f\u0647\u06cc\u062f. \u0627\u06a9\u0646\u0648\u0646 \u062f\u0648\u0633\u062a\u062a\u0627\u0646 \u0646\u0633\u0628\u062a \u0628\u0647 \u0634\u0645\u0627 \u062f\u0631 \u0686\u0647 \u062c\u0647\u062a\u06cc \u0642\u0631\u0627\u0631 \u062f\u0627\u0631\u062f\u061f"", ""editdist_prompt"": 0, ""uncorrected_solution0"": ""\u0633\u0645\u062a\u0650 \u0631\u0627\u0633\u062a\u0650 \u0634\u0645\u0627"", ""editdist_solution0"": 0, ""uncorrected_solution1"": ""\u067e\u0634\u062a \u0633\u0631\u062a"", ""editdist_solution1"": 0, ""uncorrected_solution2"": ""\u0631\u0648\u0628\u0631\u0648\u06cc \u0634\u0645\u0627"", ""editdist_solution2"": 0, ""uncorrected_solution3"": ""\u0633\u0645\u062a \u0686\u067e \u0634\u0645\u0627"", ""editdist_solution3"": 0}"
شما و دوستتان در خیابان به سمت یکدیگر در حال حرکت هستید. شما برمی‌گردید، اما دوستتان به حرکت در همان جهت ادامه می‌دهد. شما و دوستتان نسبت به یکدیگر در چه جهتی حرکت می‌کنید؟,داری دوستت را دنبال می‌کنی,شما و دوستتان در جهت‌های مخالف راه می‌روید,دوستت دارد دنبالت می‌کند,تو و دوستت به سمت هم راه می‌روید,2,pes_arab,"You and your friend are walking down the street towards each other. You turn around, but your friend keeps walking in the same direction. Which direction are you and your friend walking relative to one another?",You are following your friend,You and your friend are walking in opposite directions,Your friend is following you,You and your friend are walking towards each other,spatial,parallel_ex000096_pes_arab,"{""example_inspiration"": ""new"", ""uncorrected_prompt"": ""\u0634\u0645\u0627 \u0648 \u062f\u0648\u0633\u062a\u062a\u0627\u0646 \u062f\u0631 \u062e\u06cc\u0627\u0628\u0627\u0646 \u0628\u0647 \u0633\u0645\u062a \u06cc\u06a9\u062f\u06cc\u06af\u0631 \u062f\u0631 \u062d\u0627\u0644 \u062d\u0631\u06a9\u062a \u0647\u0633\u062a\u06cc\u062f. \u0634\u0645\u0627 \u0628\u0631\u0645\u06cc\u200c\u06af\u0631\u062f\u06cc\u062f\u060c \u0627\u0645\u0627 \u062f\u0648\u0633\u062a\u062a\u0627\u0646 \u0628\u0647 \u062d\u0631\u06a9\u062a \u062f\u0631 \u0647\u0645\u0627\u0646 \u062c\u0647\u062a \u0627\u062f\u0627\u0645\u0647 \u0645\u06cc\u200c\u062f\u0647\u062f. \u0634\u0645\u0627 \u0648 \u062f\u0648\u0633\u062a\u062a\u0627\u0646 \u0646\u0633\u0628\u062a \u0628\u0647 \u06cc\u06a9\u062f\u06cc\u06af\u0631 \u062f\u0631 \u0686\u0647 \u062c\u0647\u062a\u06cc \u062d\u0631\u06a9\u062a \u0645\u06cc\u200c\u06a9\u0646\u06cc\u062f\u061f"", ""editdist_prompt"": 0, ""uncorrected_solution0"": ""\u062f\u0627\u0631\u06cc \u062f\u0648\u0633\u062a\u062a \u0631\u0627 \u062f\u0646\u0628\u0627\u0644 \u0645\u06cc\u200c\u06a9\u0646\u06cc."", ""editdist_solution0"": 1, ""uncorrected_solution1"": ""\u0634\u0645\u0627 \u0648 \u062f\u0648\u0633\u062a\u062a\u0627\u0646 \u062f\u0631 \u062c\u0647\u062a\u200c\u0647\u0627\u06cc \u0645\u062e\u0627\u0644\u0641 \u0631\u0627\u0647 \u0645\u06cc\u200c\u0631\u0648\u06cc\u062f."", ""editdist_solution1"": 1, ""uncorrected_solution2"": ""\u062f\u0648\u0633\u062a\u062a \u062f\u0627\u0631\u062f \u062f\u0646\u0628\u0627\u0644\u062a \u0645\u06cc\u200c\u06a9\u0646\u062f."", ""editdist_solution2"": 1, ""uncorrected_solution3"": ""\u062a\u0648 \u0648 \u062f\u0648\u0633\u062a\u062a \u0628\u0647 \u0633\u0645\u062a \u0647\u0645 \u0631\u0627\u0647 \u0645\u06cc\u200c\u0631\u0648\u06cc\u062f."", ""editdist_solution3"": 1}"
سه ماشین در کنار هم در حال حرکت هستند و ماشین وسطی سعی می‌کند به چپ بپیچد. دو ماشین دیگر چه کار می‌کنند؟,ماشین سمت چپ به سمت چپ منحرف می‌شود و ماشین سمت راست منحرف نمی‌شود,ماشین سمت چپ به راست منحرف می‌شود و ماشین سمت راست منحرف نمی‌شود,ماشین سمت چپ به سمت چپ منحرف می‌شود و ماشین سمت راست به سمت راست منحرف می‌شود,ماشین سمت راست به سمت راست منحرف می‌شود و ماشین سمت چپ منحرف نمی‌شود,0,pes_arab,"Three cars are driving next to each other, and the car in the middle tries to turn left. What would the other two cars do?","The left car would swerve left, and the right car would not swerve","The left car would swerve right, and the right car would not swerve","The left car would swerve left, and the right car would swerve right","The right car would swerve right, and the left car would not swerve",spatial,parallel_ex000097_pes_arab,"{""example_inspiration"": ""new"", ""uncorrected_prompt"": ""\u0633\u0647 \u0645\u0627\u0634\u06cc\u0646 \u062f\u0631 \u06a9\u0646\u0627\u0631 \u0647\u0645 \u062f\u0631 \u062d\u0627\u0644 \u062d\u0631\u06a9\u062a \u0647\u0633\u062a\u0646\u062f \u0648 \u0645\u0627\u0634\u06cc\u0646 \u0648\u0633\u0637\u06cc \u0633\u0639\u06cc \u0645\u06cc\u200c\u06a9\u0646\u062f \u0628\u0647 \u0686\u067e \u0628\u067e\u06cc\u0686\u062f. \u062f\u0648 \u0645\u0627\u0634\u06cc\u0646 \u062f\u06cc\u06af\u0631 \u0686\u0647 \u06a9\u0627\u0631 \u0645\u06cc\u200c\u06a9\u0646\u0646\u062f\u061f"", ""editdist_prompt"": 0, ""uncorrected_solution0"": ""\u0645\u0627\u0634\u06cc\u0646 \u0633\u0645\u062a \u0686\u067e \u0628\u0647 \u0633\u0645\u062a \u0686\u067e \u0645\u0646\u062d\u0631\u0641 \u0645\u06cc\u200c\u0634\u062f \u0648 \u0645\u0627\u0634\u06cc\u0646 \u0633\u0645\u062a \u0631\u0627\u0633\u062a \u0645\u0646\u062d\u0631\u0641 \u0646\u0645\u06cc\u200c\u0634\u062f."", ""editdist_solution0"": 3, ""uncorrected_solution1"": ""\u0645\u0627\u0634\u06cc\u0646 \u0633\u0645\u062a \u0686\u067e \u0628\u0647 \u0631\u0627\u0633\u062a \u0645\u0646\u062d\u0631\u0641 \u0645\u06cc\u200c\u0634\u062f \u0648 \u0645\u0627\u0634\u06cc\u0646 \u0633\u0645\u062a \u0631\u0627\u0633\u062a \u0645\u0646\u062d\u0631\u0641 \u0646\u0645\u06cc\u200c\u0634\u062f."", ""editdist_solution1"": 3, ""uncorrected_solution2"": ""\u0645\u0627\u0634\u06cc\u0646 \u0633\u0645\u062a \u0686\u067e \u0628\u0647 \u0633\u0645\u062a \u0686\u067e \u0645\u0646\u062d\u0631\u0641 \u0645\u06cc\u200c\u0634\u062f \u0648 \u0645\u0627\u0634\u06cc\u0646 \u0633\u0645\u062a \u0631\u0627\u0633\u062a \u0628\u0647 \u0633\u0645\u062a \u0631\u0627\u0633\u062a \u0645\u0646\u062d\u0631\u0641 \u0645\u06cc\u200c\u0634\u062f."", ""editdist_solution2"": 3, ""uncorrected_solution3"": ""\u0645\u0627\u0634\u06cc\u0646 \u0633\u0645\u062a \u0631\u0627\u0633\u062a \u0628\u0647 \u0633\u0645\u062a \u0631\u0627\u0633\u062a \u0645\u0646\u062d\u0631\u0641 \u0645\u06cc\u200c\u0634\u062f \u0648 \u0645\u0627\u0634\u06cc\u0646 \u0633\u0645\u062a \u0686\u067e \u0645\u0646\u062d\u0631\u0641 \u0646\u0645\u06cc\u200c\u0634\u062f."", ""editdist_solution3"": 3}"
جک هر روز ۴۰ کیلومتر رانندگی می‌کند. بعد از شش روز، او چقدر رانندگی کرده است؟,۲۴۰ کیلومتر,۳۰۰ کیلومتر,۲۰۰ کیلومتر,۱۶۰ کیلومتر,0,pes_arab,"Jack drives for 40km per day. After six days, how far has he driven?",240km,300km,200km,160km,"spatial,counting",parallel_ex000098_pes_arab,"{""example_inspiration"": ""new"", ""uncorrected_prompt"": ""\u062c\u06a9 \u0647\u0631 \u0631\u0648\u0632 \u06f4\u06f0 \u06a9\u06cc\u0644\u0648\u0645\u062a\u0631 \u0631\u0627\u0646\u0646\u062f\u06af\u06cc \u0645\u06cc\u200c\u06a9\u0646\u062f. \u0628\u0639\u062f \u0627\u0632 \u0634\u0634 \u0631\u0648\u0632\u060c \u0627\u0648 \u0686\u0642\u062f\u0631 \u0631\u0627\u0646\u0646\u062f\u06af\u06cc \u06a9\u0631\u062f\u0647 \u0627\u0633\u062a\u061f"", ""editdist_prompt"": 0, ""uncorrected_solution0"": ""\u06f2\u06f4\u06f0 \u06a9\u06cc\u0644\u0648\u0645\u062a\u0631"", ""editdist_solution0"": 0, ""uncorrected_solution1"": ""\u06f3\u06f0\u06f0 \u06a9\u06cc\u0644\u0648\u0645\u062a\u0631"", ""editdist_solution1"": 0, ""uncorrected_solution2"": ""\u06f2\u06f0\u06f0 \u06a9\u06cc\u0644\u0648\u0645\u062a\u0631"", ""editdist_solution2"": 0, ""uncorrected_solution3"": ""\u06f1\u06f6\u06f0 \u06a9\u06cc\u0644\u0648\u0645\u062a\u0631"", ""editdist_solution3"": 0}"
شما زنگ ساعت خود را برای ساعت ۹ صبح هر روز تنظیم می‌کنید، اما ساعت هر روز ۵ دقیقه عقب می‌افتد. سه روز بعد از اینکه آن را تنظیم کردید، ساعت چه زمانی زنگ خواهد زد؟,۸:۴۵ صبح,۹:۱۵ صبح,۹:۰۰ صبح,۹:۳۰ صبح,1,pes_arab,"You set your alarm to ring at 9am every morning, but the alarm clock falls 5min behind every day. What time will the alarm ring three days after you set it?",8:45 AM,9:15 AM,9:00 AM,9:30 AM,"time,counting",parallel_ex000099_pes_arab,"{""example_inspiration"": ""new"", ""uncorrected_prompt"": ""\u0634\u0645\u0627 \u0632\u0646\u06af \u0633\u0627\u0639\u062a \u062e\u0648\u062f \u0631\u0627 \u0628\u0631\u0627\u06cc \u0633\u0627\u0639\u062a \u06f9 \u0635\u0628\u062d \u0647\u0631 \u0631\u0648\u0632 \u062a\u0646\u0638\u06cc\u0645 \u0645\u06cc\u200c\u06a9\u0646\u06cc\u062f\u060c \u0627\u0645\u0627 \u0633\u0627\u0639\u062a \u0647\u0631 \u0631\u0648\u0632 \u06f5 \u062f\u0642\u06cc\u0642\u0647 \u0639\u0642\u0628 \u0645\u06cc\u200c\u0627\u0641\u062a\u062f. \u0633\u0647 \u0631\u0648\u0632 \u0628\u0639\u062f \u0627\u0632 \u0627\u06cc\u0646\u06a9\u0647 \u0622\u0646 \u0631\u0627 \u062a\u0646\u0638\u06cc\u0645 \u06a9\u0631\u062f\u06cc\u062f\u060c \u0633\u0627\u0639\u062a \u0686\u0647 \u0632\u0645\u0627\u0646\u06cc \u0632\u0646\u06af \u062e\u0648\u0627\u0647\u062f \u0632\u062f\u061f"", ""editdist_prompt"": 0, ""uncorrected_solution0"": ""\u06f8:\u06f4\u06f5 \u0635\u0628\u062d"", ""editdist_solution0"": 0, ""uncorrected_solution1"": ""\u06f9:\u06f1\u06f5 \u0635\u0628\u062d"", ""editdist_solution1"": 0, ""uncorrected_solution2"": ""\u06f9:\u06f0\u06f0 \u0635\u0628\u062d"", ""editdist_solution2"": 0, ""uncorrected_solution3"": ""\u06f9:\u06f3\u06f0 \u0635\u0628\u062d"", ""editdist_solution3"": 0}"
یک کامیون هر دو روز یک‌بار به خانه شما می‌آید. اولین بار، روز شنبه به خانه شما می‌رسد. کامیون برای سومین بار چه روزی خواهد آمد؟,سه‌شنبه,پنجشنبه,جمعه,چهارشنبه,3,pes_arab,A truck comes to your house every two days. It first arrives at your house on a Saturday. What day will the truck arrive for the third time?,Tuesday,Thursday,Friday,Wednesday,"time,counting",parallel_ex000100_pes_arab,"{""example_inspiration"": ""new"", ""uncorrected_prompt"": ""\u06cc\u06a9 \u06a9\u0627\u0645\u06cc\u0648\u0646 \u0647\u0631 \u062f\u0648 \u0631\u0648\u0632 \u06cc\u06a9\u200c\u0628\u0627\u0631 \u0628\u0647 \u062e\u0627\u0646\u0647 \u0634\u0645\u0627 \u0645\u06cc\u200c\u0622\u06cc\u062f. \u0627\u0648\u0644\u06cc\u0646 \u0628\u0627\u0631\u060c \u0631\u0648\u0632 \u0634\u0646\u0628\u0647 \u0628\u0647 \u062e\u0627\u0646\u0647 \u0634\u0645\u0627 \u0645\u06cc\u200c\u0631\u0633\u062f. \u06a9\u0627\u0645\u06cc\u0648\u0646 \u0628\u0631\u0627\u06cc \u0633\u0648\u0645\u06cc\u0646 \u0628\u0627\u0631 \u0686\u0647 \u0631\u0648\u0632\u06cc \u062e\u0648\u0627\u0647\u062f \u0622\u0645\u062f\u061f"", ""editdist_prompt"": 0, ""uncorrected_solution0"": ""\u0633\u0647\u200c\u0634\u0646\u0628\u0647"", ""editdist_solution0"": 0, ""uncorrected_solution1"": ""\u067e\u0646\u062c\u0634\u0646\u0628\u0647"", ""editdist_solution1"": 0, ""uncorrected_solution2"": ""\u062c\u0645\u0639\u0647"", ""editdist_solution2"": 0, ""uncorrected_solution3"": ""\u0686\u0647\u0627\u0631\u0634\u0646\u0628\u0647"", ""editdist_solution3"": 0}"
اولین جلسه امروز من ساعت ۹ صبح است و یک ساعت طول می‌کشد. جلسه دوم من ۵ ساعت بعد از پایان جلسه اول شروع می‌شود. جلسه دوم من چه ساعتی شروع می‌شود؟,۲:۰۰ بعد از ظهر,۳:۰۰ بعد از ظهر,۱۰:۰۰ صبح,۹:۰۰ صبح,1,pes_arab,"My first meeting for the day is at 9am, and it lasts for 1 hour. My second meeting starts 5 hours after the first meeting ends. What time does my second meeting start?",2:00 PM,3:00 PM,10:00 AM,9:00 AM,"time,counting",parallel_ex000101_pes_arab,"{""example_inspiration"": ""new"", ""uncorrected_prompt"": ""\u0627\u0648\u0644\u06cc\u0646 \u062c\u0644\u0633\u0647 \u0627\u0645\u0631\u0648\u0632 \u0645\u0646 \u0633\u0627\u0639\u062a \u06f9 \u0635\u0628\u062d \u0627\u0633\u062a \u0648 \u06cc\u06a9 \u0633\u0627\u0639\u062a \u0637\u0648\u0644 \u0645\u06cc\u200c\u06a9\u0634\u062f. \u062c\u0644\u0633\u0647 \u062f\u0648\u0645 \u0645\u0646 \u06f5 \u0633\u0627\u0639\u062a \u0628\u0639\u062f \u0627\u0632 \u067e\u0627\u06cc\u0627\u0646 \u062c\u0644\u0633\u0647 \u0627\u0648\u0644 \u0634\u0631\u0648\u0639 \u0645\u06cc\u200c\u0634\u0648\u062f. \u062c\u0644\u0633\u0647 \u062f\u0648\u0645 \u0645\u0646 \u0686\u0647 \u0633\u0627\u0639\u062a\u06cc \u0634\u0631\u0648\u0639 \u0645\u06cc\u200c\u0634\u0648\u062f\u061f"", ""editdist_prompt"": 0, ""uncorrected_solution0"": ""\u06f2:\u06f0\u06f0 \u0628\u0639\u062f \u0627\u0632 \u0638\u0647\u0631"", ""editdist_solution0"": 0, ""uncorrected_solution1"": ""\u06f3:\u06f0\u06f0 \u0628\u0639\u062f \u0627\u0632 \u0638\u0647\u0631"", ""editdist_solution1"": 0, ""uncorrected_solution2"": ""\u06f1\u06f0:\u06f0\u06f0 \u0635\u0628\u062d"", ""editdist_solution2"": 0, ""uncorrected_solution3"": ""\u06f9:\u06f0\u06f0 \u0635\u0628\u062d"", ""editdist_solution3"": 0}"
کدام‌یک از این‌ها برای تمیز کردن صفحه نمایش کامپیوتر بدون باقی گذاشتن رطوبت بهترین است؟,آب و صابون,روغن پخت‌وپز,الکل طبی,آب,2,pes_arab,Which of these is best for cleaning your computer screen without leaving moisture?,Soap and water,Cooking oil,Rubbing alcohol,Water,object_properties,parallel_ex000102_pes_arab,"{""example_inspiration"": ""english_piqa"", ""uncorrected_prompt"": ""\u06a9\u062f\u0627\u0645\u200c\u06cc\u06a9 \u0627\u0632 \u0627\u06cc\u0646\u200c\u0647\u0627 \u0628\u0631\u0627\u06cc \u062a\u0645\u06cc\u0632 \u06a9\u0631\u062f\u0646 \u0635\u0641\u062d\u0647 \u0646\u0645\u0627\u06cc\u0634 \u06a9\u0627\u0645\u067e\u06cc\u0648\u062a\u0631 \u0628\u062f\u0648\u0646 \u0628\u0627\u0642\u06cc \u06af\u0630\u0627\u0634\u062a\u0646 \u0631\u0637\u0648\u0628\u062a \u0628\u0647\u062a\u0631\u06cc\u0646 \u0627\u0633\u062a\u061f"", ""editdist_prompt"": 0, ""uncorrected_solution0"": ""\u0622\u0628 \u0648 \u0635\u0627\u0628\u0648\u0646"", ""editdist_solution0"": 0, ""uncorrected_solution1"": ""\u0631\u0648\u063a\u0646 \u067e\u062e\u062a\u200c\u0648\u067e\u0632"", ""editdist_solution1"": 0, ""uncorrected_solution2"": ""\u0627\u0644\u06a9\u0644 \u0637\u0628\u06cc"", ""editdist_solution2"": 0, ""uncorrected_solution3"": ""\u0622\u0628"", ""editdist_solution3"": 0}"
چطور باید سیر را برای آشپزی نگهداری کرد تا تازه بماند؟,سیر را در آفتاب بگذارید,سیر را در ظرفی که هوا به آن نفوذ نکند قرار دهید,سیر را در مقداری خاک مرطوب قرار دهید,سیر را در ظرفی با قابلیت عبور هوا قرار دهید,3,pes_arab,How should you store garlic for cooking so that it stays fresh?,Leave the garlic in the sun,Place the garlic in an airtight container,Place the garlic in some moist soil,Place the garlic in a breathable container,object_properties_interactions,parallel_ex000103_pes_arab,"{""example_inspiration"": ""english_piqa"", ""uncorrected_prompt"": ""\u0686\u0637\u0648\u0631 \u0628\u0627\u06cc\u062f \u0633\u06cc\u0631 \u0631\u0627 \u0628\u0631\u0627\u06cc \u0622\u0634\u067e\u0632\u06cc \u0646\u06af\u0647\u062f\u0627\u0631\u06cc \u06a9\u0631\u062f \u062a\u0627 \u062a\u0627\u0632\u0647 \u0628\u0645\u0627\u0646\u062f\u061f"", ""editdist_prompt"": 0, ""uncorrected_solution0"": ""\u0633\u06cc\u0631 \u0631\u0627 \u062f\u0631 \u0622\u0641\u062a\u0627\u0628 \u0628\u06af\u0630\u0627\u0631\u06cc\u062f."", ""editdist_solution0"": 1, ""uncorrected_solution1"": ""\u0633\u06cc\u0631 \u0631\u0627 \u062f\u0631 \u0638\u0631\u0641\u06cc \u06a9\u0647 \u0647\u0648\u0627 \u0628\u0647 \u0622\u0646 \u0646\u0641\u0648\u0630 \u0646\u06a9\u0646\u062f \u0642\u0631\u0627\u0631 \u062f\u0647\u06cc\u062f."", ""editdist_solution1"": 1, ""uncorrected_solution2"": ""\u0633\u06cc\u0631 \u0631\u0627 \u062f\u0631 \u0645\u0642\u062f\u0627\u0631\u06cc \u062e\u0627\u06a9 \u0645\u0631\u0637\u0648\u0628 \u0642\u0631\u0627\u0631 \u062f\u0647\u06cc\u062f."", ""editdist_solution2"": 1, ""uncorrected_solution3"": ""\u0633\u06cc\u0631 \u0631\u0627 \u062f\u0631 \u0638\u0631\u0641\u06cc \u0628\u0627 \u0642\u0627\u0628\u0644\u06cc\u062a \u0639\u0628\u0648\u0631 \u0647\u0648\u0627 \u0642\u0631\u0627\u0631 \u062f\u0647\u06cc\u062f."", ""editdist_solution3"": 1}"
بهترین جنس برای ساخت تشک فضای باز چیست؟,سنگ‌های کوچک,برگ‌های درخت,چوب‌های کوچک,آب,1,pes_arab,What material would be best to use to make an outdoor mattress?,Small rocks,Tree leaves,Small sticks,Water,"object_properties_interactions,affordances",parallel_ex000104_pes_arab,"{""example_inspiration"": ""english_piqa"", ""uncorrected_prompt"": ""\u0628\u0647\u062a\u0631\u06cc\u0646 \u062c\u0646\u0633 \u0628\u0631\u0627\u06cc \u0633\u0627\u062e\u062a \u062a\u0634\u06a9 \u0641\u0636\u0627\u06cc \u0628\u0627\u0632 \u0686\u06cc\u0633\u062a\u061f"", ""editdist_prompt"": 0, ""uncorrected_solution0"": ""\u0633\u0646\u06af\u200c\u0647\u0627\u06cc \u06a9\u0648\u0686\u06a9"", ""editdist_solution0"": 0, ""uncorrected_solution1"": ""\u0628\u0631\u06af\u200c\u0647\u0627\u06cc \u062f\u0631\u062e\u062a"", ""editdist_solution1"": 0, ""uncorrected_solution2"": ""\u0686\u0648\u0628\u200c\u0647\u0627\u06cc \u06a9\u0648\u0686\u06a9"", ""editdist_solution2"": 0, ""uncorrected_solution3"": ""\u0622\u0628"", ""editdist_solution3"": 0}"
چطور می‌توان فهمید که یخ گوشت منجمد باز شده است؟,گوشت نمک‌زده است,گوشت پخته است,گوشت نرم است,گوشت سفت است,2,pes_arab,How can you tell when frozen meat has thawed?,The meat is salted,The meat is cooked,The meat is soft,The meat is firm,object_properties_interactions,parallel_ex000105_pes_arab,"{""example_inspiration"": ""english_piqa"", ""uncorrected_prompt"": ""\u0686\u0637\u0648\u0631 \u0645\u06cc\u200c\u062a\u0648\u0627\u0646 \u0641\u0647\u0645\u06cc\u062f \u06a9\u0647 \u06cc\u062e \u06af\u0648\u0634\u062a \u0645\u0646\u062c\u0645\u062f \u0628\u0627\u0632 \u0634\u062f\u0647 \u0627\u0633\u062a\u061f"", ""editdist_prompt"": 0, ""uncorrected_solution0"": ""\u06af\u0648\u0634\u062a \u0646\u0645\u06a9\u200c\u0632\u062f\u0647 \u0627\u0633\u062a."", ""editdist_solution0"": 1, ""uncorrected_solution1"": ""\u06af\u0648\u0634\u062a \u067e\u062e\u062a\u0647 \u0627\u0633\u062a."", ""editdist_solution1"": 1, ""uncorrected_solution2"": ""\u06af\u0648\u0634\u062a \u0646\u0631\u0645 \u0627\u0633\u062a."", ""editdist_solution2"": 1, ""uncorrected_solution3"": ""\u06af\u0648\u0634\u062a \u0633\u0641\u062a \u0627\u0633\u062a."", ""editdist_solution3"": 1}"
یک دستمال آشپزخانه به اندازه کافی بزرگ هست که کدام یک از موارد زیر را کاملاً بپوشاند؟,یک تی,یک قاشق,یک میز,یک یخچال,1,pes_arab,A dish towel is big enough to completely cover which of the following?,A mop,A spoon,A table,A refrigerator,spatial,parallel_ex000106_pes_arab,"{""example_inspiration"": ""english_piqa"", ""uncorrected_prompt"": ""\u06cc\u06a9 \u062f\u0633\u062a\u0645\u0627\u0644 \u0622\u0634\u067e\u0632\u062e\u0627\u0646\u0647 \u0628\u0647 \u0627\u0646\u062f\u0627\u0632\u0647 \u06a9\u0627\u0641\u06cc \u0628\u0632\u0631\u06af \u0647\u0633\u062a \u06a9\u0647 \u06a9\u062f\u0627\u0645 \u06cc\u06a9 \u0627\u0632 \u0645\u0648\u0627\u0631\u062f \u0632\u06cc\u0631 \u0631\u0627 \u06a9\u0627\u0645\u0644\u0627\u064b \u0628\u067e\u0648\u0634\u0627\u0646\u062f\u061f"", ""editdist_prompt"": 0, ""uncorrected_solution0"": ""\u06cc\u06a9 \u062a\u06cc"", ""editdist_solution0"": 0, ""uncorrected_solution1"": ""\u06cc\u06a9 \u0642\u0627\u0634\u0642"", ""editdist_solution1"": 0, ""uncorrected_solution2"": ""\u06cc\u06a9 \u0645\u06cc\u0632"", ""editdist_solution2"": 0, ""uncorrected_solution3"": ""\u06cc\u06a9 \u06cc\u062e\u0686\u0627\u0644"", ""editdist_solution3"": 0}"
برای ایمن ماندن هنگام پیاده‌روی در کنار جاده در تاریکی، چه نوع لباسی باید بپوشید؟,لباس ضدآب,لباس‌های تیره رنگ,لباس‌های رنگ روشن,یک پالتوی سنگین,2,pes_arab,"To be safe when walking alongside the road in the dark, what kind of clothes should you wear?",Waterproof clothing,Dark colored clothing,Light colored clothing,A heavy coat,object_properties,parallel_ex000107_pes_arab,"{""example_inspiration"": ""english_piqa"", ""uncorrected_prompt"": ""\u0628\u0631\u0627\u06cc \u0627\u06cc\u0645\u0646 \u0645\u0627\u0646\u062f\u0646 \u0647\u0646\u06af\u0627\u0645 \u067e\u06cc\u0627\u062f\u0647\u200c\u0631\u0648\u06cc \u062f\u0631 \u06a9\u0646\u0627\u0631 \u062c\u0627\u062f\u0647 \u062f\u0631 \u062a\u0627\u0631\u06cc\u06a9\u06cc\u060c \u0686\u0647 \u0646\u0648\u0639 \u0644\u0628\u0627\u0633\u06cc \u0628\u0627\u06cc\u062f \u0628\u067e\u0648\u0634\u06cc\u062f\u061f"", ""editdist_prompt"": 0, ""uncorrected_solution0"": ""\u0644\u0628\u0627\u0633 \u0636\u062f\u0622\u0628"", ""editdist_solution0"": 0, ""uncorrected_solution1"": ""\u0644\u0628\u0627\u0633\u200c\u0647\u0627\u06cc \u062a\u06cc\u0631\u0647 \u0631\u0646\u06af"", ""editdist_solution1"": 0, ""uncorrected_solution2"": ""\u0644\u0628\u0627\u0633\u200c\u0647\u0627\u06cc \u0631\u0646\u06af \u0631\u0648\u0634\u0646"", ""editdist_solution2"": 0, ""uncorrected_solution3"": ""\u06cc\u06a9 \u067e\u0627\u0644\u062a\u0648\u06cc \u0633\u0646\u06af\u06cc\u0646"", ""editdist_solution3"": 0}"
یک توپ فوتبال در کدام‌یک از ظرف‌های زیر جا می‌شود؟,یک بطری یک لیتری,یک پاکت کاغذی,یک سطل,یک لیوان نوشیدنی,2,pes_arab,Which of the following containers can a football fit into?,A 1 liter bottle,A paper envelope,A bucket,A drinking cup,spatial,parallel_ex000108_pes_arab,"{""example_inspiration"": ""english_piqa"", ""uncorrected_prompt"": ""\u06cc\u06a9 \u062a\u0648\u067e \u0641\u0648\u062a\u0628\u0627\u0644 \u062f\u0631 \u06a9\u062f\u0627\u0645\u200c\u06cc\u06a9 \u0627\u0632 \u0638\u0631\u0641\u200c\u0647\u0627\u06cc \u0632\u06cc\u0631 \u062c\u0627 \u0645\u06cc\u200c\u0634\u0648\u062f\u061f"", ""editdist_prompt"": 0, ""uncorrected_solution0"": ""\u06cc\u06a9 \u0628\u0637\u0631\u06cc \u06cc\u06a9 \u0644\u06cc\u062a\u0631\u06cc"", ""editdist_solution0"": 0, ""uncorrected_solution1"": ""\u06cc\u06a9 \u067e\u0627\u06a9\u062a \u06a9\u0627\u063a\u0630\u06cc"", ""editdist_solution1"": 0, ""uncorrected_solution2"": ""\u06cc\u06a9 \u0633\u0637\u0644"", ""editdist_solution2"": 0, ""uncorrected_solution3"": ""\u06cc\u06a9 \u0644\u06cc\u0648\u0627\u0646 \u0646\u0648\u0634\u06cc\u062f\u0646\u06cc"", ""editdist_solution3"": 0}"
