prompt,solution0,solution1,solution2,solution3,label,language,eng_prompt,eng_solution0,eng_solution1,eng_solution2,eng_solution3,categories,example_id,supplement
"Sebuah kantong plastik diisi dengan udara lalu ditutup rapat. Ketika sebuah benda diletakkan di atas kantong tersebut, apa yang terjadi?",Warna udara di dalam kantong berubah,Jumlah udara di dalam kantong tetap sama,Jumlah udara di dalam kantong berkurang,Jumlah udara di dalam kantong tersebut meningkat,1,ind_latn,"A plastic bag is filled with air and then sealed. When an object is placed on the bag, what happens?",The color of the air in the bag changes,The amount of air in the bag stays the same,The amount of air in the bag decreases,The amount of air in the bag increases,object_properties_interactions,parallel_ex000000_ind_latn,"{""example_inspiration"": ""ewok"", ""uncorrected_prompt"": ""Sebuah kantong plastik diisi dengan udara lalu ditutup rapat. Ketika sebuah benda diletakkan di atas kantong tersebut, apa yang terjadi?"", ""editdist_prompt"": 0, ""uncorrected_solution0"": ""Warna udara di dalam kantong berubah"", ""editdist_solution0"": 0, ""uncorrected_solution1"": ""Jumlah udara di dalam kantong tetap sama"", ""editdist_solution1"": 0, ""uncorrected_solution2"": ""Jumlah udara di dalam kantong berkurang"", ""editdist_solution2"": 0, ""uncorrected_solution3"": ""Jumlah udara di dalam kantong tersebut meningkat"", ""editdist_solution3"": 0}"
"Sebuah cangkir diletakkan terbalik di atas meja. Ketika saya menuangkan air ke atas cangkir itu, apa yang terjadi pada airnya?",Airnya tidak menyentuh cangkir itu,Air itu memecahkan cangkir,Air masuk ke dalam cangkir,Airnya memercik dari cangkir,3,ind_latn,"A cup is placed with the opening on the table. When I pour water over the cup, what happens to the water?",The water does not touch the cup,The water breaks the cup,The water goes into the cup,The water splashes off the cup,object_properties_interactions,parallel_ex000001_ind_latn,"{""example_inspiration"": ""new"", ""uncorrected_prompt"": ""Sebuah cangkir diletakkan terbalik di atas meja. Ketika saya menuangkan air ke atas cangkir itu, apa yang terjadi pada airnya?"", ""editdist_prompt"": 0, ""uncorrected_solution0"": ""Airnya tidak menyentuh cangkir itu"", ""editdist_solution0"": 0, ""uncorrected_solution1"": ""Air itu memecahkan cangkir"", ""editdist_solution1"": 0, ""uncorrected_solution2"": ""Air masuk ke dalam cangkir"", ""editdist_solution2"": 0, ""uncorrected_solution3"": ""Airnya memercik dari cangkir"", ""editdist_solution3"": 0}"
Seorang anak melempar bola kertas ke jendela kaca. Apa yang terjadi pada bola itu?,Bola itu pecah berkeping-keping,Bola itu memecahkan jendela,Bola itu menempel di jendela,Bola memantul dari jendela,3,ind_latn,A child throws a paper ball at a glass window. What happens to the ball?,The ball breaks into pieces,The ball breaks the window,The ball sticks to the window,The ball bounces off the window,object_properties_interactions,parallel_ex000002_ind_latn,"{""example_inspiration"": ""ewok"", ""uncorrected_prompt"": ""Seorang anak melempar bola kertas ke jendela kaca. Apa yang terjadi pada bola itu?"", ""editdist_prompt"": 0, ""uncorrected_solution0"": ""Bola itu pecah berkeping-keping"", ""editdist_solution0"": 0, ""uncorrected_solution1"": ""Bola itu memecahkan jendela"", ""editdist_solution1"": 0, ""uncorrected_solution2"": ""Bola itu menempel di jendela"", ""editdist_solution2"": 0, ""uncorrected_solution3"": ""Bola memantul dari jendela"", ""editdist_solution3"": 0}"
Seorang anak melempar bola logam ke jendela kaca. Apa yang terjadi pada bola itu?,Bola itu memecahkan jendela,Bola itu pecah berkeping-keping,Bola itu menempel di jendela,Bola memantul dari jendela,0,ind_latn,A child throws a metal ball at a glass window. What happens to the ball?,The ball breaks the window,The ball breaks into pieces,The ball sticks to the window,The ball bounces off the window,object_properties_interactions,parallel_ex000003_ind_latn,"{""example_inspiration"": ""ewok"", ""uncorrected_prompt"": ""Seorang anak melempar bola logam ke jendela kaca. Apa yang terjadi pada bola itu?"", ""editdist_prompt"": 0, ""uncorrected_solution0"": ""Bola itu memecahkan jendela"", ""editdist_solution0"": 0, ""uncorrected_solution1"": ""Bola itu pecah berkeping-keping"", ""editdist_solution1"": 0, ""uncorrected_solution2"": ""Bola itu menempel di jendela"", ""editdist_solution2"": 0, ""uncorrected_solution3"": ""Bola memantul dari jendela"", ""editdist_solution3"": 0}"
"Di depan Anda ada sebuah bola lampu. Di antara Anda dan bola lampu tersebut, ada selembar kaca. Saat Anda menyalakan bola lampu itu, apa yang terjadi?",Anda melihat cahaya dari bola lampu melalui kaca itu,Bola lampunya tidak mengeluarkan cahaya apa pun,Kaca itu menghalangi semua cahaya dari bola lampu,Kaca itu memantulkan cahaya kembali ke mata Anda,0,ind_latn,"There is a lightbulb in front of you. Between you and the lightbulb, there is a sheet of glass. When you turn the lightbulb on, what happens?",You see the light from the lightbulb through the glass,The lightbulb does not emit any light,The glass blocks all the light from the lightbulb,The glass reflects the light back into your eyes,object_properties_interactions,parallel_ex000004_ind_latn,"{""example_inspiration"": ""ewok"", ""uncorrected_prompt"": ""Di depan Anda ada sebuah bola lampu. Di antara Anda dan bola lampu tersebut, ada selembar kaca. Saat Anda menyalakan bola lampu itu, apa yang terjadi?"", ""editdist_prompt"": 0, ""uncorrected_solution0"": ""Anda melihat cahaya dari bola lampu melalui kaca itu"", ""editdist_solution0"": 0, ""uncorrected_solution1"": ""Bola lampunya tidak mengeluarkan cahaya apa pun"", ""editdist_solution1"": 0, ""uncorrected_solution2"": ""Kaca itu menghalangi semua cahaya dari bola lampu"", ""editdist_solution2"": 0, ""uncorrected_solution3"": ""Kaca itu memantulkan cahaya kembali ke mata Anda"", ""editdist_solution3"": 0}"
"Anda memegang selembar kain katun persegi di tangan Anda sehingga kain itu menjadi tegang dan sejajar dengan tanah. Ketika Anda menggerakkan kedua tangan Anda saling mendekat, apa yang terjadi pada kain itu?",Bagian tengah kain semakin menjauh dari tanah,Kainnya semakin menjauh dari tangan Anda,Tepi-tepi kain semakin menjauh dari tanah,Bagian tengah kain semakin mendekat ke tanah,3,ind_latn,"You hold a square of cotton fabric in your hands so that it is taut and parallel with the ground. When you move your hands closer to each other, what happens to the fabric?",The center of the fabric gets further from the ground,The fabric gets further away from your hands,The edges of the fabric get further from the ground,The center of the fabric gets closer to the ground,object_properties_interactions,parallel_ex000005_ind_latn,"{""example_inspiration"": ""ewok"", ""uncorrected_prompt"": ""Anda memegang selembar kain katun persegi di tangan Anda sehingga kain itu menjadi tegang dan sejajar dengan tanah. Ketika Anda menggerakkan kedua tangan Anda saling mendekat, apa yang terjadi pada kain itu?"", ""editdist_prompt"": 0, ""uncorrected_solution0"": ""Bagian tengah kain semakin menjauh dari tanah"", ""editdist_solution0"": 0, ""uncorrected_solution1"": ""Kainnya semakin menjauh dari tangan Anda"", ""editdist_solution1"": 0, ""uncorrected_solution2"": ""Tepi-tepi kain semakin menjauh dari tanah"", ""editdist_solution2"": 0, ""uncorrected_solution3"": ""Bagian tengah kain semakin mendekat ke tanah"", ""editdist_solution3"": 0}"
"Jika sebuah bangunan menjalani perawatan setiap delapan bulan dan perawatan terakhir adalah pada bulan Januari, pada bulan apakah perawatan berikutnya akan dilakukan?",Oktober,Januari,September,Agustus,2,ind_latn,"If a building undergoes maintenance every eight months and the last maintenance was in January, which month will the next maintenance be?",October,January,September,August,"time,counting",parallel_ex000008_ind_latn,"{""example_inspiration"": ""tram"", ""uncorrected_prompt"": ""Jika sebuah bangunan menjalani perawatan setiap delapan bulan dan perawatan terakhir adalah pada bulan Januari, pada bulan apakah perawatan berikutnya akan dilakukan?"", ""editdist_prompt"": 0, ""uncorrected_solution0"": ""Oktober"", ""editdist_solution0"": 0, ""uncorrected_solution1"": ""Januari"", ""editdist_solution1"": 0, ""uncorrected_solution2"": ""September"", ""editdist_solution2"": 0, ""uncorrected_solution3"": ""Agustus"", ""editdist_solution3"": 0}"
Hari ini adalah hari Rabu. Kamu ingin bertemu dengan temanmu dalam tiga hari. Hari apa kamu ingin bertemu dengan temanmu?,Jumat,Rabu,Sabtu,Minggu,2,ind_latn,Today is Wednesday. You want to meet your friend in three days. Which day do you want to meet your friend?,Friday,Wednesday,Saturday,Sunday,"time,counting",parallel_ex000009_ind_latn,"{""example_inspiration"": ""tram"", ""uncorrected_prompt"": ""Hari ini adalah hari Rabu. Kamu ingin bertemu dengan temanmu dalam tiga hari. Hari apa kamu ingin bertemu dengan temanmu?"", ""editdist_prompt"": 0, ""uncorrected_solution0"": ""Jumat"", ""editdist_solution0"": 0, ""uncorrected_solution1"": ""Rabu"", ""editdist_solution1"": 0, ""uncorrected_solution2"": ""Sabtu"", ""editdist_solution2"": 0, ""uncorrected_solution3"": ""Minggu"", ""editdist_solution3"": 0}"
"Spesies tonggeret muncul setiap 22 tahun sekali. Jika mereka terakhir kali muncul pada tahun 1914, kapan mereka akan muncul lagi?",1940,1930,1934,1936,3,ind_latn,"A species of cicada emerges every 22 years. If they last emerged in 1914, when will they next emerge?",1940,1930,1934,1936,"time,counting",parallel_ex000010_ind_latn,"{""example_inspiration"": ""tram"", ""uncorrected_prompt"": ""Spesies tonggeret muncul setiap 22 tahun sekali. Jika mereka terakhir kali muncul pada tahun 1914, kapan mereka akan muncul lagi?"", ""editdist_prompt"": 0, ""uncorrected_solution0"": ""seribu sembilan ratus empat puluh"", ""editdist_solution0"": 33, ""uncorrected_solution1"": ""seribu sembilan ratus tiga puluh"", ""editdist_solution1"": 32, ""uncorrected_solution2"": ""Seribu sembilan ratus tiga puluh empat"", ""editdist_solution2"": 38, ""uncorrected_solution3"": ""seribu sembilan ratus tiga puluh enam"", ""editdist_solution3"": 37}"
Tahun ini adalah 2026. George berumur 43 tahun. Tahun berapakah kemungkinan besar George lahir?,1983,1985,1984,1981,0,ind_latn,The year is 2026. George is 43 years old. What year is George most likely born?,1983,1985,1984,1981,"time,counting",parallel_ex000011_ind_latn,"{""example_inspiration"": ""tram"", ""uncorrected_prompt"": ""Tahun ini adalah 2026. George berumur 43 tahun. Tahun berapakah kemungkinan besar George lahir?"", ""editdist_prompt"": 0, ""uncorrected_solution0"": ""Seribu sembilan ratus delapan puluh tiga"", ""editdist_solution0"": 40, ""uncorrected_solution1"": ""seribu sembilan ratus delapan puluh lima"", ""editdist_solution1"": 40, ""uncorrected_solution2"": ""1984"", ""editdist_solution2"": 0, ""uncorrected_solution3"": ""seribu sembilan ratus delapan puluh satu"", ""editdist_solution3"": 40}"
Anak laki-laki itu harus menyelesaikan pekerjaan rumah tangga sebelum berangkat ke sekolah. Kapan kemungkinan besar ia akan melakukan pekerjaan rumah tangga tersebut?,06.30,Pukul 10 Pagi,18.30,09.30 pagi,0,ind_latn,The boy needs to complete a household chore before heading to school. When is he more likely to do the household chore?,6:30 AM,10 AM,6:30 PM,9:30 AM,time,parallel_ex000013_ind_latn,"{""example_inspiration"": ""tram"", ""uncorrected_prompt"": ""Anak laki-laki itu harus menyelesaikan pekerjaan rumah tangga sebelum berangkat ke sekolah. Kapan kemungkinan besar ia akan melakukan pekerjaan rumah tangga tersebut?"", ""editdist_prompt"": 0, ""uncorrected_solution0"": ""06.30"", ""editdist_solution0"": 0, ""uncorrected_solution1"": ""Pukul 10 Pagi"", ""editdist_solution1"": 0, ""uncorrected_solution2"": ""18.30"", ""editdist_solution2"": 0, ""uncorrected_solution3"": ""09.30 pagi"", ""editdist_solution3"": 0}"
Hari sudah sore. Seseorang sedang berjalan dengan matahari menyinari matanya. Ia berbelok ke kiri. Ke arah mata angin manakah umumnya ia berjalan?,Barat,Utara,Selatan,Timur,2,ind_latn,It is late in the afternoon. A person is walking so that the sun is in their eyes. They turn left. What general direction are they walking in?,West,North,South,East,spatial,parallel_ex000014_ind_latn,"{""example_inspiration"": ""prost"", ""uncorrected_prompt"": ""Hari sudah sore. Seseorang sedang berjalan dengan matahari menyinari matanya. Ia berbelok ke kiri. Ke arah mata angin manakah umumnya ia berjalan?"", ""editdist_prompt"": 0, ""uncorrected_solution0"": ""Barat"", ""editdist_solution0"": 0, ""uncorrected_solution1"": ""Utara"", ""editdist_solution1"": 0, ""uncorrected_solution2"": ""Selatan"", ""editdist_solution2"": 0, ""uncorrected_solution3"": ""Timur"", ""editdist_solution3"": 0}"
Seseorang berjalan menghadap matahari. Matahari berada di posisi rendah di langit. Ia berbelok ke kiri dan sekarang berjalan ke arah utara. Kira-kira ini waktu apa?,Pagi buta,Menjelang siang,Sore hari,Tengah hari,0,ind_latn,A person is walking so that they are facing the sun. The sun is low in the sky. They turn left and now they are walking north. What general time of day is it?,Early Morning,Late morning,Late Afternoon,Mid day,spatial,parallel_ex000015_ind_latn,"{""example_inspiration"": ""prost"", ""uncorrected_prompt"": ""Seseorang berjalan menghadap matahari. Matahari berada di posisi rendah di langit. Ia berbelok ke kiri dan sekarang berjalan ke arah utara. Kira-kira ini waktu apa?"", ""editdist_prompt"": 0, ""uncorrected_solution0"": ""Pagi buta"", ""editdist_solution0"": 0, ""uncorrected_solution1"": ""Menjelang siang"", ""editdist_solution1"": 0, ""uncorrected_solution2"": ""Sore hari"", ""editdist_solution2"": 0, ""uncorrected_solution3"": ""Tengah hari"", ""editdist_solution3"": 0}"
"Ada sebuah pintu yang hanya bisa dibuka ke satu arah. Saat kamu masuk ke dalam ruangan melalui pintu itu, kamu mendorongnya untuk membuka. Untuk keluar dari ruangan, bagaimana caramu membuka pintu itu?",Kamu menariknya,Kamu merusaknya,Anda membukanya,Anda mendorongnya,0,ind_latn,"There is a door which only opens in one direction. When you go through the door to enter the room, you push it to open. To exit the room, how do you open the door?",You pull it,You break it,You unlock it,You push it,spatial,parallel_ex000016_ind_latn,"{""example_inspiration"": ""prost"", ""uncorrected_prompt"": ""Ada sebuah pintu yang hanya bisa dibuka ke satu arah. Saat kamu masuk ke dalam ruangan melalui pintu itu, kamu mendorongnya untuk membuka. Untuk keluar dari ruangan, bagaimana caramu membuka pintu itu?"", ""editdist_prompt"": 0, ""uncorrected_solution0"": ""Kamu menariknya"", ""editdist_solution0"": 0, ""uncorrected_solution1"": ""Kamu merusaknya"", ""editdist_solution1"": 0, ""uncorrected_solution2"": ""Anda membukanya"", ""editdist_solution2"": 0, ""uncorrected_solution3"": ""Anda mendorongnya"", ""editdist_solution3"": 0}"
"Anda perlu menulis sesuatu, dan Anda punya kertas tetapi tidak punya alat tulis. Manakah dari pilihan berikut yang paling baik digunakan untuk menulis?",Kertas,Sebatang tongkat,Arang,Kapur putih,2,ind_latn,"You need to write something down, and you have paper but no writing utensil. Which of these would be best to use to write?",Paper,A stick,Charcoal,White chalk,"object_properties_interactions,affordances",parallel_ex000017_ind_latn,"{""example_inspiration"": ""new"", ""uncorrected_prompt"": ""Anda perlu menulis sesuatu, dan Anda punya kertas tetapi tidak punya alat tulis. Manakah dari pilihan berikut yang paling baik digunakan untuk menulis?"", ""editdist_prompt"": 0, ""uncorrected_solution0"": ""Kertas"", ""editdist_solution0"": 0, ""uncorrected_solution1"": ""Sebatang tongkat"", ""editdist_solution1"": 0, ""uncorrected_solution2"": ""Arang"", ""editdist_solution2"": 0, ""uncorrected_solution3"": ""Kapur putih"", ""editdist_solution3"": 0}"
Acara mana yang umumnya memakan waktu lebih lama?,Menyapu lantai,Lari 5km,Menonton film,Membuat sarapan,2,ind_latn,Which event generally takes longer?,Sweeping the floor,Running 5km,Watching a movie,Making breakfast,time,parallel_ex000018_ind_latn,"{""example_inspiration"": ""tram"", ""uncorrected_prompt"": ""Acara mana yang umumnya memakan waktu lebih lama?"", ""editdist_prompt"": 0, ""uncorrected_solution0"": ""Menyapu lantai"", ""editdist_solution0"": 0, ""uncorrected_solution1"": ""Lari 5km"", ""editdist_solution1"": 0, ""uncorrected_solution2"": ""Menonton film"", ""editdist_solution2"": 0, ""uncorrected_solution3"": ""Membuat sarapan"", ""editdist_solution3"": 0}"
"Bak mandi penuh dengan air, tetapi salurannya tersumbat. Anda perlu memindahkan air dari bak mandi ke wastafel untuk mengurasnya. Manakah dari berikut ini yang merupakan alat terbaik?",Sepiring,Panci masak,Handuk,Sendok sup,1,ind_latn,"The bathtub is full of water, but the drain is clogged. You need to move water from the bathtub to the sink to drain it. Which of the following is the best tool?",A plate,A cooking pot,A towel,A soup spoon,"object_properties_interactions,affordances",parallel_ex000020_ind_latn,"{""example_inspiration"": ""new"", ""uncorrected_prompt"": ""Bak mandi penuh dengan air, tetapi salurannya tersumbat. Anda perlu memindahkan air dari bak mandi ke wastafel untuk mengurasnya. Manakah dari berikut ini yang merupakan alat terbaik?"", ""editdist_prompt"": 0, ""uncorrected_solution0"": ""Sepiring"", ""editdist_solution0"": 0, ""uncorrected_solution1"": ""Panci masak"", ""editdist_solution1"": 0, ""uncorrected_solution2"": ""Handuk"", ""editdist_solution2"": 0, ""uncorrected_solution3"": ""Sendok sup"", ""editdist_solution3"": 0}"
"Untuk sebuah kotak dengan ukuran tertentu, manakah dari benda-benda berikut yang dapat dikemas dalam jumlah terbanyak?",Lemon,Anggur,Kubis-kubisan,Apel,1,ind_latn,"For a box of a given size, which of the following objects can be packed in the largest number?",Lemons,Grapes,Cabbages,Apples,object_properties_interactions,parallel_ex000021_ind_latn,"{""example_inspiration"": ""prost"", ""uncorrected_prompt"": ""Untuk sebuah kotak dengan ukuran tertentu, manakah dari benda-benda berikut yang dapat dikemas dalam jumlah terbanyak?"", ""editdist_prompt"": 0, ""uncorrected_solution0"": ""Lemon"", ""editdist_solution0"": 0, ""uncorrected_solution1"": ""Anggur"", ""editdist_solution1"": 0, ""uncorrected_solution2"": ""Kubis-kubisan"", ""editdist_solution2"": 0, ""uncorrected_solution3"": ""Apel"", ""editdist_solution3"": 0}"
Anda sedang mengisi sebuah stoples kaca dengan benda-benda. Anda ingin stoples tersebut memiliki ruang kosong sesedikit mungkin. Sebaiknya Anda mengisi stoples tersebut dengan apa?,Tomat,Kelereng,Kacang-kacangan,Nasi,3,ind_latn,You are filling a glass jar with objects. You want the jar to have as little empty space as possible. What should you fill the jar with?,Tomatoes,Marbles,Beans,Rice,object_properties_interactions,parallel_ex000022_ind_latn,"{""example_inspiration"": ""prost"", ""uncorrected_prompt"": ""Anda sedang mengisi sebuah stoples kaca dengan benda-benda. Anda ingin stoples tersebut memiliki ruang kosong sesedikit mungkin. Sebaiknya Anda mengisi stoples tersebut dengan apa?"", ""editdist_prompt"": 0, ""uncorrected_solution0"": ""Tomat"", ""editdist_solution0"": 0, ""uncorrected_solution1"": ""Kelereng"", ""editdist_solution1"": 0, ""uncorrected_solution2"": ""Kacang-kacangan"", ""editdist_solution2"": 0, ""uncorrected_solution3"": ""Nasi"", ""editdist_solution3"": 0}"
"Jika Anda menjatuhkan salah satu dari benda-benda ini dari jendela gedung yang tinggi, manakah yang kemungkinan besar akan penyok?",Kaleng aluminium,Mangkuk keramik,Sebuah sepatu,Sebuah kotak kayu,0,ind_latn,"If you drop one of these items from the window of a tall building, which is most likely to be dented?",An aluminum can,A ceramic bowl,A shoe,A wooden box,object_properties_interactions,parallel_ex000023_ind_latn,"{""example_inspiration"": ""prost"", ""uncorrected_prompt"": ""Jika Anda menjatuhkan salah satu dari benda-benda ini dari jendela gedung yang tinggi, manakah yang kemungkinan besar akan penyok?"", ""editdist_prompt"": 0, ""uncorrected_solution0"": ""Kaleng aluminium"", ""editdist_solution0"": 0, ""uncorrected_solution1"": ""Mangkuk keramik"", ""editdist_solution1"": 0, ""uncorrected_solution2"": ""Sebuah sepatu"", ""editdist_solution2"": 0, ""uncorrected_solution3"": ""Sebuah kotak kayu"", ""editdist_solution3"": 0}"
"Jika Anda melindas benda-benda ini dengan mobil, manakah yang paling mungkin hancur?",Batu kecil,Sebuah bola karet,Kaleng aluminium,Sebuah koin,2,ind_latn,"If you drive over these items with a car, which is most likely to be crushed?",A small stone,A rubber ball,An aluminum can,A coin,object_properties_interactions,parallel_ex000024_ind_latn,"{""example_inspiration"": ""prost"", ""uncorrected_prompt"": ""Jika Anda melindas benda-benda ini dengan mobil, manakah yang paling mungkin hancur?"", ""editdist_prompt"": 0, ""uncorrected_solution0"": ""Batu kecil"", ""editdist_solution0"": 0, ""uncorrected_solution1"": ""Sebuah bola karet"", ""editdist_solution1"": 0, ""uncorrected_solution2"": ""Kaleng aluminium"", ""editdist_solution2"": 0, ""uncorrected_solution3"": ""Sebuah koin"", ""editdist_solution3"": 0}"
"Jika Anda menjatuhkan salah satu dari barang-barang ini dari jendela gedung yang tinggi, manakah yang kemungkinan besar tidak akan terpengaruh?",Sekaleng makanan,Seutas tali,Sebuah cangkir minum,Sebuah kotak kayu,1,ind_latn,"If you drop one of these items from the window of a tall building, which is most likely to be unaffected?",A can of food,A piece of rope,A drinking cup,A wooden box,object_properties_interactions,parallel_ex000025_ind_latn,"{""example_inspiration"": ""prost"", ""uncorrected_prompt"": ""Jika Anda menjatuhkan salah satu dari barang-barang ini dari jendela gedung yang tinggi, manakah yang kemungkinan besar tidak akan terpengaruh?"", ""editdist_prompt"": 0, ""uncorrected_solution0"": ""Sekaleng makanan"", ""editdist_solution0"": 0, ""uncorrected_solution1"": ""Seutas tali"", ""editdist_solution1"": 0, ""uncorrected_solution2"": ""Sebuah cangkir minum"", ""editdist_solution2"": 0, ""uncorrected_solution3"": ""Sebuah kotak kayu"", ""editdist_solution3"": 0}"
Anda menyembunyikan sebuah buku yang Anda beli sebagai hadiah untuk saudara Anda sampai Anda memberikannya kepada mereka. Di manakah tempat terbaik bagi Anda untuk menyembunyikannya?,Di bawah lipatan pakaianmu,Di bawah meja,Di kursi mejamu,Di dalam sepatu saudaramu,0,ind_latn,You are hiding a book you bought as a present for your sibling until you give it to them. What is the best place for you to hide it?,Under your folded clothes,Under the table,On your desk chair,Inside your sibling's shoes,"object_properties_interactions,affordances",parallel_ex000026_ind_latn,"{""example_inspiration"": ""glenberg_robertson"", ""uncorrected_prompt"": ""Anda menyembunyikan sebuah buku yang Anda beli sebagai hadiah untuk saudara Anda sampai Anda memberikannya kepada mereka. Di manakah tempat terbaik bagi Anda untuk menyembunyikannya?"", ""editdist_prompt"": 0, ""uncorrected_solution0"": ""Di bawah lipatan pakaianmu"", ""editdist_solution0"": 0, ""uncorrected_solution1"": ""Di bawah meja"", ""editdist_solution1"": 0, ""uncorrected_solution2"": ""Di kursi mejamu"", ""editdist_solution2"": 0, ""uncorrected_solution3"": ""Di dalam sepatu saudaramu"", ""editdist_solution3"": 0}"
Anda menyembunyikan sepasang sepatu yang Anda beli sebagai hadiah untuk saudara Anda sampai Anda memberikannya kepada mereka. Di manakah tempat terbaik bagi Anda untuk menyembunyikannya?,Di dalam koper kosong,Di dalam laci dapur,Di bawah bantal sofa,Di dalam sepatu botmu,0,ind_latn,You are hiding a pair of shoes you bought as a present for your sibling until you give it to them. What is the best place for you to hide it?,Inside an empty suitcase,In a kitchen drawer,Under a couch cushion,Inside your boots,"object_properties_interactions,affordances",parallel_ex000027_ind_latn,"{""example_inspiration"": ""glenberg_robertson"", ""uncorrected_prompt"": ""Anda menyembunyikan sepasang sepatu yang Anda beli sebagai hadiah untuk saudara Anda sampai Anda memberikannya kepada mereka. Di manakah tempat terbaik bagi Anda untuk menyembunyikannya?"", ""editdist_prompt"": 0, ""uncorrected_solution0"": ""Di dalam koper kosong"", ""editdist_solution0"": 0, ""uncorrected_solution1"": ""Di dalam laci dapur"", ""editdist_solution1"": 0, ""uncorrected_solution2"": ""Di bawah bantal sofa"", ""editdist_solution2"": 0, ""uncorrected_solution3"": ""Di dalam sepatu botmu"", ""editdist_solution3"": 0}"
"Anda perlu mengeringkan kacamata Anda, yang basah karena hujan. Manakah yang terbaik untuk mengeringkannya?",Sebagian dari kemeja Anda,Kantong kertas,Jari-jarimu,Sepatumu,0,ind_latn,"You need to dry off your glasses, which got wet in the rain. Which is best for drying them off?",Part of your shirt,A paper bag,Your fingers,Your shoe,"object_properties_interactions,affordances",parallel_ex000028_ind_latn,"{""example_inspiration"": ""glenberg_robertson"", ""uncorrected_prompt"": ""Anda perlu mengeringkan kacamata Anda, yang basah karena hujan. Manakah yang terbaik untuk mengeringkannya?"", ""editdist_prompt"": 0, ""uncorrected_solution0"": ""Sebagian dari kemeja Anda"", ""editdist_solution0"": 0, ""uncorrected_solution1"": ""Kantong kertas"", ""editdist_solution1"": 0, ""uncorrected_solution2"": ""Jari-jarimu"", ""editdist_solution2"": 0, ""uncorrected_solution3"": ""Sepatumu"", ""editdist_solution3"": 0}"
Anda bertanya kepada teman Anda apa isi saku celananya. Manakah dari pilihan berikut yang paling mungkin?,Sepuluh kunci,Sepuluh dompet,Sepuluh topi,Sepuluh pasang kacamata,0,ind_latn,You ask your friend what is in their pants pocket. Which of these is it most likely to be?,Ten keys,Ten wallets,Ten hats,Ten pairs of glasses,object_properties_interactions,parallel_ex000029_ind_latn,"{""example_inspiration"": ""new"", ""uncorrected_prompt"": ""Anda bertanya kepada teman Anda apa isi saku celananya. Manakah dari pilihan berikut yang paling mungkin?"", ""editdist_prompt"": 0, ""uncorrected_solution0"": ""Sepuluh kunci"", ""editdist_solution0"": 0, ""uncorrected_solution1"": ""Sepuluh dompet"", ""editdist_solution1"": 0, ""uncorrected_solution2"": ""Sepuluh topi"", ""editdist_solution2"": 0, ""uncorrected_solution3"": ""Sepuluh pasang kacamata"", ""editdist_solution3"": 0}"
Ada dua ember identik. Satu ember diisi dengan beras dan yang lainnya diisi dengan bayam. Ember manakah yang lebih berat?,Tergantung pada seberapa matang bayamnya,Ember yang berisi bayam,Ember-ember itu sama beratnya,Ember yang terisi nasi,3,ind_latn,There are two identical buckets. One bucket is filled with rice and the other is filled with spinach. Which bucket is heavier?,It depends on how ripe the spinach is,The bucket filled with spinach,The buckets weigh the same,The bucket filled with rice,object_properties_interactions,parallel_ex000030_ind_latn,"{""example_inspiration"": ""new"", ""uncorrected_prompt"": ""Ada dua ember identik. Satu ember diisi dengan beras dan yang lainnya diisi dengan bayam. Ember manakah yang lebih berat?"", ""editdist_prompt"": 0, ""uncorrected_solution0"": ""Tergantung pada seberapa matang bayamnya"", ""editdist_solution0"": 0, ""uncorrected_solution1"": ""Ember yang berisi bayam"", ""editdist_solution1"": 0, ""uncorrected_solution2"": ""Ember-ember itu sama beratnya"", ""editdist_solution2"": 0, ""uncorrected_solution3"": ""Ember yang terisi nasi"", ""editdist_solution3"": 0}"
Ada dua gelas yang identik. Satu gelas diisi dengan pasir dan yang lainnya diisi dengan air. Gelas manakah yang lebih berat?,Cangkir yang terisi pasir,Tergantung pada warna airnya,Cangkir yang berisi air,Cangkir-cangkir itu sama beratnya,0,ind_latn,There are two identical cups. One cup is filled with sand and the other is filled with water. Which cup is heavier?,The cup filled with sand,It depends on the color of the water,The cup filled with water,The cups weigh the same,object_properties_interactions,parallel_ex000031_ind_latn,"{""example_inspiration"": ""new"", ""uncorrected_prompt"": ""Ada dua gelas yang identik. Satu gelas diisi dengan pasir dan yang lainnya diisi dengan air. Gelas manakah yang lebih berat?"", ""editdist_prompt"": 0, ""uncorrected_solution0"": ""Cangkir yang terisi pasir"", ""editdist_solution0"": 0, ""uncorrected_solution1"": ""Tergantung pada warna airnya"", ""editdist_solution1"": 0, ""uncorrected_solution2"": ""Cangkir yang berisi air"", ""editdist_solution2"": 0, ""uncorrected_solution3"": ""Cangkir-cangkir itu sama beratnya"", ""editdist_solution3"": 0}"
Tas ranselmu penuh dengan buku. Tas ransel temanmu penuh dengan kaleng logam kosong. Kalian bertukar tas ransel. Siapa yang membawa tas ransel terberat?,Tas ransel kalian beratnya sama,Anjing Anda,Anda,Temanmu,3,ind_latn,Your backpack is full of books. Your friend's backpack is full of empty metal cans. You switch backpacks. Who is carrying the heaviest backpack?,Your backpacks weigh the same,Your dog,You,Your friend,object_properties_interactions,parallel_ex000032_ind_latn,"{""example_inspiration"": ""new"", ""uncorrected_prompt"": ""Tas ranselmu penuh dengan buku. Tas ransel temanmu penuh dengan kaleng logam kosong. Kalian bertukar tas ransel. Siapa yang membawa tas ransel terberat?"", ""editdist_prompt"": 0, ""uncorrected_solution0"": ""Tas ransel kalian beratnya sama."", ""editdist_solution0"": 1, ""uncorrected_solution1"": ""Anjing Anda"", ""editdist_solution1"": 0, ""uncorrected_solution2"": ""Anda"", ""editdist_solution2"": 0, ""uncorrected_solution3"": ""Temanmu"", ""editdist_solution3"": 0}"
"Saat kamu bangun tidur, rambutmu sangat berantakan, jadi kamu menggunakan sisir untuk merapikannya. Ke arah mana kamu harus menyisir?",Tahan sisirnya jangan bergerak,Sisi ke sisi,Ke bawah,Ke atas,2,ind_latn,"When you wake up, your hair is very messy, so you use a comb to straighten it. What direction should you comb?",Keep the comb still,Side to side,Downwards,Upwards,"object_properties_interactions,affordances",parallel_ex000033_ind_latn,"{""example_inspiration"": ""globalpiqa_nonparallel"", ""uncorrected_prompt"": ""Saat kamu bangun tidur, rambutmu sangat berantakan, jadi kamu menggunakan sisir untuk merapikannya. Ke arah mana kamu harus menyisir?"", ""editdist_prompt"": 0, ""uncorrected_solution0"": ""Tahan sisirnya jangan bergerak"", ""editdist_solution0"": 0, ""uncorrected_solution1"": ""Sisi ke sisi"", ""editdist_solution1"": 0, ""uncorrected_solution2"": ""Ke bawah"", ""editdist_solution2"": 0, ""uncorrected_solution3"": ""Ke atas"", ""editdist_solution3"": 0}"
"Jika Anda mengulurkan tangan kanan Anda melintasi tubuh Anda, sisi tubuh Anda yang manakah yang akan Anda sentuh?",Sisi kanan Anda,Punggungmu,Kepalamu,Sisi kirimu,3,ind_latn,"If you reach your right hand across your body, which side of your body will you be touching?",Your right side,Your back,Your head,Your left side,spatial,parallel_ex000034_ind_latn,"{""example_inspiration"": ""globalpiqa_nonparallel"", ""uncorrected_prompt"": ""Jika Anda mengulurkan tangan kanan Anda melintasi tubuh Anda, sisi tubuh Anda yang manakah yang akan Anda sentuh?"", ""editdist_prompt"": 0, ""uncorrected_solution0"": ""Sisi kanan Anda"", ""editdist_solution0"": 0, ""uncorrected_solution1"": ""Punggungmu"", ""editdist_solution1"": 0, ""uncorrected_solution2"": ""Kepalamu"", ""editdist_solution2"": 0, ""uncorrected_solution3"": ""Sisi kirimu"", ""editdist_solution3"": 0}"
"Ketika sebuah bola diletakkan di atas bukit, bola itu akan menggelinding. Ketika kamu meletakkan sepotong roti di bukit yang sama, apa yang akan dilakukan oleh roti itu?",Itu akan hancur,Itu akan sobek,Itu akan menggelinding,Itu akan tetap diam,3,ind_latn,"When a ball is placed on a hill, it rolls. When you place a loaf of bread on the same hill, what will the bread do?",It will be crushed,It will tear,It will roll,It will stay still,object_properties_interactions,parallel_ex000035_ind_latn,"{""example_inspiration"": ""globalpiqa_nonparallel"", ""uncorrected_prompt"": ""Ketika sebuah bola diletakkan di atas bukit, bola itu akan menggelinding. Ketika kamu meletakkan sepotong roti di bukit yang sama, apa yang akan dilakukan oleh roti itu?"", ""editdist_prompt"": 0, ""uncorrected_solution0"": ""Itu akan hancur"", ""editdist_solution0"": 0, ""uncorrected_solution1"": ""Itu akan sobek"", ""editdist_solution1"": 0, ""uncorrected_solution2"": ""Itu akan menggelinding"", ""editdist_solution2"": 0, ""uncorrected_solution3"": ""Itu akan tetap diam"", ""editdist_solution3"": 0}"
"Jika Anda mengisi sebuah gelas dengan air sampai penuh, lalu dengan perlahan menambahkan satu tetes air lagi, apa yang akan terjadi?",Itu akan rusak,Itu akan bergetar,Tidak akan tumpah,Akan tumpah,2,ind_latn,"If you fill a glass cup with water all the way to the top, then gently add one more drop of water, what will it do?",It will break,It will shake,It will not spill,It will spill,object_properties_interactions,parallel_ex000036_ind_latn,"{""example_inspiration"": ""globalpiqa_nonparallel"", ""uncorrected_prompt"": ""Jika Anda mengisi sebuah gelas dengan air sampai penuh, lalu dengan perlahan menambahkan satu tetes air lagi, apa yang akan terjadi?"", ""editdist_prompt"": 0, ""uncorrected_solution0"": ""Itu akan rusak"", ""editdist_solution0"": 0, ""uncorrected_solution1"": ""Itu akan bergetar"", ""editdist_solution1"": 0, ""uncorrected_solution2"": ""Tidak akan tumpah"", ""editdist_solution2"": 0, ""uncorrected_solution3"": ""Akan tumpah"", ""editdist_solution3"": 0}"
"Agar terasa lebih sejuk di bawah terik matahari, sebaiknya saya memakai baju warna apa?",Biru,Putih,Hitam,Hijau,1,ind_latn,"To feel cooler in the hot sun, what color clothes should I wear?",Blue,White,Black,Green,object_properties_interactions,parallel_ex000037_ind_latn,"{""example_inspiration"": ""globalpiqa_nonparallel"", ""uncorrected_prompt"": ""Agar terasa lebih sejuk di bawah terik matahari, sebaiknya saya memakai baju warna apa?"", ""editdist_prompt"": 0, ""uncorrected_solution0"": ""Biru"", ""editdist_solution0"": 0, ""uncorrected_solution1"": ""Putih"", ""editdist_solution1"": 0, ""uncorrected_solution2"": ""Hitam"", ""editdist_solution2"": 0, ""uncorrected_solution3"": ""Hijau"", ""editdist_solution3"": 0}"
"Anda memasukkan sendok ke dalam secangkir air panas, dan sendok itu menjadi panas. Jenis sendok apa yang akan paling cepat panas?",Logam,Plastik,Silikon,Kayu,0,ind_latn,"You put a spoon in a cup of hot water, and the spoon gets hot. What type of spoon would heat up the fastest?",Metal,Plastic,Silicone,Wood,object_properties_interactions,parallel_ex000038_ind_latn,"{""example_inspiration"": ""globalpiqa_nonparallel"", ""uncorrected_prompt"": ""Anda memasukkan sendok ke dalam secangkir air panas, dan sendok itu menjadi panas. Jenis sendok apa yang akan paling cepat panas?"", ""editdist_prompt"": 0, ""uncorrected_solution0"": ""Logam"", ""editdist_solution0"": 0, ""uncorrected_solution1"": ""Plastik"", ""editdist_solution1"": 0, ""uncorrected_solution2"": ""Silikon"", ""editdist_solution2"": 0, ""uncorrected_solution3"": ""Kayu"", ""editdist_solution3"": 0}"
Bagaimana cara makan makanan dengan aman?,Kunyah tanpa menelan,Telan lalu kunyah hingga lumat,Kunyah hingga lumat lalu telan,Telan tanpa mengunyah,2,ind_latn,How do you eat food safely?,Chew without swallowing,Swallow then chew thoroughly,Chew thoroughly then swallow,Swallow without chewing,object_properties_interactions,parallel_ex000039_ind_latn,"{""example_inspiration"": ""globalpiqa_nonparallel"", ""uncorrected_prompt"": ""Bagaimana cara makan makanan dengan aman?"", ""editdist_prompt"": 0, ""uncorrected_solution0"": ""Kunyah tanpa menelan"", ""editdist_solution0"": 0, ""uncorrected_solution1"": ""Telan lalu kunyah hingga lumat"", ""editdist_solution1"": 0, ""uncorrected_solution2"": ""Kunyah hingga lumat lalu telan"", ""editdist_solution2"": 0, ""uncorrected_solution3"": ""Telan tanpa mengunyah"", ""editdist_solution3"": 0}"
"Anda sedang memanggang kue kering, dan Anda paling suka bagian pinggirnya yang renyah. Seberapa besar kue kering yang sebaiknya Anda buat?",Kecil dan tipis,Kecil dan tebal,Besar dan tebal,Besar dan tipis,0,ind_latn,"You are baking cookies, and you like the crispy edges best. How big should you make your cookies?",Small and thin,Small and thick,Large and thick,Large and thin,object_properties_interactions,parallel_ex000040_ind_latn,"{""example_inspiration"": ""globalpiqa_nonparallel"", ""uncorrected_prompt"": ""Anda sedang memanggang kue kering, dan Anda paling suka bagian pinggirnya yang renyah. Seberapa besar kue kering yang sebaiknya Anda buat?"", ""editdist_prompt"": 0, ""uncorrected_solution0"": ""Kecil dan tipis"", ""editdist_solution0"": 0, ""uncorrected_solution1"": ""Kecil dan tebal"", ""editdist_solution1"": 0, ""uncorrected_solution2"": ""Besar dan tebal"", ""editdist_solution2"": 0, ""uncorrected_solution3"": ""Besar dan tipis"", ""editdist_solution3"": 0}"
Seorang pria dan seorang wanita berada di lantai yang sama di sebuah gedung. Pria itu naik satu lantai. Di manakah posisi pria dan wanita itu dalam hubungannya satu sama lain?,Wanita itu berada di lantai yang lebih rendah daripada pria itu,Wanita itu berada di gedung yang berbeda dari pria itu,Wanita itu berada di lantai yang lebih tinggi daripada pria itu,Pria dan wanita itu berada di lantai yang sama,0,ind_latn,A man and a woman are on the same floor of the building. The man goes up one floor. Where are the man and woman in relation to each other?,The woman is on a lower floor than the man,The woman is in a different building than the man,The woman is on a higher floor than the man,The man and the woman are on the same floor,spatial,parallel_ex000041_ind_latn,"{""example_inspiration"": ""ewok"", ""uncorrected_prompt"": ""Seorang pria dan seorang wanita berada di lantai yang sama di sebuah gedung. Pria itu naik satu lantai. Di manakah posisi pria dan wanita itu dalam hubungannya satu sama lain?"", ""editdist_prompt"": 0, ""uncorrected_solution0"": ""Wanita itu berada di lantai yang lebih rendah daripada pria itu."", ""editdist_solution0"": 1, ""uncorrected_solution1"": ""Wanita itu berada di gedung yang berbeda dari pria itu"", ""editdist_solution1"": 0, ""uncorrected_solution2"": ""Wanita itu berada di lantai yang lebih tinggi daripada pria itu"", ""editdist_solution2"": 0, ""uncorrected_solution3"": ""Pria dan wanita itu berada di lantai yang sama."", ""editdist_solution3"": 1}"
"Seorang pria dan seorang wanita berada di lantai yang sama di sebuah gedung. Pria itu turun satu lantai, dan wanita itu turun dua lantai. Di manakah posisi pria dan wanita itu dalam hubungan satu sama lain?",Pria dan wanita itu berada di lantai yang sama,Pria itu berada di gedung yang berbeda dengan wanita itu,Pria itu berada di lantai yang lebih tinggi daripada wanita itu,Pria itu berada di lantai yang lebih rendah daripada wanita itu,2,ind_latn,"A man and a woman are on the same floor of the building. The man goes down one floor, and the woman goes down two floors. Where are the man and woman in relation to each other?",The man and the woman are on the same floor,The man is in a different building than the woman,The man is on a higher floor than the woman,The man is on a lower floor than the woman,spatial,parallel_ex000042_ind_latn,"{""example_inspiration"": ""ewok"", ""uncorrected_prompt"": ""Seorang pria dan seorang wanita berada di lantai yang sama di sebuah gedung. Pria itu turun satu lantai, dan wanita itu turun dua lantai. Di manakah posisi pria dan wanita itu dalam hubungan satu sama lain?"", ""editdist_prompt"": 0, ""uncorrected_solution0"": ""Pria dan wanita itu berada di lantai yang sama."", ""editdist_solution0"": 1, ""uncorrected_solution1"": ""Pria itu berada di gedung yang berbeda dengan wanita itu"", ""editdist_solution1"": 0, ""uncorrected_solution2"": ""Pria itu berada di lantai yang lebih tinggi daripada wanita itu."", ""editdist_solution2"": 1, ""uncorrected_solution3"": ""Pria itu berada di lantai yang lebih rendah daripada wanita itu."", ""editdist_solution3"": 1}"
"Wanita itu meletakkan kertas di halaman sebuah buku yang terbuka, lalu menutup buku itu. Di manakah kertas itu?",Kertasnya ada di dalam buku itu,Kertasnya ada di bawah buku itu,Kertas itu ada di sebelah buku itu,Kertasnya ada di atas buku itu,0,ind_latn,The woman placed the paper on the page of an open book and then closed the book. Where is the paper?,The paper is inside the book,The paper is underneath the book,The paper is next to the book,The paper is on top of the book,"object_properties_interactions,spatial",parallel_ex000043_ind_latn,"{""example_inspiration"": ""ewok"", ""uncorrected_prompt"": ""Wanita itu meletakkan kertas di halaman sebuah buku yang terbuka, lalu menutup buku itu. Di manakah kertas itu?"", ""editdist_prompt"": 0, ""uncorrected_solution0"": ""Kertasnya ada di dalam buku itu"", ""editdist_solution0"": 0, ""uncorrected_solution1"": ""Kertasnya ada di bawah buku itu"", ""editdist_solution1"": 0, ""uncorrected_solution2"": ""Kertas itu ada di sebelah buku itu"", ""editdist_solution2"": 0, ""uncorrected_solution3"": ""Kertasnya ada di atas buku itu"", ""editdist_solution3"": 0}"
"Di atas meja ada sebuah cangkir takar berukuran 1 cangkir, dan cangkir itu terisi 3/4 minyak. Setelah diisi hingga penuh, berapa banyak minyak yang telah ditambahkan ke dalam cangkir takar tersebut?",Satu cangkir,Setengah cangkir,Seperempat cangkir,3/4 cangkir,2,ind_latn,"There is a 1-cup measuring cup on the table, and it is 3/4 full of oil. After filling it up, how much oil has been added to the measuring cup?",One cup,A half cup,A quarter cup,3/4 cup,counting,parallel_ex000044_ind_latn,"{""example_inspiration"": ""new"", ""uncorrected_prompt"": ""Di atas meja ada sebuah cangkir takar berukuran 1 cangkir, dan cangkir itu terisi 3/4 minyak. Setelah diisi hingga penuh, berapa banyak minyak yang telah ditambahkan ke dalam cangkir takar tersebut?"", ""editdist_prompt"": 0, ""uncorrected_solution0"": ""Satu cangkir"", ""editdist_solution0"": 0, ""uncorrected_solution1"": ""Setengah cangkir"", ""editdist_solution1"": 0, ""uncorrected_solution2"": ""Seperempat cangkir"", ""editdist_solution2"": 0, ""uncorrected_solution3"": ""3/4 cangkir"", ""editdist_solution3"": 0}"
Anda melempar bola ke teman Anda. Manakah yang sekarang benar?,Temanmu lebih dekat denganmu,Temanmu lebih dekat ke bola,Anda lebih dekat ke bola,Teman Anda lebih jauh dari bola,1,ind_latn,You throw a ball to your friend. Which is now true?,Your friend is closer to you,Your friend is closer to the ball,You are closer to the ball,Your friend is further from the ball,spatial,parallel_ex000045_ind_latn,"{""example_inspiration"": ""ewok"", ""uncorrected_prompt"": ""Anda melempar bola ke teman Anda. Manakah yang sekarang benar?"", ""editdist_prompt"": 0, ""uncorrected_solution0"": ""Temanmu lebih dekat denganmu"", ""editdist_solution0"": 0, ""uncorrected_solution1"": ""Temanmu lebih dekat ke bola"", ""editdist_solution1"": 0, ""uncorrected_solution2"": ""Anda lebih dekat ke bola"", ""editdist_solution2"": 0, ""uncorrected_solution3"": ""Teman Anda lebih jauh dari bola"", ""editdist_solution3"": 0}"
Seorang anak melempar batu ke dalam danau. Manakah yang sekarang benar?,Batu itu masih terlihat,Batu itu sudah tidak terlihat lagi,Batu itu mengapung di permukaan,Danau itu tidak lagi terlihat,1,ind_latn,A child throws a rock into the lake. Which is now true?,The rock is still visible,The rock is no longer visible,The rock floats on the surface,The lake is no longer visible,spatial,parallel_ex000046_ind_latn,"{""example_inspiration"": ""ewok"", ""uncorrected_prompt"": ""Seorang anak melempar batu ke dalam danau. Manakah yang sekarang benar?"", ""editdist_prompt"": 0, ""uncorrected_solution0"": ""Batu itu masih terlihat"", ""editdist_solution0"": 0, ""uncorrected_solution1"": ""Batu itu sudah tidak terlihat lagi"", ""editdist_solution1"": 0, ""uncorrected_solution2"": ""Batu itu mengapung di permukaan"", ""editdist_solution2"": 0, ""uncorrected_solution3"": ""Danau itu tidak lagi terlihat"", ""editdist_solution3"": 0}"
Sebuah mobil masuk ke dalam terowongan. Manakah yang sekarang benar?,Terowongan itu sudah tidak terlihat lagi dari luar,Mobil itu sudah tidak terlihat lagi dari luar terowongan,Mobilnya sudah tidak terlihat lagi dari dalam terowongan,Terowongan itu sudah tidak terlihat lagi dari mobil,1,ind_latn,A car drives into a tunnel. Which is now true?,The tunnel is no longer visible from outside,The car is no longer visible from outside the tunnel,The car is no longer visible from inside the tunnel,The tunnel is no longer visible from the car,spatial,parallel_ex000047_ind_latn,"{""example_inspiration"": ""ewok"", ""uncorrected_prompt"": ""Sebuah mobil masuk ke dalam terowongan. Manakah yang sekarang benar?"", ""editdist_prompt"": 0, ""uncorrected_solution0"": ""Terowongan itu sudah tidak terlihat lagi dari luar"", ""editdist_solution0"": 0, ""uncorrected_solution1"": ""Mobil itu sudah tidak terlihat lagi dari luar terowongan"", ""editdist_solution1"": 0, ""uncorrected_solution2"": ""Mobilnya sudah tidak terlihat lagi dari dalam terowongan"", ""editdist_solution2"": 0, ""uncorrected_solution3"": ""Terowongan itu sudah tidak terlihat lagi dari mobil"", ""editdist_solution3"": 0}"
Ada sebuah penghapus kecil di dalam cangkir logam di atas rak. Apa sudut terbaik untuk melihat penghapus itu?,Dari atas rak,Dari bawah rak,Dari sisi rak,Dari belakang rak,0,ind_latn,There is a small eraser in a metal cup on a shelf. What is the best angle to see the eraser?,From above the shelf,From below the shelf,From the side of the shelf,From behind the shelf,spatial,parallel_ex000048_ind_latn,"{""example_inspiration"": ""ewok"", ""uncorrected_prompt"": ""Ada sebuah penghapus kecil di dalam cangkir logam di atas rak. Apa sudut terbaik untuk melihat penghapus itu?"", ""editdist_prompt"": 0, ""uncorrected_solution0"": ""Dari atas rak"", ""editdist_solution0"": 0, ""uncorrected_solution1"": ""Dari bawah rak"", ""editdist_solution1"": 0, ""uncorrected_solution2"": ""Dari sisi rak"", ""editdist_solution2"": 0, ""uncorrected_solution3"": ""Dari belakang rak"", ""editdist_solution3"": 0}"
"Di dalam lemari, ada sekaleng kacang. Di belakang kaleng itu, ada sekantong tepung seberat 1kg. Manakah yang benar?",Tepungnya tidak terlihat di belakang kaleng,Tepungnya terlihat di belakang kaleng,Kaleng itu terlihat di belakang tepung terigu,Kaleng itu tidak terlihat di depan tepung terigu,1,ind_latn,"In the cupboard, there is a can of beans. Behind the can, there is a 1kg bag of flour. Which is true?",The flour is not visible behind the can,The flour is visible behind the can,The can is visible behind the flour,The can is not visible in front of the flour,spatial,parallel_ex000049_ind_latn,"{""example_inspiration"": ""ewok"", ""uncorrected_prompt"": ""Di dalam lemari, ada sekaleng kacang. Di belakang kaleng itu, ada sekantong tepung seberat 1kg. Manakah yang benar?"", ""editdist_prompt"": 0, ""uncorrected_solution0"": ""Tepungnya tidak terlihat di belakang kaleng"", ""editdist_solution0"": 0, ""uncorrected_solution1"": ""Tepungnya terlihat di belakang kaleng"", ""editdist_solution1"": 0, ""uncorrected_solution2"": ""Kaleng itu terlihat di belakang tepung terigu"", ""editdist_solution2"": 0, ""uncorrected_solution3"": ""Kaleng itu tidak terlihat di depan tepung terigu"", ""editdist_solution3"": 0}"
"Jika Anda menjatuhkan koin ke tanah, apa yang terjadi pada koin tersebut?",Koin itu penyok,Koin itu hancur berkeping-keping,Koin itu memantul,Koin itu pecah,2,ind_latn,"If you drop a coin on the ground, what happens to the coin?",The coin is dented,The coin shatters,The coin bounces,The coin breaks,object_properties_interactions,parallel_ex000050_ind_latn,"{""example_inspiration"": ""ewok"", ""uncorrected_prompt"": ""Jika Anda menjatuhkan koin ke tanah, apa yang terjadi pada koin tersebut?"", ""editdist_prompt"": 0, ""uncorrected_solution0"": ""Koin itu penyok."", ""editdist_solution0"": 1, ""uncorrected_solution1"": ""Koin itu hancur berkeping-keping."", ""editdist_solution1"": 1, ""uncorrected_solution2"": ""Koin itu memantul"", ""editdist_solution2"": 0, ""uncorrected_solution3"": ""Koin itu pecah"", ""editdist_solution3"": 0}"
"Jika Anda menginjak gelas kertas, apa yang terjadi pada gelas tersebut?",Cangkir itu memantul,Cangkir itu meleleh,Cangkir itu pecah berkeping-keping,Cangkir itu remuk,3,ind_latn,"If you step on a paper cup, what happens to the cup?",The cup bounces,The cup melts,The cup shatters,The cup is crushed,object_properties_interactions,parallel_ex000051_ind_latn,"{""example_inspiration"": ""ewok"", ""uncorrected_prompt"": ""Jika Anda menginjak gelas kertas, apa yang terjadi pada gelas tersebut?"", ""editdist_prompt"": 0, ""uncorrected_solution0"": ""Cangkir itu memantul."", ""editdist_solution0"": 1, ""uncorrected_solution1"": ""Cangkir itu meleleh"", ""editdist_solution1"": 0, ""uncorrected_solution2"": ""Cangkir itu pecah berkeping-keping"", ""editdist_solution2"": 0, ""uncorrected_solution3"": ""Cangkir itu remuk."", ""editdist_solution3"": 1}"
"Toko buku memiliki 40 buku lebih sedikit daripada perpustakaan. Kemudian, 30 buku dipindahkan dari perpustakaan ke toko buku. Manakah yang sekarang benar?",Perpustakaan memiliki lebih banyak buku daripada toko buku,Toko buku dan perpustakaan itu memiliki jumlah buku yang sama,Perpustakaan itu tidak memiliki buku apa pun,Toko buku itu memiliki lebih banyak buku daripada perpustakaan itu,3,ind_latn,"The bookshop has 40 fewer books than the library. Then, 30 books are moved from the library to the bookshop. Which is now true?",The library has more books than the bookshop,The bookshop and the library have the same number of books,The library doesn't have any books,The bookshop has more books than the library,counting,parallel_ex000053_ind_latn,"{""example_inspiration"": ""ewok"", ""uncorrected_prompt"": ""Toko buku memiliki 40 buku lebih sedikit daripada perpustakaan. Kemudian, 30 buku dipindahkan dari perpustakaan ke toko buku. Manakah yang sekarang benar?"", ""editdist_prompt"": 0, ""uncorrected_solution0"": ""Perpustakaan memiliki lebih banyak buku daripada toko buku."", ""editdist_solution0"": 1, ""uncorrected_solution1"": ""Toko buku dan perpustakaan itu memiliki jumlah buku yang sama."", ""editdist_solution1"": 1, ""uncorrected_solution2"": ""Perpustakaan itu tidak memiliki buku apa pun."", ""editdist_solution2"": 1, ""uncorrected_solution3"": ""Toko buku itu memiliki lebih banyak buku daripada perpustakaan itu."", ""editdist_solution3"": 1}"
"Ada 25 siswa lebih sedikit di kelas A daripada di kelas B. Kemudian, 10 siswa pindah dari kelas B ke kelas A. Manakah yang sekarang benar?",Ada lebih banyak siswa di kelas B daripada di kelas A,Ada lebih banyak siswa di kelas A daripada di kelas B,Jumlah siswa di kelas A dan kelas B sama,Tidak ada siswa di ruang kelas B,0,ind_latn,"There are 25 fewer students in classroom A than in classroom B. Then, 10 students move from classroom B to classroom A. Which is now true?",There are more students in classroom B than in classroom A,There are more students in classroom A than in classroom B,There are the same number of students in classroom A and classroom B,There are no students in classroom B,counting,parallel_ex000054_ind_latn,"{""example_inspiration"": ""ewok"", ""uncorrected_prompt"": ""Ada 25 siswa lebih sedikit di kelas A daripada di kelas B. Kemudian, 10 siswa pindah dari kelas B ke kelas A. Manakah yang sekarang benar?"", ""editdist_prompt"": 0, ""uncorrected_solution0"": ""Ada lebih banyak siswa di kelas B daripada di kelas A."", ""editdist_solution0"": 1, ""uncorrected_solution1"": ""Ada lebih banyak siswa di kelas A daripada di kelas B."", ""editdist_solution1"": 1, ""uncorrected_solution2"": ""Jumlah siswa di kelas A dan kelas B sama."", ""editdist_solution2"": 1, ""uncorrected_solution3"": ""Tidak ada siswa di ruang kelas B."", ""editdist_solution3"": 1}"
Sekolah memiliki dua puluh kursi lebih banyak daripada teater. Manakah yang benar?,Teater itu memiliki semua kursinya,Teater itu memiliki lebih banyak kursi daripada sekolah itu,Teater itu memiliki lebih sedikit kursi daripada sekolah itu,Teater dan sekolah memiliki jumlah kursi yang sama,2,ind_latn,The school has twenty more chairs than the theatre. Which is true?,The theatre has all of the chairs,The theatre has more chairs than the school,The theatre has fewer chairs than the school,The theatre and the school have the same number of chairs,counting,parallel_ex000055_ind_latn,"{""example_inspiration"": ""ewok"", ""uncorrected_prompt"": ""Sekolah memiliki dua puluh kursi lebih banyak daripada teater. Manakah yang benar?"", ""editdist_prompt"": 0, ""uncorrected_solution0"": ""Teater itu memiliki semua kursinya."", ""editdist_solution0"": 1, ""uncorrected_solution1"": ""Teater itu memiliki lebih banyak kursi daripada sekolah itu."", ""editdist_solution1"": 1, ""uncorrected_solution2"": ""Teater itu memiliki lebih sedikit kursi daripada sekolah itu."", ""editdist_solution2"": 1, ""uncorrected_solution3"": ""Teater dan sekolah memiliki jumlah kursi yang sama."", ""editdist_solution3"": 1}"
"Ada dua cangkir lebih banyak di atas meja daripada di dalam lemari. Kemudian, Anda memasukkan satu cangkir kembali ke dalam lemari. Manakah yang sekarang benar?",Ada jumlah cangkir yang sama di lemari dan di meja,Ada lebih banyak cangkir di dalam lemari daripada di atas meja,Semua cangkir ada di dalam lemari,Ada lebih sedikit cangkir di dalam lemari daripada di atas meja,0,ind_latn,"There are two more cups on the table than there are in the cupboard. Then, you put one cup back into the cupboard. Which is now true?",There are equal cups in the cupboard and on the table,There are more cups in the cupboard than on the table,All of the cups are in the cupboard,There are fewer cups in the cupboard than on the table,counting,parallel_ex000056_ind_latn,"{""example_inspiration"": ""ewok"", ""uncorrected_prompt"": ""Ada dua cangkir lebih banyak di atas meja daripada di dalam lemari. Kemudian, Anda memasukkan satu cangkir kembali ke dalam lemari. Manakah yang sekarang benar?"", ""editdist_prompt"": 0, ""uncorrected_solution0"": ""Ada jumlah cangkir yang sama di lemari dan di meja."", ""editdist_solution0"": 1, ""uncorrected_solution1"": ""Ada lebih banyak cangkir di dalam lemari daripada di atas meja."", ""editdist_solution1"": 1, ""uncorrected_solution2"": ""Semua cangkir ada di dalam lemari."", ""editdist_solution2"": 1, ""uncorrected_solution3"": ""Ada lebih sedikit cangkir di dalam lemari daripada di atas meja."", ""editdist_solution3"": 1}"
Tempat tidur tersebut berukuran lebar 160 cm dan panjang 200 cm. Berapa ukuran kamar tidur yang Anda butuhkan?,160m x 200m,"2,5m x 3m","1,6m x 2m",16cm x 20cm,1,ind_latn,The bed is 160cm wide by 200 cm long. What size bedroom do you need?,160m x 200m,2.5m x 3m,1.6m x 2m,16cm x 20cm,counting,parallel_ex000057_ind_latn,"{""example_inspiration"": ""hellaswag"", ""uncorrected_prompt"": ""Tempat tidur tersebut berukuran lebar 160 cm dan panjang 200 cm. Berapa ukuran kamar tidur yang Anda butuhkan?"", ""editdist_prompt"": 0, ""uncorrected_solution0"": ""160m x 200m"", ""editdist_solution0"": 0, ""uncorrected_solution1"": ""2,5m x 3m"", ""editdist_solution1"": 0, ""uncorrected_solution2"": ""1,6m x 2m"", ""editdist_solution2"": 0, ""uncorrected_solution3"": ""16cm x 20cm"", ""editdist_solution3"": 0}"
"Untuk membantu adonan roti mengembang dengan baik, Anda dapat menggunakan pisau tajam untuk membuat sayatan berbentuk silang. Seberapa dalam sebaiknya Anda membuat sayatan tersebut?",10 cm,30 cm,0 cm,1 cm,3,ind_latn,"To help bread dough rise well, you can use a sharp knife to make a cross-shaped incision. How deep should you make the incision?",10cm,30cm,0cm,1cm,"object_properties_interactions,spatial",parallel_ex000058_ind_latn,"{""example_inspiration"": ""globalpiqa_nonparallel"", ""uncorrected_prompt"": ""Untuk membantu adonan roti mengembang dengan baik, Anda dapat menggunakan pisau tajam untuk membuat sayatan berbentuk silang. Seberapa dalam sebaiknya Anda membuat sayatan tersebut?"", ""editdist_prompt"": 0, ""uncorrected_solution0"": ""10 cm"", ""editdist_solution0"": 0, ""uncorrected_solution1"": ""30cm"", ""editdist_solution1"": 1, ""uncorrected_solution2"": ""0cm"", ""editdist_solution2"": 1, ""uncorrected_solution3"": ""1cm"", ""editdist_solution3"": 1}"
"Ketika ada makanan yang tersangkut di gigi, benda apa yang sebaiknya Anda gunakan untuk mengeluarkannya?",Korek kuping,Sebuah tusuk gigi,Sebuah pisau,Sebuah sendok,1,ind_latn,"When food gets stuck in your teeth, what object should you use to get it out?",A cotton swab,A toothpick,A knife,A spoon,"object_properties_interactions,affordances",parallel_ex000059_ind_latn,"{""example_inspiration"": ""globalpiqa_nonparallel"", ""uncorrected_prompt"": ""Ketika ada makanan yang tersangkut di gigi, benda apa yang sebaiknya Anda gunakan untuk mengeluarkannya?"", ""editdist_prompt"": 0, ""uncorrected_solution0"": ""Korek kuping"", ""editdist_solution0"": 0, ""uncorrected_solution1"": ""Sebuah tusuk gigi"", ""editdist_solution1"": 0, ""uncorrected_solution2"": ""Sebuah pisau"", ""editdist_solution2"": 0, ""uncorrected_solution3"": ""Sebuah sendok"", ""editdist_solution3"": 0}"
"John dan Paul sedang memeras sehelai handuk basah. Mereka masing-masing memegang satu ujungnya, meletakkan ember di bawahnya, dan masing-masing memutar handuk tersebut. Ke arah mana mereka harus memutarnya?",Mereka masing-masing harus memutar ke arah kanan,"Yang satu harus memutar ke kiri, yang lainnya ke kanan",Mereka tidak seharusnya memelintir handuk itu,"Yang satu harus memutar ke kanan, yang lainnya ke kiri",0,ind_latn,"John and Paul are wringing out a wet towel. They each take it by one end, place a bucket underneath, and each twist the towel. What direction should they twist?",They should each twist to their right,"One should twist to their left, the other to their right",They should not twist the towel,"One should twist to their right, the other to their left",spatial,parallel_ex000061_ind_latn,"{""example_inspiration"": ""globalpiqa_nonparallel"", ""uncorrected_prompt"": ""John dan Paul sedang memeras sehelai handuk basah. Mereka masing-masing memegang satu ujungnya, meletakkan ember di bawahnya, dan masing-masing memutar handuk tersebut. Ke arah mana mereka harus memutarnya?"", ""editdist_prompt"": 0, ""uncorrected_solution0"": ""Mereka masing-masing harus memutar ke arah kanan."", ""editdist_solution0"": 1, ""uncorrected_solution1"": ""Yang satu harus memutar ke kiri, yang lainnya ke kanan."", ""editdist_solution1"": 1, ""uncorrected_solution2"": ""Mereka tidak seharusnya memelintir handuk itu."", ""editdist_solution2"": 1, ""uncorrected_solution3"": ""Yang satu harus memutar ke kanan, yang lainnya ke kiri."", ""editdist_solution3"": 1}"
"Apa yang bisa kamu pegang di tangan kiri, tapi tidak bisa di tangan kanan?",Siku kanan Anda,Lutut kanan Anda,Siku kirimu,Bahu kiri Anda,0,ind_latn,What can you hold in your left hand but not in your right hand?,Your right elbow,Your right knee,Your left elbow,Your left shoulder,spatial,parallel_ex000062_ind_latn,"{""example_inspiration"": ""globalpiqa_nonparallel"", ""uncorrected_prompt"": ""Apa yang bisa kamu pegang di tangan kiri, tapi tidak bisa di tangan kanan?"", ""editdist_prompt"": 0, ""uncorrected_solution0"": ""Siku kanan Anda"", ""editdist_solution0"": 0, ""uncorrected_solution1"": ""Lutut kanan Anda"", ""editdist_solution1"": 0, ""uncorrected_solution2"": ""Siku kirimu"", ""editdist_solution2"": 0, ""uncorrected_solution3"": ""Bahu kiri Anda"", ""editdist_solution3"": 0}"
"Untuk memaku paku kecil, apa yang bisa digunakan sebagai pengganti palu?",Sebuah stoples kaca,Sebuah gelas styrofoam,Sebuah kaleng metal,Sebuah sabuk kulit,2,ind_latn,"To pound small nails, what could be used instead of a hammer?",A glass jar,A foam cup,A tin can,A leather belt,"object_properties_interactions,affordances",parallel_ex000063_ind_latn,"{""example_inspiration"": ""globalpiqa_nonparallel"", ""uncorrected_prompt"": ""Untuk memaku paku kecil, apa yang bisa digunakan sebagai pengganti palu?"", ""editdist_prompt"": 0, ""uncorrected_solution0"": ""Sebuah stoples kaca"", ""editdist_solution0"": 0, ""uncorrected_solution1"": ""Sebuah gelas styrofoam"", ""editdist_solution1"": 0, ""uncorrected_solution2"": ""Sebuah kaleng metal"", ""editdist_solution2"": 0, ""uncorrected_solution3"": ""Sebuah sabuk kulit"", ""editdist_solution3"": 0}"
"Jika sebuah mobil diparkir lebih rendah daripada rumah, maka di sisi manakah mobil itu berada?",Sisi rumah yang menghadap ke arah tanjakan,Sisi rumah yang menghadap ke selatan,Sisi rumah yang menghadap ke bawah bukit,Sisi rumah yang menghadap matahari,2,ind_latn,"If a car is parked lower than the house, then which side of the house is it on?",The side of the house that faces uphill,The side of the house that faces south,The side of the house that faces downhill,The side of the house that faces the sun,spatial,parallel_ex000064_ind_latn,"{""example_inspiration"": ""globalpiqa_nonparallel"", ""uncorrected_prompt"": ""Jika sebuah mobil diparkir lebih rendah daripada rumah, maka di sisi manakah mobil itu berada?"", ""editdist_prompt"": 0, ""uncorrected_solution0"": ""Sisi rumah yang menghadap ke arah tanjakan"", ""editdist_solution0"": 0, ""uncorrected_solution1"": ""Sisi rumah yang menghadap ke selatan"", ""editdist_solution1"": 0, ""uncorrected_solution2"": ""Sisi rumah yang menghadap ke bawah bukit"", ""editdist_solution2"": 0, ""uncorrected_solution3"": ""Sisi rumah yang menghadap matahari"", ""editdist_solution3"": 0}"
Bagaimana sebaiknya saya mengeluarkan hidangan panas dari oven?,"Menggunakan sarung tangan oven, pegang dari satu sisi dan angkat dengan hati-hati dari dalam oven","Menggunakan sarung tangan oven, pegang pada bagian tutupnya dan angkat dengan hati-hati dari dalam oven","Tanpa sarung tangan oven, pegang dari kedua sisi dan angkat dengan hati-hati dari dalam oven","Menggunakan sarung tangan oven, pegang dari kedua sisi dan angkat dengan hati-hati dari oven",3,ind_latn,How should I take a hot dish out of the oven?,"Using oven mitts, grab it from one side and carefully lift it out of the oven","Using oven mitts, grab it from the lid and carefully lift it out of the oven","Without oven mitts, grab it from both sides and carefully lift it out of the oven","Using oven mitts, grab it from both sides and carefully lift it out of the oven","object_properties_interactions,affordances",parallel_ex000065_ind_latn,"{""example_inspiration"": ""globalpiqa_nonparallel"", ""uncorrected_prompt"": ""Bagaimana sebaiknya saya mengeluarkan hidangan panas dari oven?"", ""editdist_prompt"": 0, ""uncorrected_solution0"": ""Menggunakan sarung tangan oven, pegang dari satu sisi dan angkat dengan hati-hati dari dalam oven."", ""editdist_solution0"": 1, ""uncorrected_solution1"": ""Menggunakan sarung tangan oven, pegang pada bagian tutupnya dan angkat dengan hati-hati dari dalam oven."", ""editdist_solution1"": 1, ""uncorrected_solution2"": ""Tanpa sarung tangan oven, pegang dari kedua sisi dan angkat dengan hati-hati dari dalam oven."", ""editdist_solution2"": 1, ""uncorrected_solution3"": ""Menggunakan sarung tangan oven, pegang dari kedua sisi dan angkat dengan hati-hati dari oven."", ""editdist_solution3"": 1}"
Apa yang bisa Anda gunakan untuk mencukur kepala Anda?,Gunting,Silet,Pisau lipat,Pisau dapur,1,ind_latn,What can you use to shave your head?,Scissors,A razor blade,A pocket knife,A kitchen knife,"object_properties_interactions,affordances",parallel_ex000066_ind_latn,"{""example_inspiration"": ""globalpiqa_nonparallel"", ""uncorrected_prompt"": ""Apa yang bisa Anda gunakan untuk mencukur kepala Anda?"", ""editdist_prompt"": 0, ""uncorrected_solution0"": ""Gunting"", ""editdist_solution0"": 0, ""uncorrected_solution1"": ""Silet"", ""editdist_solution1"": 0, ""uncorrected_solution2"": ""Pisau lipat"", ""editdist_solution2"": 0, ""uncorrected_solution3"": ""Pisau dapur"", ""editdist_solution3"": 0}"
Apa yang bisa Anda gunakan untuk membelah kayu?,Pisau dapur,Gunting,Sebuah kapak,Tali,2,ind_latn,What can you use to chop wood?,A kitchen knife,Scissors,An axe,String,"object_properties_interactions,affordances",parallel_ex000067_ind_latn,"{""example_inspiration"": ""globalpiqa_nonparallel"", ""uncorrected_prompt"": ""Apa yang bisa Anda gunakan untuk membelah kayu?"", ""editdist_prompt"": 0, ""uncorrected_solution0"": ""Pisau dapur"", ""editdist_solution0"": 0, ""uncorrected_solution1"": ""Gunting"", ""editdist_solution1"": 0, ""uncorrected_solution2"": ""Sebuah kapak"", ""editdist_solution2"": 0, ""uncorrected_solution3"": ""Tali"", ""editdist_solution3"": 0}"
Bagaimana urutan mengenakan pakaian sebelum meninggalkan rumah?,"Kaus kaki, sepatu, lalu celana","Celana, sepatu, lalu kaus kaki","Sepatu, kaos kaki, lalu celana","Celana, kaus kaki, lalu sepatu",3,ind_latn,What order should you put on your clothing before leaving the house?,"Socks, shoes, then pants","Pants, shoes, then socks","Shoes, socks, then pants","Pants, socks, then shoes","object_properties_interactions,affordances",parallel_ex000068_ind_latn,"{""example_inspiration"": ""globalpiqa_nonparallel"", ""uncorrected_prompt"": ""Bagaimana urutan mengenakan pakaian sebelum meninggalkan rumah?"", ""editdist_prompt"": 0, ""uncorrected_solution0"": ""Kaus kaki, sepatu, lalu celana"", ""editdist_solution0"": 0, ""uncorrected_solution1"": ""Celana, sepatu, lalu kaus kaki"", ""editdist_solution1"": 0, ""uncorrected_solution2"": ""Sepatu, kaos kaki, lalu celana"", ""editdist_solution2"": 0, ""uncorrected_solution3"": ""Celana, kaus kaki, lalu sepatu"", ""editdist_solution3"": 0}"
Seseorang sedang menjemur kemeja di halaman pada hari yang berangin. Jenis kemeja apa yang akan kehilangan kelembapan lebih cepat?,Kemeja wol tebal,Kemeja linen,Kemeja nilon,Kemeja denim,2,ind_latn,A person is drying a shirt on a windy day in the yard. What kind of shirts will lose moisture faster?,Heavy wool shirts,Linen shirts,Nylon shirts,Denim shirts,object_properties_interactions,parallel_ex000069_ind_latn,"{""example_inspiration"": ""globalpiqa_nonparallel"", ""uncorrected_prompt"": ""Seseorang sedang menjemur kemeja di halaman pada hari yang berangin. Jenis kemeja apa yang akan kehilangan kelembapan lebih cepat?"", ""editdist_prompt"": 0, ""uncorrected_solution0"": ""Kemeja wol tebal"", ""editdist_solution0"": 0, ""uncorrected_solution1"": ""Kemeja linen"", ""editdist_solution1"": 0, ""uncorrected_solution2"": ""Kemeja nilon"", ""editdist_solution2"": 0, ""uncorrected_solution3"": ""Kemeja denim"", ""editdist_solution3"": 0}"
Bagaimana cara Anda memastikan tetap terhidrasi selama pendakian panjang?,Minumlah air sepanjang pendakian,Minumlah air sekali selama pendakian,Minumlah semua airmu segera setelah kamu memulai pendakian,Minumlah semua airmu saat kamu selesai mendaki,0,ind_latn,How do you make sure to stay hydrated on a long hike?,Drink water throughout the hike,Drink water once during the hike,Drink all your water as soon as you start the hike,Drink all your water when you finish the hike,"object_properties_interactions,affordances",parallel_ex000070_ind_latn,"{""example_inspiration"": ""globalpiqa_nonparallel"", ""uncorrected_prompt"": ""Bagaimana cara Anda memastikan tetap terhidrasi selama pendakian panjang?"", ""editdist_prompt"": 0, ""uncorrected_solution0"": ""Minumlah air sepanjang pendakian."", ""editdist_solution0"": 1, ""uncorrected_solution1"": ""Minumlah air sekali selama pendakian."", ""editdist_solution1"": 1, ""uncorrected_solution2"": ""Minumlah semua airmu segera setelah kamu memulai pendakian."", ""editdist_solution2"": 1, ""uncorrected_solution3"": ""Minumlah semua airmu saat kamu selesai mendaki."", ""editdist_solution3"": 1}"
Berapa panjang sumbu lilin dibandingkan dengan tinggi lilinnya?,Panjang sumbu harus sama dengan tinggi lilin,Sumbu harus sepanjang mungkin,Sumbu harus lebih panjang daripada tinggi lilin,Sumbu harus lebih pendek daripada tinggi lilin,2,ind_latn,"How long is the wick of a candle, compared to the height of the candle wax?",The wick should be the same length as the height of the candle wax,The wick should be as long as possible,The wick should be longer than the height of the candle wax,The wick should be shorter than the height of the candle wax,"object_properties_interactions,spatial",parallel_ex000071_ind_latn,"{""example_inspiration"": ""globalpiqa_nonparallel"", ""uncorrected_prompt"": ""Berapa panjang sumbu lilin dibandingkan dengan tinggi lilinnya?"", ""editdist_prompt"": 0, ""uncorrected_solution0"": ""Panjang sumbu harus sama dengan tinggi lilin."", ""editdist_solution0"": 1, ""uncorrected_solution1"": ""Sumbu harus sepanjang mungkin."", ""editdist_solution1"": 1, ""uncorrected_solution2"": ""Sumbu harus lebih panjang daripada tinggi lilin."", ""editdist_solution2"": 1, ""uncorrected_solution3"": ""Sumbu harus lebih pendek daripada tinggi lilin."", ""editdist_solution3"": 1}"
"Anda memiliki sebuah kubus baja dan sebuah kubus plastik dengan volume yang sama. Jika Anda memasukkan masing-masing kubus secara perlahan ke dalam air dalam gelas yang penuh berisi air, manakah yang akan menyebabkan lebih banyak volume air tumpah?",Kubus baja itu akan membuat lebih banyak air meluap,Kubus plastik itu akan membuat lebih banyak air meluap,Mereka akan membuat jumlah air yang sama meluap,Tak satu pun dari kedua kubus itu akan membuat air meluap,2,ind_latn,"You have a cube made of steel and a cube made of plastic with the same volume. If you gently put each cube underwater in a glass full of water, which one will make more volume of water overflow?",The steel cube will make more water overflow,The plastic cube will make more water overflow,They will make the same amount of water overflow,Neither cube will make any water overflow,spatial,parallel_ex000072_ind_latn,"{""example_inspiration"": ""globalpiqa_nonparallel"", ""uncorrected_prompt"": ""Anda memiliki sebuah kubus baja dan sebuah kubus plastik dengan volume yang sama. Jika Anda memasukkan masing-masing kubus secara perlahan ke dalam air dalam gelas yang penuh berisi air, manakah yang akan menyebabkan lebih banyak volume air tumpah?"", ""editdist_prompt"": 0, ""uncorrected_solution0"": ""Kubus baja itu akan membuat lebih banyak air meluap."", ""editdist_solution0"": 1, ""uncorrected_solution1"": ""Kubus plastik itu akan membuat lebih banyak air meluap."", ""editdist_solution1"": 1, ""uncorrected_solution2"": ""Mereka akan membuat jumlah air yang sama meluap."", ""editdist_solution2"": 1, ""uncorrected_solution3"": ""Tak satu pun dari kedua kubus itu akan membuat air meluap."", ""editdist_solution3"": 1}"
"Sebelum penyuntikan dengan jarum, dengan apa sebaiknya Anda membersihkan area suntikan?",Sebuah bola kapas yang direndam air,Bola kapas yang dibasahi alkohol,Sebuah bantalan kulit yang direndam alkohol,Bantalan kulit yang terendam air,1,ind_latn,"Before injection with a needle, what should you clean the injection site with?",A water-soaked cotton ball,An alcohol-soaked cotton ball,An alcohol-soaked leather pad,A water-soaked leather pad,"object_properties_interactions,affordances",parallel_ex000073_ind_latn,"{""example_inspiration"": ""globalpiqa_nonparallel"", ""uncorrected_prompt"": ""Sebelum penyuntikan dengan jarum, dengan apa sebaiknya Anda membersihkan area suntikan?"", ""editdist_prompt"": 0, ""uncorrected_solution0"": ""Sebuah bola kapas yang direndam air"", ""editdist_solution0"": 0, ""uncorrected_solution1"": ""Bola kapas yang dibasahi alkohol"", ""editdist_solution1"": 0, ""uncorrected_solution2"": ""Sebuah bantalan kulit yang direndam alkohol"", ""editdist_solution2"": 0, ""uncorrected_solution3"": ""Bantalan kulit yang terendam air"", ""editdist_solution3"": 0}"
"Jika sebuah gelas plastik retak, apa yang bisa dilakukan untuk menghentikan air agar tidak bocor?",Bungkus cangkir itu dengan tali plastik,Bungkus cangkir itu dengan kertas,Bungkus cangkir itu dengan kaus kaki,Bungkus cangkir itu dengan kantong plastik,3,ind_latn,"If a plastic cup is cracked, what can be done to stop the water from leaking out?",Wrap the cup with a plastic string,Wrap the cup with paper,Wrap the cup with a sock,Wrap the cup with a plastic bag,"object_properties_interactions,affordances",parallel_ex000074_ind_latn,"{""example_inspiration"": ""globalpiqa_nonparallel"", ""uncorrected_prompt"": ""Jika sebuah gelas plastik retak, apa yang bisa dilakukan untuk menghentikan air agar tidak bocor?"", ""editdist_prompt"": 0, ""uncorrected_solution0"": ""Bungkus cangkir itu dengan tali plastik."", ""editdist_solution0"": 1, ""uncorrected_solution1"": ""Bungkus cangkir itu dengan kertas."", ""editdist_solution1"": 1, ""uncorrected_solution2"": ""Bungkus cangkir itu dengan kaus kaki."", ""editdist_solution2"": 1, ""uncorrected_solution3"": ""Bungkus cangkir itu dengan kantong plastik."", ""editdist_solution3"": 1}"
Berapa banyak air yang mengisi bak mandi rata-rata?,10 liter,200 liter,1000 liter,50 liter,1,ind_latn,How much water fills an average bathtub?,10 liters,200 liters,1000 liters,50 liters,spatial,parallel_ex000075_ind_latn,"{""example_inspiration"": ""globalpiqa_nonparallel"", ""uncorrected_prompt"": ""Berapa banyak air yang mengisi bak mandi rata-rata?"", ""editdist_prompt"": 0, ""uncorrected_solution0"": ""10 liter"", ""editdist_solution0"": 0, ""uncorrected_solution1"": ""200 liter"", ""editdist_solution1"": 0, ""uncorrected_solution2"": ""1000 liter"", ""editdist_solution2"": 0, ""uncorrected_solution3"": ""50 liter"", ""editdist_solution3"": 0}"
Bagaimana cara membuat lilin menyala dalam waktu lama?,Tutup dengan cangkir logam,Tutup dengan aluminium foil,Jangan menutupinya,Tutup dengan gelas kaca,2,ind_latn,How do you make a candle burn for a long time?,Cover it with a metal cup,Cover it with aluminum foil,Do not cover it,Cover it with a glass cup,"object_properties_interactions,affordances",parallel_ex000076_ind_latn,"{""example_inspiration"": ""globalpiqa_nonparallel"", ""uncorrected_prompt"": ""Bagaimana cara membuat lilin menyala dalam waktu lama?"", ""editdist_prompt"": 0, ""uncorrected_solution0"": ""Tutup dengan cangkir logam."", ""editdist_solution0"": 1, ""uncorrected_solution1"": ""Tutup dengan aluminium foil"", ""editdist_solution1"": 0, ""uncorrected_solution2"": ""Jangan menutupinya."", ""editdist_solution2"": 1, ""uncorrected_solution3"": ""Tutup dengan gelas kaca."", ""editdist_solution3"": 1}"
"Saat ibu sedang menyapu rumah, sebuah koin yang ada di lantai terkena sapu. Koin itu menggelinding jauh ke bawah kulkas. Apa yang bisa ia gunakan untuk mengeluarkan koin tersebut?",Sebuah kaos kaki,Sebuah pisau,Sebuah garpu,Sebatang tongkat,3,ind_latn,"While mother was sweeping the house, a coin that was on the floor was hit by the broom. The coin rolled far under the refrigerator. What could she use to get the coin out?",A sock,A knife,A fork,A stick,"object_properties_interactions,affordances",parallel_ex000077_ind_latn,"{""example_inspiration"": ""globalpiqa_nonparallel"", ""uncorrected_prompt"": ""Saat ibu sedang menyapu rumah, sebuah koin yang ada di lantai terkena sapu. Koin itu menggelinding jauh ke bawah kulkas. Apa yang bisa ia gunakan untuk mengeluarkan koin tersebut?"", ""editdist_prompt"": 0, ""uncorrected_solution0"": ""Sebuah kaos kaki"", ""editdist_solution0"": 0, ""uncorrected_solution1"": ""Sebuah pisau"", ""editdist_solution1"": 0, ""uncorrected_solution2"": ""Sebuah garpu"", ""editdist_solution2"": 0, ""uncorrected_solution3"": ""Sebatang tongkat"", ""editdist_solution3"": 0}"
"Agar pisang tidak terlalu cepat matang, di mana Anda bisa meletakkannya?",Di dalam kulkas,Dalam sebuah mangkuk,Di dalam oven,Di bawah sinar matahari,0,ind_latn,"To stop a banana from ripening too fast, where can you put it?",In the refrigerator,In a bowl,In the oven,In the sun,"object_properties_interactions,affordances",parallel_ex000078_ind_latn,"{""example_inspiration"": ""globalpiqa_nonparallel"", ""uncorrected_prompt"": ""Agar pisang tidak terlalu cepat matang, di mana Anda bisa meletakkannya?"", ""editdist_prompt"": 0, ""uncorrected_solution0"": ""Di dalam kulkas"", ""editdist_solution0"": 0, ""uncorrected_solution1"": ""Dalam sebuah mangkuk"", ""editdist_solution1"": 0, ""uncorrected_solution2"": ""Di dalam oven"", ""editdist_solution2"": 0, ""uncorrected_solution3"": ""Di bawah sinar matahari"", ""editdist_solution3"": 0}"
Sebuah mobil tergelincir di luar kendali. Skenario apa yang akan membuat mobil tersebut tergelincir lebih cepat?,Mobil itu memiliki ban baru,Mobil itu memiliki ban yang sudah aus,Mobil itu bannya bocor,Mobil itu kehilangan satu ban,1,ind_latn,A car is skidding out of control. What scenario would make the car skid faster?,The car has new tires,The car has worn out tires,The car has a punctured tire,The car has lost a tire,object_properties_interactions,parallel_ex000079_ind_latn,"{""example_inspiration"": ""globalpiqa_nonparallel"", ""uncorrected_prompt"": ""Sebuah mobil tergelincir di luar kendali. Skenario apa yang akan membuat mobil tersebut tergelincir lebih cepat?"", ""editdist_prompt"": 0, ""uncorrected_solution0"": ""Mobil itu memiliki ban baru."", ""editdist_solution0"": 1, ""uncorrected_solution1"": ""Mobil itu memiliki ban yang sudah aus."", ""editdist_solution1"": 1, ""uncorrected_solution2"": ""Mobil itu bannya bocor."", ""editdist_solution2"": 1, ""uncorrected_solution3"": ""Mobil itu kehilangan satu ban."", ""editdist_solution3"": 1}"
Anda memiliki secangkir air tawar dan secangkir air asin. Anda memasukkan keduanya ke dalam freezer. Mana yang akan membeku lebih cepat?,Mereka akan membeku pada laju yang sama,Air asin akan membeku lebih cepat,Air biasa akan membeku lebih cepat,Hanya air asin yang akan membeku,2,ind_latn,You have a cup of plain water and a cup of salt water. You put both in the freezer. Which will freeze faster?,They will freeze at the same rate,The salt water will freeze faster,The plain water will freeze faster,Only the salt water will freeze,object_properties_interactions,parallel_ex000080_ind_latn,"{""example_inspiration"": ""globalpiqa_nonparallel"", ""uncorrected_prompt"": ""Anda memiliki secangkir air tawar dan secangkir air asin. Anda memasukkan keduanya ke dalam freezer. Mana yang akan membeku lebih cepat?"", ""editdist_prompt"": 0, ""uncorrected_solution0"": ""Mereka akan membeku pada laju yang sama."", ""editdist_solution0"": 1, ""uncorrected_solution1"": ""Air asin akan membeku lebih cepat."", ""editdist_solution1"": 1, ""uncorrected_solution2"": ""Air biasa akan membeku lebih cepat."", ""editdist_solution2"": 1, ""uncorrected_solution3"": ""Hanya air asin yang akan membeku."", ""editdist_solution3"": 1}"
Ada handuk basah yang tergeletak kusut di lantai kamar mandi. Bagaimana cara membuatnya lebih cepat kering?,Ratakan handuknya dan lipat menjadi dua,Ratakan handuknya dan jangan dilipat,Biarkan handuknya apa adanya,Ratakan handuknya dan lipat menjadi empat bagian,1,ind_latn,A wet towel is lying crumpled up on the bathroom floor. How should you make it dry faster?,Flatten out the towel and fold it once in half,Flatten out the towel and do not fold it,Leave the towel as is,Flatten out the towel and fold it into quarters,object_properties_interactions,parallel_ex000081_ind_latn,"{""example_inspiration"": ""globalpiqa_nonparallel"", ""uncorrected_prompt"": ""Ada handuk basah yang tergeletak kusut di lantai kamar mandi. Bagaimana cara membuatnya lebih cepat kering?"", ""editdist_prompt"": 0, ""uncorrected_solution0"": ""Ratakan handuknya dan lipat menjadi dua."", ""editdist_solution0"": 1, ""uncorrected_solution1"": ""Ratakan handuknya dan jangan dilipat."", ""editdist_solution1"": 1, ""uncorrected_solution2"": ""Biarkan handuknya apa adanya."", ""editdist_solution2"": 1, ""uncorrected_solution3"": ""Ratakan handuknya dan lipat menjadi empat bagian."", ""editdist_solution3"": 1}"
Anda tiba di sebuah danau dan ingin memeriksa ketebalan esnya. Anda memukul es tersebut dengan sebatang tongkat. Jenis suara seperti apa yang menandakan bahwa es tersebut lebih aman untuk dipijak?,Suara gemeretak yang tinggi,Suara tinggi yang tajam,Suara rendah yang tumpul,Suara yang menggema,2,ind_latn,You arrive at a lake and want to check the thickness of the ice. You hit the ice with a stick. What kind of sound would mean the ice is safer to walk on?,A high rattling sound,A sharp high sound,A dull low sound,An echoing sound,object_properties_interactions,parallel_ex000082_ind_latn,"{""example_inspiration"": ""globalpiqa_nonparallel"", ""uncorrected_prompt"": ""Anda tiba di sebuah danau dan ingin memeriksa ketebalan esnya. Anda memukul es tersebut dengan sebatang tongkat. Jenis suara seperti apa yang menandakan bahwa es tersebut lebih aman untuk dipijak?"", ""editdist_prompt"": 0, ""uncorrected_solution0"": ""Suara gemeretak yang tinggi"", ""editdist_solution0"": 0, ""uncorrected_solution1"": ""Suara tinggi yang tajam"", ""editdist_solution1"": 0, ""uncorrected_solution2"": ""Suara rendah yang tumpul"", ""editdist_solution2"": 0, ""uncorrected_solution3"": ""Suara yang menggema"", ""editdist_solution3"": 0}"
"Seseorang sedang berjalan di salju yang dalam dan empuk, dan kakinya terbenam 20 cm ke dalam salju. Seseorang dengan berat badan yang sama tetapi ukuran kaki yang jauh lebih besar berjalan di salju yang sama. Seberapa dalam kaki orang kedua tersebut akan terbenam ke dalam salju?",Kurang dari 20cm,Lebih dari 40cm,Lebih dari 20cm,20cm,0,ind_latn,"A person is walking in deep, fluffy snow, and their feet sink 20cm into the snow. A person with the same weight but much larger feet walks in the same snow. How much will the second person's feet sink into the snow?",Less than 20cm,More than 40cm,More than 20cm,20cm,object_properties_interactions,parallel_ex000083_ind_latn,"{""example_inspiration"": ""globalpiqa_nonparallel"", ""uncorrected_prompt"": ""Seseorang sedang berjalan di salju yang dalam dan empuk, dan kakinya terbenam 20 cm ke dalam salju. Seseorang dengan berat badan yang sama tetapi ukuran kaki yang jauh lebih besar berjalan di salju yang sama. Seberapa dalam kaki orang kedua tersebut akan terbenam ke dalam salju?"", ""editdist_prompt"": 0, ""uncorrected_solution0"": ""Kurang dari 20cm"", ""editdist_solution0"": 0, ""uncorrected_solution1"": ""Lebih dari 40cm"", ""editdist_solution1"": 0, ""uncorrected_solution2"": ""Lebih dari 20cm"", ""editdist_solution2"": 0, ""uncorrected_solution3"": ""20cm"", ""editdist_solution3"": 0}"
"Batas waktu untuk sebuah laporan adalah dua minggu dari hari ini. Kita akan bertemu untuk membahas laporan tersebut dalam satu minggu. Jika rapat tersebut ditunda selama dua minggu, apakah rapat itu masih akan diadakan sebelum batas waktu laporan?",Ya,Tidak dapat menjawab,Tidak,Informasi tidak cukup,2,ind_latn,"The deadline for a report is two weeks from today. We will meet about the report in one week. If the meeting is postponed by two weeks, will it still be before the report deadline?",Yes,Unable to answer,No,Not enough information,time,parallel_ex000084_ind_latn,"{""example_inspiration"": ""globalpiqa_nonparallel"", ""uncorrected_prompt"": ""Batas waktu untuk sebuah laporan adalah dua minggu dari hari ini. Kita akan bertemu untuk membahas laporan tersebut dalam satu minggu. Jika rapat tersebut ditunda selama dua minggu, apakah rapat itu masih akan diadakan sebelum batas waktu laporan?"", ""editdist_prompt"": 0, ""uncorrected_solution0"": ""Ya"", ""editdist_solution0"": 0, ""uncorrected_solution1"": ""Tidak dapat menjawab"", ""editdist_solution1"": 0, ""uncorrected_solution2"": ""Tidak"", ""editdist_solution2"": 0, ""uncorrected_solution3"": ""Informasi tidak cukup"", ""editdist_solution3"": 0}"
Beberapa anak senang membuat berbagai macam hewan dan burung dengan bayangan tangan di dinding. Bagaimana cara Anda membuat bayangan-bayangan ini dengan tangan Anda?,"Buat bentuk hewan dengan tanganmu, lalu tempelkan tanganmu di dinding","Buatlah bentuk hewan dengan tangan Anda, lalu letakkan tangan Anda di antara lampu dan dinding","Buatlah bentuk hewan dengan tanganmu, lalu letakkan tanganmu di bawah lampu","Buatlah bentuk hewan dengan tanganmu, lalu letakkan lampu di antara tanganmu dan dinding",1,ind_latn,Some children enjoy making different animals and birds with hand shadows on the wall. How do you make these shadows with your hand?,"Make animal shapes with your hand, then place your hand on the wall","Make animal shapes with your hand, then place your hand between the lamp and the wall","Make animal shapes with your hand, then place your hand underneath the lamp","Make animal shapes with your hand, then place the lamp between your hand and the wall",spatial,parallel_ex000085_ind_latn,"{""example_inspiration"": ""globalpiqa_nonparallel"", ""uncorrected_prompt"": ""Beberapa anak senang membuat berbagai macam hewan dan burung dengan bayangan tangan di dinding. Bagaimana cara Anda membuat bayangan-bayangan ini dengan tangan Anda?"", ""editdist_prompt"": 0, ""uncorrected_solution0"": ""Buat bentuk hewan dengan tanganmu, lalu tempelkan tanganmu di dinding."", ""editdist_solution0"": 1, ""uncorrected_solution1"": ""Buatlah bentuk hewan dengan tangan Anda, lalu letakkan tangan Anda di antara lampu dan dinding."", ""editdist_solution1"": 1, ""uncorrected_solution2"": ""Buatlah bentuk hewan dengan tanganmu, lalu letakkan tanganmu di bawah lampu."", ""editdist_solution2"": 1, ""uncorrected_solution3"": ""Buatlah bentuk hewan dengan tanganmu, lalu letakkan lampu di antara tanganmu dan dinding."", ""editdist_solution3"": 1}"
"Apa yang akan terjadi jika kita mengisi penuh sebuah wadah kaca dengan air, menyegelnya, dan membiarkannya di luar ruangan dalam cuaca dingin yang membeku selama sehari?",Kaca itu akan mengeras,Gelas itu akan menampung es tersebut,Gelas itu akan pecah,Kaca itu akan memuai,2,ind_latn,"What would happen if we completely fill a glass container with water, seal it, and leave it outdoors in the freezing cold for a day?",The glass would harden,The glass would hold the ice,The glass would break,The glass would expand,object_properties_interactions,parallel_ex000086_ind_latn,"{""example_inspiration"": ""globalpiqa_nonparallel"", ""uncorrected_prompt"": ""Apa yang akan terjadi jika kita mengisi penuh sebuah wadah kaca dengan air, menyegelnya, dan membiarkannya di luar ruangan dalam cuaca dingin yang membeku selama sehari?"", ""editdist_prompt"": 0, ""uncorrected_solution0"": ""Kaca itu akan mengeras."", ""editdist_solution0"": 1, ""uncorrected_solution1"": ""Gelas itu akan menampung es tersebut."", ""editdist_solution1"": 1, ""uncorrected_solution2"": ""Gelas itu akan pecah."", ""editdist_solution2"": 1, ""uncorrected_solution3"": ""Kaca itu akan memuai."", ""editdist_solution3"": 1}"
Sebuah resep menyatakan bahwa Anda harus mencampur bahan basah dan kering secara terpisah. Bahan-bahan mana saja yang akan dicampur bersama?,"Gula dan tepung, minyak dan garam","Gula dan tepung, minyak dan air","Gula dan air, tepung dan minyak","Gula dan air, tepung dan garam",1,ind_latn,A recipe says that you have to mix the wet and dry ingredients separately. Which ingredients would be mixed together?,"Sugar and flour, oil and salt","Sugar and flour, oil and water","Sugar and water, flour and oil","Sugar and water, flour and salt",object_properties_interactions,parallel_ex000087_ind_latn,"{""example_inspiration"": ""globalpiqa_nonparallel"", ""uncorrected_prompt"": ""Sebuah resep menyatakan bahwa Anda harus mencampur bahan basah dan kering secara terpisah. Bahan-bahan mana saja yang akan dicampur bersama?"", ""editdist_prompt"": 0, ""uncorrected_solution0"": ""Gula dan tepung, minyak dan garam"", ""editdist_solution0"": 0, ""uncorrected_solution1"": ""Gula dan tepung, minyak dan air"", ""editdist_solution1"": 0, ""uncorrected_solution2"": ""Gula dan air, tepung dan minyak"", ""editdist_solution2"": 0, ""uncorrected_solution3"": ""Gula dan air, tepung dan garam"", ""editdist_solution3"": 0}"
Kita punya 1 liter susu dan kita ingin menuangkan semua susu tersebut ke dalam gelas. Kita hanya punya tiga gelas. Kombinasi ukuran mana yang dapat menampung seluruh susu tersebut?,"Dua gelas 0,4L dan satu gelas 0,3L","Dua gelas 0,3L dan satu gelas 0,2L","Dua gelas 0,2L dan satu gelas 0,5L","Tiga gelas 0,3L",0,ind_latn,We have 1 liter of milk and we want to pour all the milk into glasses. We only have three glasses. Which combination of sizes will be able to hold all the milk?,Two glasses of 0.4L and one glass of 0.3L,Two glasses of 0.3L and one glass of 0.2L,Two glasses of 0.2L and one glass of 0.5L,Three glasses of 0.3L,counting,parallel_ex000088_ind_latn,"{""example_inspiration"": ""globalpiqa_nonparallel"", ""uncorrected_prompt"": ""Kita punya 1 liter susu dan kita ingin menuangkan semua susu tersebut ke dalam gelas. Kita hanya punya tiga gelas. Kombinasi ukuran mana yang dapat menampung seluruh susu tersebut?"", ""editdist_prompt"": 0, ""uncorrected_solution0"": ""Dua gelas 0,4L dan satu gelas 0,3L"", ""editdist_solution0"": 0, ""uncorrected_solution1"": ""Dua gelas 0,3L dan satu gelas 0,2L"", ""editdist_solution1"": 0, ""uncorrected_solution2"": ""Dua gelas 0,2L dan satu gelas 0,5L"", ""editdist_solution2"": 0, ""uncorrected_solution3"": ""Tiga gelas 0,3L"", ""editdist_solution3"": 0}"
"Ada selembar kertas, sebuah gelas kaca, dan sebutir telur. Bagaimana Anda akan menatanya di dalam sebuah kotak untuk melindungi telur tersebut agar tidak pecah dengan sebaik-baiknya?","Bungkus telur dengan kertas, lalu letakkan di samping cangkir","Bungkus cangkir tersebut dengan kertas, lalu letakkan di samping telur","Bungkus telur itu dengan kertas, lalu masukkan ke dalam cangkir","Masukkan telur ke dalam cangkir, lalu bungkus cangkirnya dengan kertas",2,ind_latn,"There is a sheet of paper, a glass cup, and an egg. How would you place them in a box to best protect the egg from breaking?","Wrap the egg with the paper, then put it next to the cup","Wrap the cup with the paper, then put it next to the egg","Wrap the egg with the paper, then put it inside the cup","Put the egg in the cup, then wrap the cup with the paper","object_properties_interactions,affordances",parallel_ex000089_ind_latn,"{""example_inspiration"": ""globalpiqa_nonparallel"", ""uncorrected_prompt"": ""Ada selembar kertas, sebuah gelas kaca, dan sebutir telur. Bagaimana Anda akan menatanya di dalam sebuah kotak untuk melindungi telur tersebut agar tidak pecah dengan sebaik-baiknya?"", ""editdist_prompt"": 0, ""uncorrected_solution0"": ""Bungkus telur dengan kertas, lalu letakkan di samping cangkir."", ""editdist_solution0"": 1, ""uncorrected_solution1"": ""Bungkus cangkir tersebut dengan kertas, lalu letakkan di samping telur."", ""editdist_solution1"": 1, ""uncorrected_solution2"": ""Bungkus telur itu dengan kertas, lalu masukkan ke dalam cangkir."", ""editdist_solution2"": 1, ""uncorrected_solution3"": ""Masukkan telur ke dalam cangkir, lalu bungkus cangkirnya dengan kertas."", ""editdist_solution3"": 1}"
"Sebuah truk penuh air sedang melaju di jalan. Tiba-tiba, ia harus berhenti. Saat sedang berhenti, ke mana airnya akan pergi?",Air akan bergerak ke arah bagian bawah truk,Air tidak akan bergerak,Air akan bergerak ke arah depan truk,Air akan bergerak ke arah bagian belakang truk,2,ind_latn,"A truck full of water is driving down a road. Suddenly, it has to stop. As it is stopping, where will the water go?",The water will move towards the bottom of the truck,The water will not move,The water will move towards the front of the truck,The water will move towards the back of the truck,object_properties_interactions,parallel_ex000090_ind_latn,"{""example_inspiration"": ""new"", ""uncorrected_prompt"": ""Sebuah truk penuh air sedang melaju di jalan. Tiba-tiba, ia harus berhenti. Saat sedang berhenti, ke mana airnya akan pergi?"", ""editdist_prompt"": 0, ""uncorrected_solution0"": ""Air akan bergerak ke arah bagian bawah truk."", ""editdist_solution0"": 1, ""uncorrected_solution1"": ""Air tidak akan bergerak."", ""editdist_solution1"": 1, ""uncorrected_solution2"": ""Air akan bergerak ke arah depan truk."", ""editdist_solution2"": 1, ""uncorrected_solution3"": ""Air akan bergerak ke arah bagian belakang truk."", ""editdist_solution3"": 1}"
"James sedang melukis pemandangan taman, tetapi ia tidak memiliki cat hijau. Cat apa yang bisa ia campurkan untuk mendapatkan warna hijau?",Biru dan merah,Biru dan putih,Biru dan kuning,Kuning dan hitam,2,ind_latn,"James is painting a garden scene, but he has no green paint. What paints could he mix to get green?",Blue and red,Blue and white,Blue and yellow,Yellow and black,object_properties_interactions,parallel_ex000091_ind_latn,"{""example_inspiration"": ""new"", ""uncorrected_prompt"": ""James sedang melukis pemandangan taman, tetapi ia tidak memiliki cat hijau. Cat apa yang bisa ia campurkan untuk mendapatkan warna hijau?"", ""editdist_prompt"": 0, ""uncorrected_solution0"": ""Biru dan merah"", ""editdist_solution0"": 0, ""uncorrected_solution1"": ""Biru dan putih"", ""editdist_solution1"": 0, ""uncorrected_solution2"": ""Biru dan kuning"", ""editdist_solution2"": 0, ""uncorrected_solution3"": ""Kuning dan hitam"", ""editdist_solution3"": 0}"
"Alex sedang memanggang kue jeruk, dan dia perlu menambahkan pewarna makanan untuk membuatnya berwarna oranye. Pewarna makanan apa yang harus dia tambahkan?",Setetes merah dan setetes biru,Satu tetes kuning dan satu tetes biru,Dua tetes merah dan satu tetes kuning,Satu tetes merah dan dua tetes kuning,3,ind_latn,"Alex is baking an orange cake, and he needs to add food coloring to make it orange. What food coloring should he add?",One drop of red and one drop of blue,One drop of yellow and one drop of blue,Two drops of red and one drop of yellow,One drop of red and two drops of yellow,object_properties_interactions,parallel_ex000092_ind_latn,"{""example_inspiration"": ""new"", ""uncorrected_prompt"": ""Alex sedang memanggang kue jeruk, dan dia perlu menambahkan pewarna makanan untuk membuatnya berwarna oranye. Pewarna makanan apa yang harus dia tambahkan?"", ""editdist_prompt"": 0, ""uncorrected_solution0"": ""Setetes merah dan setetes biru"", ""editdist_solution0"": 0, ""uncorrected_solution1"": ""Satu tetes kuning dan satu tetes biru"", ""editdist_solution1"": 0, ""uncorrected_solution2"": ""Dua tetes merah dan satu tetes kuning"", ""editdist_solution2"": 0, ""uncorrected_solution3"": ""Satu tetes merah dan dua tetes kuning"", ""editdist_solution3"": 0}"
"Untuk membuat bantal luar ruangan sementara, apa yang bisa Anda lakukan?",Isi kantong dengan air,Isi tas dengan daun-daun,Isi sebuah tas dengan batu,Isi sebuah tas dengan ranting-ranting,1,ind_latn,"To make a temporary outdoor pillow, what could you do?",Fill a bag with water,Fill a bag with leaves,Fill a bag with stones,Fill a bag with twigs,"object_properties_interactions,affordances",parallel_ex000093_ind_latn,"{""example_inspiration"": ""new"", ""uncorrected_prompt"": ""Untuk membuat bantal luar ruangan sementara, apa yang bisa Anda lakukan?"", ""editdist_prompt"": 0, ""uncorrected_solution0"": ""Isi kantong dengan air"", ""editdist_solution0"": 0, ""uncorrected_solution1"": ""Isi tas dengan daun-daun"", ""editdist_solution1"": 0, ""uncorrected_solution2"": ""Isi sebuah tas dengan batu"", ""editdist_solution2"": 0, ""uncorrected_solution3"": ""Isi sebuah tas dengan ranting-ranting"", ""editdist_solution3"": 0}"
Anda memasukkan beberapa kue ke dalam oven sebelum melakukan pekerjaan rumah tangga. Pekerjaan rumah tangga apa yang tidak mungkin selesai sebelum kue tersebut harus dikeluarkan dari oven?,Melipat cucian,Mencuci piring,Menyapu lantai,Menjemur cucian,3,ind_latn,You put some cookies in the oven before doing some housework. What housework would not be possible to finish before the cookies need to be taken out of the oven?,Folding the laundry,Washing the dishes,Sweeping the floor,Drying the laundry,time,parallel_ex000094_ind_latn,"{""example_inspiration"": ""new"", ""uncorrected_prompt"": ""Anda memasukkan beberapa kue ke dalam oven sebelum melakukan pekerjaan rumah tangga. Pekerjaan rumah tangga apa yang tidak mungkin selesai sebelum kue tersebut harus dikeluarkan dari oven?"", ""editdist_prompt"": 0, ""uncorrected_solution0"": ""Melipat cucian"", ""editdist_solution0"": 0, ""uncorrected_solution1"": ""Mencuci piring"", ""editdist_solution1"": 0, ""uncorrected_solution2"": ""Menyapu lantai"", ""editdist_solution2"": 0, ""uncorrected_solution3"": ""Menjemur cucian"", ""editdist_solution3"": 0}"
"Anda dan teman Anda sedang berjalan di hutan, tetapi teman Anda berbelok ke kiri saat Anda berbelok ke kanan, dan Anda berdua terus berjalan. Di arah mana posisi teman Anda relatif terhadap Anda sekarang?",Di sebelah kanan Anda,Di belakangmu,Di sebelah kiri Anda,Di depanmu,1,ind_latn,"You and your friend are walking in a forest, but your friend turns left when you turn right, and you both keep walking. What direction is your friend relative to you now?",To your right,Behind you,To your left,In front of you,spatial,parallel_ex000095_ind_latn,"{""example_inspiration"": ""new"", ""uncorrected_prompt"": ""Anda dan teman Anda sedang berjalan di hutan, tetapi teman Anda berbelok ke kiri saat Anda berbelok ke kanan, dan Anda berdua terus berjalan. Di arah mana posisi teman Anda relatif terhadap Anda sekarang?"", ""editdist_prompt"": 0, ""uncorrected_solution0"": ""Di sebelah kanan Anda"", ""editdist_solution0"": 0, ""uncorrected_solution1"": ""Di belakangmu"", ""editdist_solution1"": 0, ""uncorrected_solution2"": ""Di sebelah kiri Anda"", ""editdist_solution2"": 0, ""uncorrected_solution3"": ""Di depanmu"", ""editdist_solution3"": 0}"
"Anda dan teman Anda sedang berjalan menyusuri jalan saling mendekati. Anda berbalik arah, tetapi teman Anda tetap berjalan ke arah yang sama. Ke arah mana Anda dan teman Anda berjalan relatif terhadap satu sama lain?",Kamu sedang mengikuti temanmu,Kamu dan temanmu sedang berjalan ke arah satu sama lain,Anda dan teman Anda sedang berjalan ke arah yang berlawanan,Temanmu sedang mengikutimu,3,ind_latn,"You and your friend are walking down the street towards each other. You turn around, but your friend keeps walking in the same direction. Which direction are you and your friend walking relative to one another?",You are following your friend,You and your friend are walking towards each other,You and your friend are walking in opposite directions,Your friend is following you,spatial,parallel_ex000096_ind_latn,"{""example_inspiration"": ""new"", ""uncorrected_prompt"": ""Anda dan teman Anda sedang berjalan menyusuri jalan saling mendekati. Anda berbalik arah, tetapi teman Anda tetap berjalan ke arah yang sama. Ke arah mana Anda dan teman Anda berjalan relatif terhadap satu sama lain?"", ""editdist_prompt"": 0, ""uncorrected_solution0"": ""Kamu sedang mengikuti temanmu."", ""editdist_solution0"": 1, ""uncorrected_solution1"": ""Kamu dan temanmu sedang berjalan ke arah satu sama lain."", ""editdist_solution1"": 1, ""uncorrected_solution2"": ""Anda dan teman Anda sedang berjalan ke arah yang berlawanan."", ""editdist_solution2"": 1, ""uncorrected_solution3"": ""Temanmu sedang mengikutimu."", ""editdist_solution3"": 1}"
"Tiga mobil sedang melaju berdampingan, dan mobil yang di tengah mencoba berbelok ke kiri. Apa yang akan dilakukan oleh dua mobil lainnya?","Mobil di sebelah kiri akan membanting setir ke kiri, dan mobil di sebelah kanan akan membanting setir ke kanan","Mobil kanan akan membanting setir ke kanan, dan mobil kiri tidak akan membanting setir","Mobil kiri akan membanting setir ke kanan, dan mobil kanan tidak akan membanting setir","Mobil di sebelah kiri akan membanting setir ke kiri, dan mobil di sebelah kanan tidak akan membanting setir",3,ind_latn,"Three cars are driving next to each other, and the car in the middle tries to turn left. What would the other two cars do?","The left car would swerve left, and the right car would swerve right","The right car would swerve right, and the left car would not swerve","The left car would swerve right, and the right car would not swerve","The left car would swerve left, and the right car would not swerve",spatial,parallel_ex000097_ind_latn,"{""example_inspiration"": ""new"", ""uncorrected_prompt"": ""Tiga mobil sedang melaju berdampingan, dan mobil yang di tengah mencoba berbelok ke kiri. Apa yang akan dilakukan oleh dua mobil lainnya?"", ""editdist_prompt"": 0, ""uncorrected_solution0"": ""Mobil di sebelah kiri akan membanting setir ke kiri, dan mobil di sebelah kanan akan membanting setir ke kanan."", ""editdist_solution0"": 1, ""uncorrected_solution1"": ""Mobil kanan akan membanting setir ke kanan, dan mobil kiri tidak akan membanting setir."", ""editdist_solution1"": 1, ""uncorrected_solution2"": ""Mobil kiri akan membanting setir ke kanan, dan mobil kanan tidak akan membanting setir."", ""editdist_solution2"": 1, ""uncorrected_solution3"": ""Mobil di sebelah kiri akan membanting setir ke kiri, dan mobil di sebelah kanan tidak akan membanting setir."", ""editdist_solution3"": 1}"
"Jack berkendara sejauh 40 km per hari. Setelah enam hari, seberapa jauh dia telah berkendara?",240 km,300 km,160 km,200 km,0,ind_latn,"Jack drives for 40km per day. After six days, how far has he driven?",240km,300km,160km,200km,"spatial,counting",parallel_ex000098_ind_latn,"{""example_inspiration"": ""new"", ""uncorrected_prompt"": ""Jack berkendara sejauh 40 km per hari. Setelah enam hari, seberapa jauh dia telah berkendara?"", ""editdist_prompt"": 0, ""uncorrected_solution0"": ""240km"", ""editdist_solution0"": 1, ""uncorrected_solution1"": ""300 km"", ""editdist_solution1"": 0, ""uncorrected_solution2"": ""160 km"", ""editdist_solution2"": 0, ""uncorrected_solution3"": ""200 km"", ""editdist_solution3"": 0}"
"Anda memasang alarm untuk berbunyi pukul 9 pagi setiap hari, tetapi jam alarm tersebut melambat 5 menit setiap hari. Pukul berapa alarm akan berbunyi tiga hari setelah Anda mengaturnya?",09.15 pagi,08.45 pagi,09.00 pagi,09.30 pagi,0,ind_latn,"You set your alarm to ring at 9am every morning, but the alarm clock falls 5min behind every day. What time will the alarm ring three days after you set it?",9:15 AM,8:45 AM,9:00 AM,9:30 AM,"time,counting",parallel_ex000099_ind_latn,"{""example_inspiration"": ""new"", ""uncorrected_prompt"": ""Anda memasang alarm untuk berbunyi pukul 9 pagi setiap hari, tetapi jam alarm tersebut melambat 5 menit setiap hari. Pukul berapa alarm akan berbunyi tiga hari setelah Anda mengaturnya?"", ""editdist_prompt"": 0, ""uncorrected_solution0"": ""09.15 pagi"", ""editdist_solution0"": 0, ""uncorrected_solution1"": ""08.45 pagi"", ""editdist_solution1"": 0, ""uncorrected_solution2"": ""09.00"", ""editdist_solution2"": 5, ""uncorrected_solution3"": ""09.30 pagi"", ""editdist_solution3"": 0}"
Sebuah truk datang ke rumah Anda setiap dua hari sekali. Truk itu pertama kali datang ke rumah Anda pada hari Sabtu. Hari apa truk itu akan datang untuk ketiga kalinya?,Jumat,Selasa,Rabu,Kamis,2,ind_latn,A truck comes to your house every two days. It first arrives at your house on a Saturday. What day will the truck arrive for the third time?,Friday,Tuesday,Wednesday,Thursday,"time,counting",parallel_ex000100_ind_latn,"{""example_inspiration"": ""new"", ""uncorrected_prompt"": ""Sebuah truk datang ke rumah Anda setiap dua hari sekali. Truk itu pertama kali datang ke rumah Anda pada hari Sabtu. Hari apa truk itu akan datang untuk ketiga kalinya?"", ""editdist_prompt"": 0, ""uncorrected_solution0"": ""Jumat"", ""editdist_solution0"": 0, ""uncorrected_solution1"": ""Selasa"", ""editdist_solution1"": 0, ""uncorrected_solution2"": ""Rabu"", ""editdist_solution2"": 0, ""uncorrected_solution3"": ""Kamis"", ""editdist_solution3"": 0}"
"Rapat pertama saya hari ini jam 9 pagi, dan berlangsung selama 1 jam. Rapat kedua saya dimulai 5 jam setelah rapat pertama berakhir. Jam berapa rapat kedua saya dimulai?",09.00,10.00 pagi,14.00,15.00,3,ind_latn,"My first meeting for the day is at 9am, and it lasts for 1 hour. My second meeting starts 5 hours after the first meeting ends. What time does my second meeting start?",9:00 AM,10:00 AM,2:00 PM,3:00 PM,"time,counting",parallel_ex000101_ind_latn,"{""example_inspiration"": ""new"", ""uncorrected_prompt"": ""Rapat pertama saya hari ini jam 9 pagi, dan berlangsung selama 1 jam. Rapat kedua saya dimulai 5 jam setelah rapat pertama berakhir. Jam berapa rapat kedua saya dimulai?"", ""editdist_prompt"": 0, ""uncorrected_solution0"": ""09.00"", ""editdist_solution0"": 0, ""uncorrected_solution1"": ""10.00 pagi"", ""editdist_solution1"": 0, ""uncorrected_solution2"": ""14.00"", ""editdist_solution2"": 0, ""uncorrected_solution3"": ""15.00"", ""editdist_solution3"": 0}"
Manakah dari ini yang terbaik untuk membersihkan layar komputer Anda tanpa meninggalkan kelembapan?,Air,Minyak goreng,Alkohol gosok,Sabun dan air,2,ind_latn,Which of these is best for cleaning your computer screen without leaving moisture?,Water,Cooking oil,Rubbing alcohol,Soap and water,object_properties,parallel_ex000102_ind_latn,"{""example_inspiration"": ""english_piqa"", ""uncorrected_prompt"": ""Manakah dari ini yang terbaik untuk membersihkan layar komputer Anda tanpa meninggalkan kelembapan?"", ""editdist_prompt"": 0, ""uncorrected_solution0"": ""Air"", ""editdist_solution0"": 0, ""uncorrected_solution1"": ""Minyak goreng"", ""editdist_solution1"": 0, ""uncorrected_solution2"": ""Alkohol gosok"", ""editdist_solution2"": 0, ""uncorrected_solution3"": ""Sabun dan air"", ""editdist_solution3"": 0}"
Bagaimana cara menyimpan bawang putih untuk memasak agar tetap segar?,Masukkan bawang putih ke dalam wadah kedap udara,Letakkan bawang putih di tanah yang lembap,Biarkan bawang putih di bawah sinar matahari,Letakkan bawang putih di dalam wadah yang memiliki sirkulasi udara,3,ind_latn,How should you store garlic for cooking so that it stays fresh?,Place the garlic in an airtight container,Place the garlic in some moist soil,Leave the garlic in the sun,Place the garlic in a breathable container,object_properties_interactions,parallel_ex000103_ind_latn,"{""example_inspiration"": ""english_piqa"", ""uncorrected_prompt"": ""Bagaimana cara menyimpan bawang putih untuk memasak agar tetap segar?"", ""editdist_prompt"": 0, ""uncorrected_solution0"": ""Masukkan bawang putih ke dalam wadah kedap udara."", ""editdist_solution0"": 1, ""uncorrected_solution1"": ""Letakkan bawang putih di tanah yang lembap."", ""editdist_solution1"": 1, ""uncorrected_solution2"": ""Biarkan bawang putih di bawah sinar matahari."", ""editdist_solution2"": 1, ""uncorrected_solution3"": ""Letakkan bawang putih di dalam wadah yang memiliki sirkulasi udara."", ""editdist_solution3"": 1}"
Bahan apa yang paling baik digunakan untuk membuat kasur luar ruangan?,Daun pohon,Batu-batu kecil,Air,Ranting kecil,0,ind_latn,What material would be best to use to make an outdoor mattress?,Tree leaves,Small rocks,Water,Small sticks,"object_properties_interactions,affordances",parallel_ex000104_ind_latn,"{""example_inspiration"": ""english_piqa"", ""uncorrected_prompt"": ""Bahan apa yang paling baik digunakan untuk membuat kasur luar ruangan?"", ""editdist_prompt"": 0, ""uncorrected_solution0"": ""Daun pohon"", ""editdist_solution0"": 0, ""uncorrected_solution1"": ""Batu-batu kecil"", ""editdist_solution1"": 0, ""uncorrected_solution2"": ""Air"", ""editdist_solution2"": 0, ""uncorrected_solution3"": ""Ranting kecil"", ""editdist_solution3"": 0}"
Bagaimana cara mengetahui kapan daging beku sudah mencair?,Dagingnya padat,Dagingnya empuk,Dagingnya sudah matang,Daging itu digarami,1,ind_latn,How can you tell when frozen meat has thawed?,The meat is firm,The meat is soft,The meat is cooked,The meat is salted,object_properties_interactions,parallel_ex000105_ind_latn,"{""example_inspiration"": ""english_piqa"", ""uncorrected_prompt"": ""Bagaimana cara mengetahui kapan daging beku sudah mencair?"", ""editdist_prompt"": 0, ""uncorrected_solution0"": ""Dagingnya padat."", ""editdist_solution0"": 1, ""uncorrected_solution1"": ""Dagingnya empuk"", ""editdist_solution1"": 0, ""uncorrected_solution2"": ""Dagingnya sudah matang."", ""editdist_solution2"": 1, ""uncorrected_solution3"": ""Daging itu digarami"", ""editdist_solution3"": 0}"
Sebuah lap piring cukup besar untuk menutupi manakah dari hal berikut ini secara keseluruhan?,Sebuah meja,Sebuah kulkas,Sebuah sendok,Sebuah pel,2,ind_latn,A dish towel is big enough to completely cover which of the following?,A table,A refrigerator,A spoon,A mop,spatial,parallel_ex000106_ind_latn,"{""example_inspiration"": ""english_piqa"", ""uncorrected_prompt"": ""Sebuah lap piring cukup besar untuk menutupi manakah dari hal berikut ini secara keseluruhan?"", ""editdist_prompt"": 0, ""uncorrected_solution0"": ""Sebuah meja"", ""editdist_solution0"": 0, ""uncorrected_solution1"": ""Sebuah kulkas"", ""editdist_solution1"": 0, ""uncorrected_solution2"": ""Sebuah sendok"", ""editdist_solution2"": 0, ""uncorrected_solution3"": ""Sebuah pel"", ""editdist_solution3"": 0}"
"Agar aman saat berjalan di pinggir jalan dalam kegelapan, pakaian jenis apa yang sebaiknya Anda kenakan?",Mantel tebal,Pakaian tahan air,Pakaian berwarna gelap,Pakaian berwarna terang,3,ind_latn,"To be safe when walking alongside the road in the dark, what kind of clothes should you wear?",A heavy coat,Waterproof clothing,Dark colored clothing,Light colored clothing,object_properties,parallel_ex000107_ind_latn,"{""example_inspiration"": ""english_piqa"", ""uncorrected_prompt"": ""Agar aman saat berjalan di pinggir jalan dalam kegelapan, pakaian jenis apa yang sebaiknya Anda kenakan?"", ""editdist_prompt"": 0, ""uncorrected_solution0"": ""Mantel tebal"", ""editdist_solution0"": 0, ""uncorrected_solution1"": ""Pakaian tahan air"", ""editdist_solution1"": 0, ""uncorrected_solution2"": ""Pakaian berwarna gelap"", ""editdist_solution2"": 0, ""uncorrected_solution3"": ""Pakaian berwarna terang"", ""editdist_solution3"": 0}"
Manakah dari wadah berikut yang dapat memuat bola sepak?,Sebuah ember,Sebuah amplop kertas,Sebuah cangkir minum,Sebuah botol 1 liter,0,ind_latn,Which of the following containers can a football fit into?,A bucket,A paper envelope,A drinking cup,A 1 liter bottle,spatial,parallel_ex000108_ind_latn,"{""example_inspiration"": ""english_piqa"", ""uncorrected_prompt"": ""Manakah dari wadah berikut yang dapat memuat bola sepak?"", ""editdist_prompt"": 0, ""uncorrected_solution0"": ""Sebuah ember"", ""editdist_solution0"": 0, ""uncorrected_solution1"": ""Sebuah amplop kertas"", ""editdist_solution1"": 0, ""uncorrected_solution2"": ""Sebuah cangkir minum"", ""editdist_solution2"": 0, ""uncorrected_solution3"": ""Sebuah botol 1 liter"", ""editdist_solution3"": 0}"
