prompt,solution0,solution1,solution2,solution3,label,language,eng_prompt,eng_solution0,eng_solution1,eng_solution2,eng_solution3,categories,example_id,supplement
"Kantong plastik diisi udara banjur ditutup rapet. Nalika ana barang diselehake ing ndhuwur kantong, apa sing bakal kelakon?",Gunggunge hawa ing jero kantong mundhak akeh,Wernané hawa ing njero kantong malih,Cacahe hawa ing njero kantong samsaya suda,Gunggunge hawa ing jero kantong tetep padha,3,jav_latn,"A plastic bag is filled with air and then sealed. When an object is placed on the bag, what happens?",The amount of air in the bag increases,The color of the air in the bag changes,The amount of air in the bag decreases,The amount of air in the bag stays the same,object_properties_interactions,parallel_ex000000_jav_latn,"{""example_inspiration"": ""ewok"", ""uncorrected_prompt"": ""Kantong plastik diisi udara banjur ditutup rapet. Nalika ana barang diselehake ing ndhuwur kantong, apa sing bakal kelakon?"", ""editdist_prompt"": 0, ""uncorrected_solution0"": ""Gunggunge hawa ing jero tas mundhak akeh"", ""editdist_solution0"": 6, ""uncorrected_solution1"": ""Wernan\u00e9 hawa ing njero tas malih"", ""editdist_solution1"": 6, ""uncorrected_solution2"": ""Cacahe hawa ing njero tas samsaya suda"", ""editdist_solution2"": 6, ""uncorrected_solution3"": ""Gunggunge hawa ing jero tas tetep padha"", ""editdist_solution3"": 6}"
"Cangkir ditangkebake ing dhuwur meja. Nalika aku nyiram banyu ing sadhuwure cangkir, apa sing kedadeyan karo banyu kasebut?",Toyanipun mlebet dhateng cangkir,Banyune ora ndemèk cangkir,Banyune muncrat saka cangkir,Banyune mecahake cangkir,2,jav_latn,"A cup is placed with the opening on the table. When I pour water over the cup, what happens to the water?",The water goes into the cup,The water does not touch the cup,The water splashes off the cup,The water breaks the cup,object_properties_interactions,parallel_ex000001_jav_latn,"{""example_inspiration"": ""new"", ""uncorrected_prompt"": ""Cangkir ditangkebake ing dhuwur meja. Nalika aku nyiram banyu ing sadhuwure cangkir, apa sing kedadeyan karo banyu kasebut?"", ""editdist_prompt"": 0, ""uncorrected_solution0"": ""Toyanipun mlebet dhateng cangkir"", ""editdist_solution0"": 0, ""uncorrected_solution1"": ""Banyune ora ndem\u00e8k cangkir"", ""editdist_solution1"": 0, ""uncorrected_solution2"": ""Banyune muncrat saka cangkir"", ""editdist_solution2"": 0, ""uncorrected_solution3"": ""Banyune mecahake cangkir"", ""editdist_solution3"": 0}"
Ana bocah mbalang bal kertas menyang jendhela kaca. Apa sing kedadeyan karo bal kasebut?,Bal kasebut mecahake jendhela,Bal-balané pecah dadi remuk,Balé nèmplèk ing jendhéla,Balé mantul saka jendhéla,3,jav_latn,A child throws a paper ball at a glass window. What happens to the ball?,The ball breaks the window,The ball breaks into pieces,The ball sticks to the window,The ball bounces off the window,object_properties_interactions,parallel_ex000002_jav_latn,"{""example_inspiration"": ""ewok"", ""uncorrected_prompt"": ""Ana bocah mbalang bal kertas menyang jendhela kaca. Apa sing kedadeyan karo bal kasebut?"", ""editdist_prompt"": 0, ""uncorrected_solution0"": ""Bal kasebut mecahake jendhela"", ""editdist_solution0"": 0, ""uncorrected_solution1"": ""Bal-balan\u00e9 pecah dadi remuk"", ""editdist_solution1"": 0, ""uncorrected_solution2"": ""Bal\u00e9 n\u00e8mpl\u00e8k ing jendh\u00e9la"", ""editdist_solution2"": 0, ""uncorrected_solution3"": ""Bal\u00e9 mantul saka jendh\u00e9la."", ""editdist_solution3"": 1}"
Bocah mbalang bal wesi menyang jendhela kaca. Apa sing kedadeyan marang bal kasebut?,Bal kasebut mecahake jendhela,Balé nèmplèk ing jendhéla,Bal-balané pecah dadi remuk,Balé mantul saka jendhéla,0,jav_latn,A child throws a metal ball at a glass window. What happens to the ball?,The ball breaks the window,The ball sticks to the window,The ball breaks into pieces,The ball bounces off the window,object_properties_interactions,parallel_ex000003_jav_latn,"{""example_inspiration"": ""ewok"", ""uncorrected_prompt"": ""Bocah mbalang bal wesi menyang jendhela kaca. Apa sing kedadeyan marang bal kasebut?"", ""editdist_prompt"": 0, ""uncorrected_solution0"": ""Bal kasebut mecahake jendhela"", ""editdist_solution0"": 0, ""uncorrected_solution1"": ""Bal\u00e9 n\u00e8mpl\u00e8k ing jendh\u00e9la"", ""editdist_solution1"": 0, ""uncorrected_solution2"": ""Bal-balan\u00e9 pecah dadi remuk"", ""editdist_solution2"": 0, ""uncorrected_solution3"": ""Bal\u00e9 mantul saka jendh\u00e9la."", ""editdist_solution3"": 1}"
"Ana bohlam ing ngarepmu. Ing antarané kowé lan bohlam kuwi, ana saklembar kaca. Yèn bohlamé mbok urubaké, apa sing kedadéan?",Kacane ngalangi kabeh cahya saka bolame,Kacane mantulake cahya bali menyang mripatmu,Bolamé ora ngetokaké cahya blas,Sampeyan ndeleng cahya saka bohlam liwat kaca,3,jav_latn,"There is a lightbulb in front of you. Between you and the lightbulb, there is a sheet of glass. When you turn the lightbulb on, what happens?",The glass blocks all the light from the lightbulb,The glass reflects the light back into your eyes,The lightbulb does not emit any light,You see the light from the lightbulb through the glass,object_properties_interactions,parallel_ex000004_jav_latn,"{""example_inspiration"": ""ewok"", ""uncorrected_prompt"": ""Ana bohlam ing ngarepmu. Ing antaran\u00e9 kow\u00e9 lan bohlam kuwi, ana saklembar kaca. Y\u00e8n bohlam\u00e9 mbok urubak\u00e9, apa sing kedad\u00e9an?"", ""editdist_prompt"": 0, ""uncorrected_solution0"": ""Kacane ngalangi kabeh cahya saka bolame"", ""editdist_solution0"": 0, ""uncorrected_solution1"": ""Kacane mantulake cahya bali menyang mripatmu"", ""editdist_solution1"": 0, ""uncorrected_solution2"": ""Bolam\u00e9 ora ngetokak\u00e9 cahya blas"", ""editdist_solution2"": 0, ""uncorrected_solution3"": ""Sampeyan ndeleng cahya saka bohlam liwat kaca"", ""editdist_solution3"": 0}"
"Sampeyan nyekel sak lembar kain katun pesagi ing tangan loro, kahanane kenceng lan sejajar karo lemah. Nalika tangan sampeyan loro direketake, apa sing kedadeyan karo kain kasebut?",Pusate kain nyedhak lemah,Tengah-tengahé kain sansaya adoh saka lemah,Kainé soyo adoh soko tanganmu,Pinggiran kainé dadi saya adoh saka lemah,0,jav_latn,"You hold a square of cotton fabric in your hands so that it is taut and parallel with the ground. When you move your hands closer to each other, what happens to the fabric?",The center of the fabric gets closer to the ground,The center of the fabric gets further from the ground,The fabric gets further away from your hands,The edges of the fabric get further from the ground,object_properties_interactions,parallel_ex000005_jav_latn,"{""example_inspiration"": ""ewok"", ""uncorrected_prompt"": ""Sampeyan nyekel sak lembar kain katun pesagi ing tangan loro, kahanane kenceng lan sejajar karo lemah. Nalika tangan sampeyan loro direketake, apa sing kedadeyan karo kain kasebut?"", ""editdist_prompt"": 0, ""uncorrected_solution0"": ""Pusate kain nyedhak lemah"", ""editdist_solution0"": 0, ""uncorrected_solution1"": ""Tengah-tengah\u00e9 kain sansaya adoh saka lemah"", ""editdist_solution1"": 0, ""uncorrected_solution2"": ""Kain\u00e9 soyo adoh soko tanganmu"", ""editdist_solution2"": 0, ""uncorrected_solution3"": ""Pinggiran kain\u00e9 dadi saya adoh saka lemah"", ""editdist_solution3"": 0}"
"Menawi setunggaling yasan dipunrawat saben wolung wulan lan perawatan pungkasan kalampahan ing wulan Januari, ing wulan menapa perawatan salajengipun badhé katindakaken?",Oktober,Januari,Agustus,Sèptèmber,3,jav_latn,"If a building undergoes maintenance every eight months and the last maintenance was in January, which month will the next maintenance be?",October,January,August,September,"time,counting",parallel_ex000008_jav_latn,"{""example_inspiration"": ""tram"", ""uncorrected_prompt"": ""Menawi setunggaling yasan dipunrawat saben wolung wulan lan perawatan pungkasan kalampahan ing wulan Januari, ing wulan menapa perawatan salajengipun badh\u00e9 katindakaken?"", ""editdist_prompt"": 0, ""uncorrected_solution0"": ""Oktober"", ""editdist_solution0"": 0, ""uncorrected_solution1"": ""Januari"", ""editdist_solution1"": 0, ""uncorrected_solution2"": ""Agustus"", ""editdist_solution2"": 0, ""uncorrected_solution3"": ""S\u00e8pt\u00e8mber"", ""editdist_solution3"": 0}"
Dina iki dina Rebo. Kowe arep ketemu kancamu telung dina maneh. Dina apa kowe arep ketemu kancamu?,Rebo,Jemuwah,Setu,Minggu,2,jav_latn,Today is Wednesday. You want to meet your friend in three days. Which day do you want to meet your friend?,Wednesday,Friday,Saturday,Sunday,"time,counting",parallel_ex000009_jav_latn,"{""example_inspiration"": ""tram"", ""uncorrected_prompt"": ""Dina iki dina Rebo. Kowe arep ketemu kancamu telung dina maneh. Dina apa kowe arep ketemu kancamu?"", ""editdist_prompt"": 0, ""uncorrected_solution0"": ""Rebo"", ""editdist_solution0"": 0, ""uncorrected_solution1"": ""Jemuwah"", ""editdist_solution1"": 0, ""uncorrected_solution2"": ""Setu"", ""editdist_solution2"": 0, ""uncorrected_solution3"": ""Minggu"", ""editdist_solution3"": 0}"
"Sawijining jinis tonggèrèt muncul saben 22 taun. Yen pungkasan muncul ing taun 1914, kapan bakal muncul manèh?",1936,1930,1934,1940,0,jav_latn,"A species of cicada emerges every 22 years. If they last emerged in 1914, when will they next emerge?",1936,1930,1934,1940,"time,counting",parallel_ex000010_jav_latn,"{""example_inspiration"": ""tram"", ""uncorrected_prompt"": ""Sawijining jinis tongg\u00e8r\u00e8t muncul saben 22 taun. Yen pungkasan muncul ing taun 1914, kapan bakal muncul man\u00e8h?"", ""editdist_prompt"": 0, ""uncorrected_solution0"": ""sewu sangangatus telung puluh enem"", ""editdist_solution0"": 34, ""uncorrected_solution1"": ""Sewu sangangatus telung puluh"", ""editdist_solution1"": 29, ""uncorrected_solution2"": ""sewu sangangatus telung puluh papat"", ""editdist_solution2"": 35, ""uncorrected_solution3"": ""sewu sangangatus patang puluh"", ""editdist_solution3"": 29}"
Saiki taun 2026. George umuré 43 taun. Kira-kira George lair taun pira?,1981,1984,1985,1983,3,jav_latn,The year is 2026. George is 43 years old. What year is George most likely born?,1981,1984,1985,1983,"time,counting",parallel_ex000011_jav_latn,"{""example_inspiration"": ""tram"", ""uncorrected_prompt"": ""Saiki taun 2026. George umur\u00e9 43 taun. Kira-kira George lair taun pira?"", ""editdist_prompt"": 0, ""uncorrected_solution0"": ""sewu sangang atus wolung puluh siji"", ""editdist_solution0"": 35, ""uncorrected_solution1"": ""sewu sangangatus wolung puluh papat"", ""editdist_solution1"": 35, ""uncorrected_solution2"": ""S\u00e8wu sangangatus wolung puluh lima"", ""editdist_solution2"": 34, ""uncorrected_solution3"": ""Sewu sangangatus wolung puluh telu"", ""editdist_solution3"": 34}"
Bocah lanang iku kudu ngrampungake pagawean omah sakdurunge mangkat sekolah. Kapan dheweke luwih mungkin nggarap pagawean omah kasebut?,Jam 10 ésuk,Jam sanga langkung telung puluh enjing,Setengah pitu ésuk,Setengah pitu bengi,2,jav_latn,The boy needs to complete a household chore before heading to school. When is he more likely to do the household chore?,10 AM,9:30 AM,6:30 AM,6:30 PM,time,parallel_ex000013_jav_latn,"{""example_inspiration"": ""tram"", ""uncorrected_prompt"": ""Bocah lanang iku kudu ngrampungake pagawean omah sakdurunge mangkat sekolah. Kapan dheweke luwih mungkin nggarap pagawean omah kasebut?"", ""editdist_prompt"": 0, ""uncorrected_solution0"": ""Jam 10 \u00e9suk"", ""editdist_solution0"": 0, ""uncorrected_solution1"": ""Jam sanga langkung telung puluh enjing"", ""editdist_solution1"": 0, ""uncorrected_solution2"": ""Setengah pitu \u00e9suk"", ""editdist_solution2"": 0, ""uncorrected_solution3"": ""Setengah pitu bengi"", ""editdist_solution3"": 0}"
Wanciné wis soré. Ana wong mlaku nganti srengéngé pas ana ing mripaté. Wongé banjur ménggok ngiwa. Kira-kira wong iku mlaku menyang arah ngendi?,Wétan,Lor,Kulon,Kidul,3,jav_latn,It is late in the afternoon. A person is walking so that the sun is in their eyes. They turn left. What general direction are they walking in?,East,North,West,South,spatial,parallel_ex000014_jav_latn,"{""example_inspiration"": ""prost"", ""uncorrected_prompt"": ""Wancin\u00e9 wis sor\u00e9. Ana wong mlaku nganti sreng\u00e9ng\u00e9 pas ana ing mripat\u00e9. Wong\u00e9 banjur m\u00e9nggok ngiwa. Kira-kira wong iku mlaku menyang arah ngendi?"", ""editdist_prompt"": 0, ""uncorrected_solution0"": ""W\u00e9tan"", ""editdist_solution0"": 0, ""uncorrected_solution1"": ""Lor"", ""editdist_solution1"": 0, ""uncorrected_solution2"": ""Kulon"", ""editdist_solution2"": 0, ""uncorrected_solution3"": ""Kidul"", ""editdist_solution3"": 0}"
Sawijining uwong mlaku madhep srengéngé. Srengéngéné mapan ing posisi asor. Piyambakipun ménggok ngiwa lan saiki mlaku ngalor. Kira-kira wektu kuwi wayahé apa?,Sore,Tengah dinten,Ésuk umun-umun,Tengah énjang,2,jav_latn,A person is walking so that they are facing the sun. The sun is low in the sky. They turn left and now they are walking north. What general time of day is it?,Late Afternoon,Mid day,Early Morning,Late morning,spatial,parallel_ex000015_jav_latn,"{""example_inspiration"": ""prost"", ""uncorrected_prompt"": ""Sawijining uwong mlaku madhep sreng\u00e9ng\u00e9. Sreng\u00e9ng\u00e9n\u00e9 mapan ing posisi asor. Piyambakipun m\u00e9nggok ngiwa lan saiki mlaku ngalor. Kira-kira wektu kuwi wayah\u00e9 apa?"", ""editdist_prompt"": 0, ""uncorrected_solution0"": ""Sore"", ""editdist_solution0"": 0, ""uncorrected_solution1"": ""Tengah dinten"", ""editdist_solution1"": 0, ""uncorrected_solution2"": ""\u00c9suk umun-umun"", ""editdist_solution2"": 0, ""uncorrected_solution3"": ""Tengah \u00e9njang"", ""editdist_solution3"": 0}"
"Ana lawang sing mbukaké mung saarah. Nalika kowé mlebu ruangan ngliwati lawang kuwi, kowé nyurung lawangé bèn mbukak. Kanggo metu saka ruangan, kepriyé carané kowé mbukak lawangé?",Sampeyan mbukak kuwi,Sampeyan tarik iku,Sampeyan ndhorong iku,Sampeyan ngrusakake,1,jav_latn,"There is a door which only opens in one direction. When you go through the door to enter the room, you push it to open. To exit the room, how do you open the door?",You unlock it,You pull it,You push it,You break it,spatial,parallel_ex000016_jav_latn,"{""example_inspiration"": ""prost"", ""uncorrected_prompt"": ""Ana lawang sing mbukak\u00e9 mung saarah. Nalika kow\u00e9 mlebu ruangan ngliwati lawang kuwi, kow\u00e9 nyurung lawang\u00e9 b\u00e8n mbukak. Kanggo metu saka ruangan, kepriy\u00e9 caran\u00e9 kow\u00e9 mbukak lawang\u00e9?"", ""editdist_prompt"": 0, ""uncorrected_solution0"": ""Sampeyan mbukak kuwi"", ""editdist_solution0"": 0, ""uncorrected_solution1"": ""Sampeyan tarik iku"", ""editdist_solution1"": 0, ""uncorrected_solution2"": ""Sampeyan ndhorong iku"", ""editdist_solution2"": 0, ""uncorrected_solution3"": ""Sampeyan ngrusakake"", ""editdist_solution3"": 0}"
"Kowe perlu nulis, lan kowe duwe kertas nanging ora duwe piranti kanggo nulis. Saka pilihan-pilihan iki, endi sing paling apik dienggo nulis?",Kapur putih,Kayu,Kertas,Areng,3,jav_latn,"You need to write something down, and you have paper but no writing utensil. Which of these would be best to use to write?",White chalk,A stick,Paper,Charcoal,"object_properties_interactions,affordances",parallel_ex000017_jav_latn,"{""example_inspiration"": ""new"", ""uncorrected_prompt"": ""Kowe perlu nulis, lan kowe duwe kertas nanging ora duwe piranti kanggo nulis. Saka pilihan-pilihan iki, endi sing paling apik dienggo nulis?"", ""editdist_prompt"": 0, ""uncorrected_solution0"": ""Kapur putih"", ""editdist_solution0"": 0, ""uncorrected_solution1"": ""Kayu"", ""editdist_solution1"": 0, ""uncorrected_solution2"": ""Kertas"", ""editdist_solution2"": 0, ""uncorrected_solution3"": ""Areng"", ""editdist_solution3"": 0}"
Acara endi sing umume luwih suwe?,Mlayu 5km,Ndelok film,Nggawe sarapan,Nyapu lanté,1,jav_latn,Which event generally takes longer?,Running 5km,Watching a movie,Making breakfast,Sweeping the floor,time,parallel_ex000018_jav_latn,"{""example_inspiration"": ""tram"", ""uncorrected_prompt"": ""Acara endi sing umume luwih suwe?"", ""editdist_prompt"": 0, ""uncorrected_solution0"": ""Mlayu 5km"", ""editdist_solution0"": 0, ""uncorrected_solution1"": ""Ndelok film"", ""editdist_solution1"": 0, ""uncorrected_solution2"": ""Nggawe sarapan"", ""editdist_solution2"": 0, ""uncorrected_solution3"": ""Nyapu lant\u00e9"", ""editdist_solution3"": 0}"
"Bak aduse kebak banyu, nanging salurane mampet. Sampeyan kudu mindhah banyu saka bak adus menyang wastafel supaya bisa asat. Saka pilihan ing ngisor iki, endi piranti sing paling apik?",Panci masak,Suru irup,Andhuk,Piring,0,jav_latn,"The bathtub is full of water, but the drain is clogged. You need to move water from the bathtub to the sink to drain it. Which of the following is the best tool?",A cooking pot,A soup spoon,A towel,A plate,"object_properties_interactions,affordances",parallel_ex000020_jav_latn,"{""example_inspiration"": ""new"", ""uncorrected_prompt"": ""Bak aduse kebak banyu, nanging salurane mampet. Sampeyan kudu mindhah banyu saka bak adus menyang wastafel supaya bisa asat. Saka pilihan ing ngisor iki, endi piranti sing paling apik?"", ""editdist_prompt"": 0, ""uncorrected_solution0"": ""Panci masak"", ""editdist_solution0"": 0, ""uncorrected_solution1"": ""Suru irup"", ""editdist_solution1"": 0, ""uncorrected_solution2"": ""Andhuk"", ""editdist_solution2"": 0, ""uncorrected_solution3"": ""Piring"", ""editdist_solution3"": 0}"
"Kanggo kothak kanthi ukuran sing wis ditemtokake, barang endi ing ngisor iki sing bisa dilebokake paling akeh?",Kubis,Jeruk nipis,Apel,Anggur,3,jav_latn,"For a box of a given size, which of the following objects can be packed in the largest number?",Cabbages,Lemons,Apples,Grapes,object_properties_interactions,parallel_ex000021_jav_latn,"{""example_inspiration"": ""prost"", ""uncorrected_prompt"": ""Kanggo kothak kanthi ukuran sing wis ditemtokake, barang endi ing ngisor iki sing bisa dilebokake paling akeh?"", ""editdist_prompt"": 0, ""uncorrected_solution0"": ""Kubis"", ""editdist_solution0"": 0, ""uncorrected_solution1"": ""Jeruk nipis"", ""editdist_solution1"": 0, ""uncorrected_solution2"": ""Apel"", ""editdist_solution2"": 0, ""uncorrected_solution3"": ""Anggur"", ""editdist_solution3"": 0}"
Sampeyan lagi ngisèni toples kaca nganggo barang-barang. Sampeyan pengin isi toples kuwi mung nduwèni sithik banget papan sing kothong. Apa sing kuduné sampeyan isèkaké menyang toples kuwi?,Sega,Tomat,Kacang-kacangan,Nekeran,0,jav_latn,You are filling a glass jar with objects. You want the jar to have as little empty space as possible. What should you fill the jar with?,Rice,Tomatoes,Beans,Marbles,object_properties_interactions,parallel_ex000022_jav_latn,"{""example_inspiration"": ""prost"", ""uncorrected_prompt"": ""Sampeyan lagi ngis\u00e8ni toples kaca nganggo barang-barang. Sampeyan pengin isi toples kuwi mung nduw\u00e8ni sithik banget papan sing kothong. Apa sing kudun\u00e9 sampeyan is\u00e8kak\u00e9 menyang toples kuwi?"", ""editdist_prompt"": 0, ""uncorrected_solution0"": ""Sega"", ""editdist_solution0"": 0, ""uncorrected_solution1"": ""Tomat"", ""editdist_solution1"": 0, ""uncorrected_solution2"": ""Kacang-kacangan"", ""editdist_solution2"": 0, ""uncorrected_solution3"": ""Nekeran"", ""editdist_solution3"": 0}"
"Menawa sampeyan nibakake salah siji barang iki saka jendhela gedhong sing dhuwur, endi sing paling mungkin bakal penyok?",Kalèng alumunium,Sepatu,Mangkok keramik,Wadhah kayu,0,jav_latn,"If you drop one of these items from the window of a tall building, which is most likely to be dented?",An aluminum can,A shoe,A ceramic bowl,A wooden box,object_properties_interactions,parallel_ex000023_jav_latn,"{""example_inspiration"": ""prost"", ""uncorrected_prompt"": ""Menawa sampeyan nibakake salah siji barang iki saka jendhela gedhong sing dhuwur, endi sing paling mungkin bakal penyok?"", ""editdist_prompt"": 0, ""uncorrected_solution0"": ""Kal\u00e8ng alumunium"", ""editdist_solution0"": 0, ""uncorrected_solution1"": ""Sepatu"", ""editdist_solution1"": 0, ""uncorrected_solution2"": ""Mangkok keramik"", ""editdist_solution2"": 0, ""uncorrected_solution3"": ""Wadhah kayu"", ""editdist_solution3"": 0}"
"Menawa barang-barang iki digilas nganggo mobil, endi sing paling mungkin remuk?",Dhuwit rècèh,Kalèng alumunium,Bal karèt,Watu cilik,1,jav_latn,"If you drive over these items with a car, which is most likely to be crushed?",A coin,An aluminum can,A rubber ball,A small stone,object_properties_interactions,parallel_ex000024_jav_latn,"{""example_inspiration"": ""prost"", ""uncorrected_prompt"": ""Menawa barang-barang iki digilas nganggo mobil, endi sing paling mungkin remuk?"", ""editdist_prompt"": 0, ""uncorrected_solution0"": ""Dhuwit r\u00e8c\u00e8h"", ""editdist_solution0"": 0, ""uncorrected_solution1"": ""Kal\u00e8ng alumunium"", ""editdist_solution1"": 0, ""uncorrected_solution2"": ""Bal kar\u00e8t"", ""editdist_solution2"": 0, ""uncorrected_solution3"": ""Watu cilik"", ""editdist_solution3"": 0}"
"Menawa sampeyan nibakake salah siji barang iki saka jendhela gedhong sing dhuwur, endi sing paling mungkin ora bakal rusak?",Cangkir,Wadhah kayu,Tugelane tali,Panganan kalèng,2,jav_latn,"If you drop one of these items from the window of a tall building, which is most likely to be unaffected?",A drinking cup,A wooden box,A piece of rope,A can of food,object_properties_interactions,parallel_ex000025_jav_latn,"{""example_inspiration"": ""prost"", ""uncorrected_prompt"": ""Menawa sampeyan nibakake salah siji barang iki saka jendhela gedhong sing dhuwur, endi sing paling mungkin ora bakal rusak?"", ""editdist_prompt"": 0, ""uncorrected_solution0"": ""Cangkir"", ""editdist_solution0"": 0, ""uncorrected_solution1"": ""Wadhah kayu"", ""editdist_solution1"": 0, ""uncorrected_solution2"": ""Tugelane tali"", ""editdist_solution2"": 0, ""uncorrected_solution3"": ""Panganan kal\u00e8ng"", ""editdist_solution3"": 0}"
Sampeyan ndhelikake buku sing sampeyan tuku kanggo hadiah adhiné nganti diwenehake. Ing endi papan sing paling apik kanggo ndhelikake buku kasebut?,Ing sangisore meja,Ing sangisore klambi lempitanmu,Ing njero sepatune sedulurmu,Ing kursi méjamu,1,jav_latn,You are hiding a book you bought as a present for your sibling until you give it to them. What is the best place for you to hide it?,Under the table,Under your folded clothes,Inside your sibling's shoes,On your desk chair,"object_properties_interactions,affordances",parallel_ex000026_jav_latn,"{""example_inspiration"": ""glenberg_robertson"", ""uncorrected_prompt"": ""Sampeyan ndhelikake buku sing sampeyan tuku kanggo hadiah adhin\u00e9 nganti diwenehake. Ing endi papan sing paling apik kanggo ndhelikake buku kasebut?"", ""editdist_prompt"": 0, ""uncorrected_solution0"": ""Ing sangisore meja"", ""editdist_solution0"": 0, ""uncorrected_solution1"": ""Ing sangisore klambi lempitanmu"", ""editdist_solution1"": 0, ""uncorrected_solution2"": ""Ing njero sepatune sedulurmu"", ""editdist_solution2"": 0, ""uncorrected_solution3"": ""Ing kursi m\u00e9jamu"", ""editdist_solution3"": 0}"
Sampeyan ndhelikake sepasang sepatu sing sampeyan tumbas minangka hadiah kanggo sedulur sampeyan nganti diwenehake. Ing endi papan sing paling apik kanggo ndhelikake?,Neng laci pawon,Ing njero sepatumu,Ing sangisore bantal kursi,Ing jero koper kosong,3,jav_latn,You are hiding a pair of shoes you bought as a present for your sibling until you give it to them. What is the best place for you to hide it?,In a kitchen drawer,Inside your boots,Under a couch cushion,Inside an empty suitcase,"object_properties_interactions,affordances",parallel_ex000027_jav_latn,"{""example_inspiration"": ""glenberg_robertson"", ""uncorrected_prompt"": ""Sampeyan ndhelikake sepasang sepatu sing sampeyan tumbas minangka hadiah kanggo sedulur sampeyan nganti diwenehake. Ing endi papan sing paling apik kanggo ndhelikake?"", ""editdist_prompt"": 0, ""uncorrected_solution0"": ""Neng laci pawon"", ""editdist_solution0"": 0, ""uncorrected_solution1"": ""Ing njero sepatumu"", ""editdist_solution1"": 0, ""uncorrected_solution2"": ""Ing sangisore bantal kursi"", ""editdist_solution2"": 0, ""uncorrected_solution3"": ""Ing jero koper kosong"", ""editdist_solution3"": 0}"
Kacamata panjenengan teles amarga udan lan kudu digaringaké. Apa sing paling apik kanggo nggaringaké?,Sebagéan klambimu,Kantong kertas,Drijimu,Sepatumu,0,jav_latn,"You need to dry off your glasses, which got wet in the rain. Which is best for drying them off?",Part of your shirt,A paper bag,Your fingers,Your shoe,"object_properties_interactions,affordances",parallel_ex000028_jav_latn,"{""example_inspiration"": ""glenberg_robertson"", ""uncorrected_prompt"": ""Kacamata panjenengan teles amarga udan lan kudu digaringak\u00e9. Apa sing paling apik kanggo nggaringak\u00e9?"", ""editdist_prompt"": 0, ""uncorrected_solution0"": ""Sebag\u00e9an klambimu"", ""editdist_solution0"": 0, ""uncorrected_solution1"": ""Kantong kertas"", ""editdist_solution1"": 0, ""uncorrected_solution2"": ""Drijimu"", ""editdist_solution2"": 0, ""uncorrected_solution3"": ""Sepatumu"", ""editdist_solution3"": 0}"
Kowe takon kancamu apa isine sak clanané. Endi ing antarané pilihan iki sing paling mungkin?,Sepuluh topi,Sèket dompèt,Sadasa kunci,Kacamata sepuluh pasang,2,jav_latn,You ask your friend what is in their pants pocket. Which of these is it most likely to be?,Ten hats,Ten wallets,Ten keys,Ten pairs of glasses,object_properties_interactions,parallel_ex000029_jav_latn,"{""example_inspiration"": ""new"", ""uncorrected_prompt"": ""Kowe takon kancamu apa isine sak clanan\u00e9. Endi ing antaran\u00e9 pilihan iki sing paling mungkin?"", ""editdist_prompt"": 0, ""uncorrected_solution0"": ""Sepuluh topi"", ""editdist_solution0"": 0, ""uncorrected_solution1"": ""S\u00e8ket domp\u00e8t"", ""editdist_solution1"": 0, ""uncorrected_solution2"": ""Sadasa kunci"", ""editdist_solution2"": 0, ""uncorrected_solution3"": ""Kacamata sepuluh pasang"", ""editdist_solution3"": 0}"
Ana ember loro sing padha persis. Siji diiseni beras lan sijine diiseni bayem. Ember endi sing luwih abot?,Boboté émbèr-émbèr kuwi padha,Ember kebek beras,Ember kebek bayem,Gumantung matenge bayem,1,jav_latn,There are two identical buckets. One bucket is filled with rice and the other is filled with spinach. Which bucket is heavier?,The buckets weigh the same,The bucket filled with rice,The bucket filled with spinach,It depends on how ripe the spinach is,object_properties_interactions,parallel_ex000030_jav_latn,"{""example_inspiration"": ""new"", ""uncorrected_prompt"": ""Ana ember loro sing padha persis. Siji diiseni beras lan sijine diiseni bayem. Ember endi sing luwih abot?"", ""editdist_prompt"": 0, ""uncorrected_solution0"": ""Bobot\u00e9 \u00e9mb\u00e8r-\u00e9mb\u00e8r kuwi padha"", ""editdist_solution0"": 0, ""uncorrected_solution1"": ""Ember kebek beras"", ""editdist_solution1"": 0, ""uncorrected_solution2"": ""Ember kebek bayem"", ""editdist_solution2"": 0, ""uncorrected_solution3"": ""Gumantung matenge bayem"", ""editdist_solution3"": 0}"
"Ana gelas loro sing padha persis. Gelas siji diisi wedi, sijiné diisi banyu. Gelas endi sing luwih abot?",Gumantung wernané banyu,Cangkir sing kebak wedhi,Cangkir sing diisi banyu,Abote cangkire padha,1,jav_latn,There are two identical cups. One cup is filled with sand and the other is filled with water. Which cup is heavier?,It depends on the color of the water,The cup filled with sand,The cup filled with water,The cups weigh the same,object_properties_interactions,parallel_ex000031_jav_latn,"{""example_inspiration"": ""new"", ""uncorrected_prompt"": ""Ana gelas loro sing padha persis. Gelas siji diisi wedi, sijin\u00e9 diisi banyu. Gelas endi sing luwih abot?"", ""editdist_prompt"": 0, ""uncorrected_solution0"": ""Gumantung wernan\u00e9 banyu"", ""editdist_solution0"": 0, ""uncorrected_solution1"": ""Cangkir sing kebak wedhi"", ""editdist_solution1"": 0, ""uncorrected_solution2"": ""Gelas sing diisi banyu"", ""editdist_solution2"": 7, ""uncorrected_solution3"": ""Abote cangkire padha"", ""editdist_solution3"": 0}"
Tasmu kebak buku. Tasé kancamu kebak kalèng kosong. Kowe ijolan tas. Sapa sing nggawa tas paling abot?,Tas ranselmu boboté padha,Asu sampeyan,Kancamu,Sampeyan,2,jav_latn,Your backpack is full of books. Your friend's backpack is full of empty metal cans. You switch backpacks. Who is carrying the heaviest backpack?,Your backpacks weigh the same,Your dog,Your friend,You,object_properties_interactions,parallel_ex000032_jav_latn,"{""example_inspiration"": ""new"", ""uncorrected_prompt"": ""Tasmu kebak buku. Tas\u00e9 kancamu kebak kal\u00e8ng kosong. Kowe ijolan tas. Sapa sing nggawa tas paling abot?"", ""editdist_prompt"": 0, ""uncorrected_solution0"": ""Tas ranselmu bobot\u00e9 padha"", ""editdist_solution0"": 0, ""uncorrected_solution1"": ""Asu sampeyan"", ""editdist_solution1"": 0, ""uncorrected_solution2"": ""Kancamu"", ""editdist_solution2"": 0, ""uncorrected_solution3"": ""Sampeyan"", ""editdist_solution3"": 0}"
"Nalika tangi turu, rambutmu morat-marit banget, mula kowe nggunakake jungkat kanggo nata rambut. Menyang arah endi kowe kudu njungkati?",Undelna jungkate aja obah,Munggah,Kiwa tengen,Mangisor,3,jav_latn,"When you wake up, your hair is very messy, so you use a comb to straighten it. What direction should you comb?",Keep the comb still,Upwards,Side to side,Downwards,"object_properties_interactions,affordances",parallel_ex000033_jav_latn,"{""example_inspiration"": ""globalpiqa_nonparallel"", ""uncorrected_prompt"": ""Nalika tangi turu, rambutmu morat-marit banget, mula kowe nggunakake jungkat kanggo nata rambut. Menyang arah endi kowe kudu njungkati?"", ""editdist_prompt"": 0, ""uncorrected_solution0"": ""Undelna jungkate aja obah"", ""editdist_solution0"": 0, ""uncorrected_solution1"": ""Munggah"", ""editdist_solution1"": 0, ""uncorrected_solution2"": ""Kiwa tengen"", ""editdist_solution2"": 0, ""uncorrected_solution3"": ""Mangisor"", ""editdist_solution3"": 0}"
"Menawi tangan tengen sampeyan dienggo nggayuh ngliwati awak, sisih awak sing pundi sing bakal kesenggol?",Sisih kiwamu,Endhasmu,Sisih tengenmu,Geger sampeyan,0,jav_latn,"If you reach your right hand across your body, which side of your body will you be touching?",Your left side,Your head,Your right side,Your back,spatial,parallel_ex000034_jav_latn,"{""example_inspiration"": ""globalpiqa_nonparallel"", ""uncorrected_prompt"": ""Menawi tangan tengen sampeyan dienggo nggayuh ngliwati awak, sisih awak sing pundi sing bakal kesenggol?"", ""editdist_prompt"": 0, ""uncorrected_solution0"": ""Sisih kiwamu"", ""editdist_solution0"": 0, ""uncorrected_solution1"": ""Endhasmu"", ""editdist_solution1"": 0, ""uncorrected_solution2"": ""Sisih tengenmu"", ""editdist_solution2"": 0, ""uncorrected_solution3"": ""Geger sampeyan"", ""editdist_solution3"": 0}"
"Nalika bal didelehake ing gumuk, bal kasebut bakal ngglundhung. Yen roti didelehake ing gumuk sing padha, apa sing bakal ditindakake dening roti kasebut?",Bakal remuk,Bakal suwek,Bakal ngglundhung,Bakal meneng wae,3,jav_latn,"When a ball is placed on a hill, it rolls. When you place a loaf of bread on the same hill, what will the bread do?",It will be crushed,It will tear,It will roll,It will stay still,object_properties_interactions,parallel_ex000035_jav_latn,"{""example_inspiration"": ""globalpiqa_nonparallel"", ""uncorrected_prompt"": ""Nalika bal didelehake ing gumuk, bal kasebut bakal ngglundhung. Yen roti didelehake ing gumuk sing padha, apa sing bakal ditindakake dening roti kasebut?"", ""editdist_prompt"": 0, ""uncorrected_solution0"": ""Bakal remuk"", ""editdist_solution0"": 0, ""uncorrected_solution1"": ""Bakal suwek"", ""editdist_solution1"": 0, ""uncorrected_solution2"": ""Bakal ngglundhung"", ""editdist_solution2"": 0, ""uncorrected_solution3"": ""Bakal meneng wae"", ""editdist_solution3"": 0}"
"Menawi sampeyan ngisi gelas ngangge banyu ngantos sak muncunge, lajeng alon-alon dipuntambahi banyu setetes malih, menapa ingkang badhe kedadosan?",Mengko wutah,Bakal rusak,Bakal obah,Ora bakal wutah,3,jav_latn,"If you fill a glass cup with water all the way to the top, then gently add one more drop of water, what will it do?",It will spill,It will break,It will shake,It will not spill,object_properties_interactions,parallel_ex000036_jav_latn,"{""example_inspiration"": ""globalpiqa_nonparallel"", ""uncorrected_prompt"": ""Menawi sampeyan ngisi gelas ngangge banyu ngantos sak muncunge, lajeng alon-alon dipuntambahi banyu setetes malih, menapa ingkang badhe kedadosan?"", ""editdist_prompt"": 0, ""uncorrected_solution0"": ""Mengko wutah"", ""editdist_solution0"": 0, ""uncorrected_solution1"": ""Bakal rusak"", ""editdist_solution1"": 0, ""uncorrected_solution2"": ""Bakal obah"", ""editdist_solution2"": 0, ""uncorrected_solution3"": ""Ora bakal wutah"", ""editdist_solution3"": 0}"
"Supados kraos langkung adhem nalika wonten ing surya ingkang panas, sandhangan werni menapa ingkang kedah kula agem?",Ijo,Pethak,Ireng,Biru,1,jav_latn,"To feel cooler in the hot sun, what color clothes should I wear?",Green,White,Black,Blue,object_properties_interactions,parallel_ex000037_jav_latn,"{""example_inspiration"": ""globalpiqa_nonparallel"", ""uncorrected_prompt"": ""Supados kraos langkung adhem nalika wonten ing surya ingkang panas, sandhangan werni menapa ingkang kedah kula agem?"", ""editdist_prompt"": 0, ""uncorrected_solution0"": ""Ijo"", ""editdist_solution0"": 0, ""uncorrected_solution1"": ""Pethak"", ""editdist_solution1"": 0, ""uncorrected_solution2"": ""Ireng"", ""editdist_solution2"": 0, ""uncorrected_solution3"": ""Biru"", ""editdist_solution3"": 0}"
"Sampeyan nglebokake sendok ing cangkir isi banyu panas, lan sendoke dadi panas. Sendok jinis apa sing paling cepet dadi panas?",Kayu,Silikon,Plastik,Wesi,3,jav_latn,"You put a spoon in a cup of hot water, and the spoon gets hot. What type of spoon would heat up the fastest?",Wood,Silicone,Plastic,Metal,object_properties_interactions,parallel_ex000038_jav_latn,"{""example_inspiration"": ""globalpiqa_nonparallel"", ""uncorrected_prompt"": ""Sampeyan nglebokake sendok ing cangkir isi banyu panas, lan sendoke dadi panas. Sendok jinis apa sing paling cepet dadi panas?"", ""editdist_prompt"": 0, ""uncorrected_solution0"": ""Kayu"", ""editdist_solution0"": 0, ""uncorrected_solution1"": ""Silikon"", ""editdist_solution1"": 0, ""uncorrected_solution2"": ""Plastik"", ""editdist_solution2"": 0, ""uncorrected_solution3"": ""Wesi"", ""editdist_solution3"": 0}"
Kepiye carane mangan panganan kanthi aman?,Diulu banjur dimamah nganti lembut,Gelek tanpa mamah,Mamah tanpa ngulu,Mamah sing lembut banjur diulu,3,jav_latn,How do you eat food safely?,Swallow then chew thoroughly,Swallow without chewing,Chew without swallowing,Chew thoroughly then swallow,object_properties_interactions,parallel_ex000039_jav_latn,"{""example_inspiration"": ""globalpiqa_nonparallel"", ""uncorrected_prompt"": ""Kepiye carane mangan panganan kanthi aman?"", ""editdist_prompt"": 0, ""uncorrected_solution0"": ""Diulu banjur dimamah nganti lembut"", ""editdist_solution0"": 0, ""uncorrected_solution1"": ""Gelek tanpa mamah"", ""editdist_solution1"": 0, ""uncorrected_solution2"": ""Mamah tanpa ngulu"", ""editdist_solution2"": 0, ""uncorrected_solution3"": ""Mamah sing lembut banjur diulu"", ""editdist_solution3"": 0}"
"Sampeyan lagi nggawe kue kering, lan sampeyan paling seneng pinggirané sing kemriyes. Sakpiye gedhéné kue kering sing kudu sampeyan gawe?",Cilik lan kuru,Cilik lan kandel,Gedhe lan kandel,Gedhe lan kuru,0,jav_latn,"You are baking cookies, and you like the crispy edges best. How big should you make your cookies?",Small and thin,Small and thick,Large and thick,Large and thin,object_properties_interactions,parallel_ex000040_jav_latn,"{""example_inspiration"": ""globalpiqa_nonparallel"", ""uncorrected_prompt"": ""Sampeyan lagi nggawe kue kering, lan sampeyan paling seneng pinggiran\u00e9 sing kemriyes. Sakpiye gedh\u00e9n\u00e9 kue kering sing kudu sampeyan gawe?"", ""editdist_prompt"": 0, ""uncorrected_solution0"": ""Cilik lan kuru"", ""editdist_solution0"": 0, ""uncorrected_solution1"": ""Cilik lan kandel"", ""editdist_solution1"": 0, ""uncorrected_solution2"": ""Gedhe lan kandel"", ""editdist_solution2"": 0, ""uncorrected_solution3"": ""Gedhe lan cilik"", ""editdist_solution3"": 5}"
Ana priya lan wanita ing lantai sing padha ing sawijining gedhong. Priya iku munggah siji lantai. Kepriyé posisi priya lan wanita kasebut saiki?,Wong wadon kuwi ana ing lantai sing luwih dhuwur tinimbang wong lanang,Wong lanang lan wong wadon iku ana ing lantai sing padha,Wong wadon kuwi ana ing lantai ngisoré wong lanang,Wong wadon kuwi ana ing gedhong sing béda karo wong lanangé,2,jav_latn,A man and a woman are on the same floor of the building. The man goes up one floor. Where are the man and woman in relation to each other?,The woman is on a higher floor than the man,The man and the woman are on the same floor,The woman is on a lower floor than the man,The woman is in a different building than the man,spatial,parallel_ex000041_jav_latn,"{""example_inspiration"": ""ewok"", ""uncorrected_prompt"": ""Ana priya lan wanita ing lantai sing padha ing sawijining gedhong. Priya iku munggah siji lantai. Kepriy\u00e9 posisi priya lan wanita kasebut saiki?"", ""editdist_prompt"": 0, ""uncorrected_solution0"": ""Wong wadon kuwi ana ing lantai sing luwih dhuwur tinimbang wong lanang."", ""editdist_solution0"": 1, ""uncorrected_solution1"": ""Wong lanang lan wong wadon iku ana ing lantai sing padha."", ""editdist_solution1"": 1, ""uncorrected_solution2"": ""Wong wadon kuwi ana ing lantai ngisor\u00e9 wong lanang."", ""editdist_solution2"": 1, ""uncorrected_solution3"": ""Wong wadon kuwi ana ing gedhong sing b\u00e9da karo wong lanang\u00e9."", ""editdist_solution3"": 1}"
"Priya lan wanita ana ing lantai sing padha ing sawijining gedung. Priya iku mudhun selantai, lan wanita iku mudhun rong lantai. Ing endi posisi priya lan wanita kasebut siji lan liyane?",Wong lanang iku ana ing lantai sing luwih ngisor tinimbang wong wadoné,Wong lanang iku ana ing lantai sing luwih dhuwur tinimbang wong wadoné,Wong lanang lan wong wadon iku ana ing lantai sing padha,Wong lanang iku ana ing gedhong sing beda karo wong wadon,1,jav_latn,"A man and a woman are on the same floor of the building. The man goes down one floor, and the woman goes down two floors. Where are the man and woman in relation to each other?",The man is on a lower floor than the woman,The man is on a higher floor than the woman,The man and the woman are on the same floor,The man is in a different building than the woman,spatial,parallel_ex000042_jav_latn,"{""example_inspiration"": ""ewok"", ""uncorrected_prompt"": ""Priya lan wanita ana ing lantai sing padha ing sawijining gedung. Priya iku mudhun selantai, lan wanita iku mudhun rong lantai. Ing endi posisi priya lan wanita kasebut siji lan liyane?"", ""editdist_prompt"": 0, ""uncorrected_solution0"": ""Wong lanang iku ana ing lantai sing luwih ngisor tinimbang wong wadon\u00e9"", ""editdist_solution0"": 0, ""uncorrected_solution1"": ""Wong lanang iku ana ing lantai sing luwih dhuwur tinimbang wong wadon\u00e9"", ""editdist_solution1"": 0, ""uncorrected_solution2"": ""Wong lanang lan wong wadon iku ana ing lantai sing padha."", ""editdist_solution2"": 1, ""uncorrected_solution3"": ""Wong lanang iku ana ing gedhong sing beda karo wong wadon."", ""editdist_solution3"": 1}"
"Wong wadon kuwi ndèlèhaké kertas ing kaca buku sing isih kabukak, banjur nutup buku kuwi. Ing endi kertase saiki?",Kertase ana ing sangisore buku,Kertase ana ing njero buku,Kertase ing sandhinge buku,Kertase ana ing ndhuwur buku,1,jav_latn,The woman placed the paper on the page of an open book and then closed the book. Where is the paper?,The paper is underneath the book,The paper is inside the book,The paper is next to the book,The paper is on top of the book,"object_properties_interactions,spatial",parallel_ex000043_jav_latn,"{""example_inspiration"": ""ewok"", ""uncorrected_prompt"": ""Wong wadon kuwi nd\u00e8l\u00e8hak\u00e9 kertas ing kaca buku sing isih kabukak, banjur nutup buku kuwi. Ing endi kertase saiki?"", ""editdist_prompt"": 0, ""uncorrected_solution0"": ""Kertase ana ing sangisore buku"", ""editdist_solution0"": 0, ""uncorrected_solution1"": ""Kertase ana ing njero buku"", ""editdist_solution1"": 0, ""uncorrected_solution2"": ""Kertase ing sandhinge buku"", ""editdist_solution2"": 0, ""uncorrected_solution3"": ""Kertase ana ing ndhuwur buku"", ""editdist_solution3"": 0}"
"Ana gelas takar ukuran sak cangkir ing dhuwur méja, isiné 3/4 lenga. Sawisé diisèni nganti kebak, pira lenga sing wis ditambahaké ing gelas takar kasebut?",Seperapat cangkir,3/4 cangkir,Sak cangkir,Setengah cangkir,0,jav_latn,"There is a 1-cup measuring cup on the table, and it is 3/4 full of oil. After filling it up, how much oil has been added to the measuring cup?",A quarter cup,3/4 cup,One cup,A half cup,counting,parallel_ex000044_jav_latn,"{""example_inspiration"": ""new"", ""uncorrected_prompt"": ""Ana gelas takar ukuran sak cangkir ing dhuwur m\u00e9ja, isin\u00e9 3/4 lenga. Sawis\u00e9 diis\u00e8ni nganti kebak, pira lenga sing wis ditambahak\u00e9 ing gelas takar kasebut?"", ""editdist_prompt"": 0, ""uncorrected_solution0"": ""Seperapat cangkir"", ""editdist_solution0"": 0, ""uncorrected_solution1"": ""3/4 cangkir"", ""editdist_solution1"": 0, ""uncorrected_solution2"": ""Sak cangkir"", ""editdist_solution2"": 0, ""uncorrected_solution3"": ""Setengah cangkir"", ""editdist_solution3"": 0}"
Kowe mbalang bal menyang kancamu. Endi sing saiki bener?,Kancamu luwih cedhak karo balé,Sampeyan luwih cedhak karo balé,Kancamu luwih adoh seka balé,Kancamu luwih cedhak karo kowe,0,jav_latn,You throw a ball to your friend. Which is now true?,Your friend is closer to the ball,You are closer to the ball,Your friend is further from the ball,Your friend is closer to you,spatial,parallel_ex000045_jav_latn,"{""example_inspiration"": ""ewok"", ""uncorrected_prompt"": ""Kowe mbalang bal menyang kancamu. Endi sing saiki bener?"", ""editdist_prompt"": 0, ""uncorrected_solution0"": ""Kancamu luwih cedhak karo bal\u00e9"", ""editdist_solution0"": 0, ""uncorrected_solution1"": ""Sampeyan luwih cedhak karo bal\u00e9"", ""editdist_solution1"": 0, ""uncorrected_solution2"": ""Kancamu luwih adoh seka bal\u00e9"", ""editdist_solution2"": 0, ""uncorrected_solution3"": ""Kancamu luwih cedhak karo kowe"", ""editdist_solution3"": 0}"
Bocah cilik mbalang watu menyang tlaga. Endi sing saiki bener?,Watu kuwi ngambang ing ndhuwur banyu,Tlaga kasebut sampun boten katingal malih,Watuné wis ora katon manèh,Watune isih katon,2,jav_latn,A child throws a rock into the lake. Which is now true?,The rock floats on the surface,The lake is no longer visible,The rock is no longer visible,The rock is still visible,spatial,parallel_ex000046_jav_latn,"{""example_inspiration"": ""ewok"", ""uncorrected_prompt"": ""Bocah cilik mbalang watu menyang tlaga. Endi sing saiki bener?"", ""editdist_prompt"": 0, ""uncorrected_solution0"": ""Watu kuwi ngambang ing ndhuwur banyu"", ""editdist_solution0"": 0, ""uncorrected_solution1"": ""Tlaga kasebut sampun boten katingal malih"", ""editdist_solution1"": 0, ""uncorrected_solution2"": ""Watun\u00e9 wis ora katon man\u00e8h"", ""editdist_solution2"": 0, ""uncorrected_solution3"": ""Watune isih katon"", ""editdist_solution3"": 0}"
Mobil mlebu menyang terowongan. Endi sing saiki bener?,Mobile wis ora katon maneh saka njero trowongan,Montoré wis ora katon manèh saka jaba trowongan,Terowongané wis ora katon saka mobil,Terowongané wis ora katon saka njaba,1,jav_latn,A car drives into a tunnel. Which is now true?,The car is no longer visible from inside the tunnel,The car is no longer visible from outside the tunnel,The tunnel is no longer visible from the car,The tunnel is no longer visible from outside,spatial,parallel_ex000047_jav_latn,"{""example_inspiration"": ""ewok"", ""uncorrected_prompt"": ""Mobil mlebu menyang terowongan. Endi sing saiki bener?"", ""editdist_prompt"": 0, ""uncorrected_solution0"": ""Mobile wis ora katon maneh saka njero trowongan"", ""editdist_solution0"": 0, ""uncorrected_solution1"": ""Montor\u00e9 wis ora katon man\u00e8h saka jaba trowongan"", ""editdist_solution1"": 0, ""uncorrected_solution2"": ""Terowongan\u00e9 wis ora katon saka mobil"", ""editdist_solution2"": 0, ""uncorrected_solution3"": ""Terowongan\u00e9 wis ora katon saka njaba."", ""editdist_solution3"": 1}"
Ana setip cilik ing cangkir logam ing dhuwur rak. Saka sudut endi sing paling apik kanggo ndeleng setip kasebut?,Saka ngisor rak,Saka sisi rak buku,Saka mburi rak,Saka ndhuwur rak,3,jav_latn,There is a small eraser in a metal cup on a shelf. What is the best angle to see the eraser?,From below the shelf,From the side of the shelf,From behind the shelf,From above the shelf,spatial,parallel_ex000048_jav_latn,"{""example_inspiration"": ""ewok"", ""uncorrected_prompt"": ""Ana setip cilik ing cangkir logam ing dhuwur rak. Saka sudut endi sing paling apik kanggo ndeleng setip kasebut?"", ""editdist_prompt"": 0, ""uncorrected_solution0"": ""Saka ngisor rak"", ""editdist_solution0"": 0, ""uncorrected_solution1"": ""Saka sisi rak buku"", ""editdist_solution1"": 0, ""uncorrected_solution2"": ""Saka mburi rak"", ""editdist_solution2"": 0, ""uncorrected_solution3"": ""Saka ndhuwur rak"", ""editdist_solution3"": 0}"
"Ing njero lemari, ana kacang sak kaleng. Ing mburine kaleng, ana glepung sakilo. Endi sing bener?",Glepungé ora katon ing mburiné kalèng,Glepungé katon ing mburiné kalèng,Kalèngé katon ing mburiné glepung,Kalèngé ora katon ing ngarep glepung,1,jav_latn,"In the cupboard, there is a can of beans. Behind the can, there is a 1kg bag of flour. Which is true?",The flour is not visible behind the can,The flour is visible behind the can,The can is visible behind the flour,The can is not visible in front of the flour,spatial,parallel_ex000049_jav_latn,"{""example_inspiration"": ""ewok"", ""uncorrected_prompt"": ""Ing njero lemari, ana kacang sak kaleng. Ing mburine kaleng, ana glepung sakilo. Endi sing bener?"", ""editdist_prompt"": 0, ""uncorrected_solution0"": ""Glepung\u00e9 ora katon ing mburin\u00e9 kal\u00e8ng."", ""editdist_solution0"": 1, ""uncorrected_solution1"": ""Glepung\u00e9 katon ing mburin\u00e9 kal\u00e8ng."", ""editdist_solution1"": 1, ""uncorrected_solution2"": ""Kal\u00e8ng\u00e9 katon ing mburin\u00e9 glepung"", ""editdist_solution2"": 0, ""uncorrected_solution3"": ""Kal\u00e8ng\u00e9 ora katon ing ngarep glepung"", ""editdist_solution3"": 0}"
"Yen kowe nibakake dhuwit koin ing lemah, apa sing bakal kedadeyan karo dhuwit kuwi?",Koine penyok,Koine mantul,Koine ajur,Koine pecah,1,jav_latn,"If you drop a coin on the ground, what happens to the coin?",The coin is dented,The coin bounces,The coin shatters,The coin breaks,object_properties_interactions,parallel_ex000050_jav_latn,"{""example_inspiration"": ""ewok"", ""uncorrected_prompt"": ""Yen kowe nibakake dhuwit koin ing lemah, apa sing bakal kedadeyan karo dhuwit kuwi?"", ""editdist_prompt"": 0, ""uncorrected_solution0"": ""Koine penyok."", ""editdist_solution0"": 1, ""uncorrected_solution1"": ""Koine mantul."", ""editdist_solution1"": 1, ""uncorrected_solution2"": ""Koine pecah"", ""editdist_solution2"": 5, ""uncorrected_solution3"": ""Koine pecah"", ""editdist_solution3"": 0}"
"Yen kowe ngidak gelas kertas, apa sing bakal kedadeyan karo gelase?",Cangkiré lèlèh,Cangkiré remuk,Cangkiré mumbul,Cangkire pecah,1,jav_latn,"If you step on a paper cup, what happens to the cup?",The cup melts,The cup is crushed,The cup bounces,The cup shatters,object_properties_interactions,parallel_ex000051_jav_latn,"{""example_inspiration"": ""ewok"", ""uncorrected_prompt"": ""Yen kowe ngidak gelas kertas, apa sing bakal kedadeyan karo gelase?"", ""editdist_prompt"": 0, ""uncorrected_solution0"": ""Cangkir\u00e9 l\u00e8l\u00e8h"", ""editdist_solution0"": 0, ""uncorrected_solution1"": ""Cangkir\u00e9 remuk"", ""editdist_solution1"": 0, ""uncorrected_solution2"": ""Cangkir\u00e9 mumbul."", ""editdist_solution2"": 1, ""uncorrected_solution3"": ""Cangkire pecah."", ""editdist_solution3"": 1}"
"Toko buku duwe buku 40 luwih sithik tinimbang perpustakaan. Banjur, 30 buku dipindhah saka perpustakaan menyang toko buku. Endi sing saiki bener?",Toko buku duwe buku luwih akeh tinimbang perpustakaan,Toko buku lan perpustakaan cacahe bukune padha,Perpustakaan duwe buku luwih akeh tinimbang toko buku,Perpustakaane ora duwe buku,0,jav_latn,"The bookshop has 40 fewer books than the library. Then, 30 books are moved from the library to the bookshop. Which is now true?",The bookshop has more books than the library,The bookshop and the library have the same number of books,The library has more books than the bookshop,The library doesn't have any books,counting,parallel_ex000053_jav_latn,"{""example_inspiration"": ""ewok"", ""uncorrected_prompt"": ""Toko buku duwe buku 40 luwih sithik tinimbang perpustakaan. Banjur, 30 buku dipindhah saka perpustakaan menyang toko buku. Endi sing saiki bener?"", ""editdist_prompt"": 0, ""uncorrected_solution0"": ""Toko buku duwe buku luwih akeh tinimbang perpustakaan."", ""editdist_solution0"": 1, ""uncorrected_solution1"": ""Toko buku lan perpustakaan cacahe bukune padha."", ""editdist_solution1"": 1, ""uncorrected_solution2"": ""Perpustakaan duwe buku luwih akeh tinimbang toko buku."", ""editdist_solution2"": 1, ""uncorrected_solution3"": ""Perpustakaane ora duwe buku."", ""editdist_solution3"": 1}"
"Ing kelas A cacahe murid luwih sithik 25 tinimbang ing kelas B. Banjur, ana 10 murid pindhah saka kelas B menyang kelas A. Endi sing bener saiki?",Cacahe murid ing kelas A lan kelas B iku padha,Murid ing kelas B luwih akeh tinimbang ing kelas A,Ora ana murid ing kelas B,Ana luwih akeh murid ing kelas A tinimbang ing kelas B,1,jav_latn,"There are 25 fewer students in classroom A than in classroom B. Then, 10 students move from classroom B to classroom A. Which is now true?",There are the same number of students in classroom A and classroom B,There are more students in classroom B than in classroom A,There are no students in classroom B,There are more students in classroom A than in classroom B,counting,parallel_ex000054_jav_latn,"{""example_inspiration"": ""ewok"", ""uncorrected_prompt"": ""Ing kelas A cacahe murid luwih sithik 25 tinimbang ing kelas B. Banjur, ana 10 murid pindhah saka kelas B menyang kelas A. Endi sing bener saiki?"", ""editdist_prompt"": 0, ""uncorrected_solution0"": ""Cacahe murid ing kelas A lan kelas B iku padha."", ""editdist_solution0"": 1, ""uncorrected_solution1"": ""Murid ing kelas B luwih akeh tinimbang ing kelas A."", ""editdist_solution1"": 1, ""uncorrected_solution2"": ""Ora ana murid ing kelas B."", ""editdist_solution2"": 1, ""uncorrected_solution3"": ""Ana luwih akeh murid ing kelas A tinimbang ing kelas B."", ""editdist_solution3"": 1}"
Sekolahan duwe kursi luwih akeh cacah rong puluh tinimbang teater. Endi sing bener?,Teater lan sekolah duwe kursi sing cacahe padha,Gedung bioskop duwe kursi luwih akeh tinimbang sekolah,Gedhung téater duwé kursi luwih sithik tinimbang sekolah,Téater kuwi duwé kabèh kursiné,2,jav_latn,The school has twenty more chairs than the theatre. Which is true?,The theatre and the school have the same number of chairs,The theatre has more chairs than the school,The theatre has fewer chairs than the school,The theatre has all of the chairs,counting,parallel_ex000055_jav_latn,"{""example_inspiration"": ""ewok"", ""uncorrected_prompt"": ""Sekolahan duwe kursi luwih akeh cacah rong puluh tinimbang teater. Endi sing bener?"", ""editdist_prompt"": 0, ""uncorrected_solution0"": ""Teater lan sekolah duwe kursi sing cacahe padha."", ""editdist_solution0"": 1, ""uncorrected_solution1"": ""Gedung bioskop duwe kursi luwih akeh tinimbang sekolah."", ""editdist_solution1"": 1, ""uncorrected_solution2"": ""Gedhung t\u00e9ater duw\u00e9 kursi luwih sithik tinimbang sekolah."", ""editdist_solution2"": 1, ""uncorrected_solution3"": ""T\u00e9ater kuwi duw\u00e9 kab\u00e8h kursin\u00e9."", ""editdist_solution3"": 1}"
"Cacahe cangkir ing meja luwih akeh loro tinimbang sing ana ing lemari. Banjur, kowe nglebokake cangkir siji bali menyang lemari. Endi sing bener saiki?",Cangkir ing lemari luwih sithik tinimbang sing ana ing meja,Cangkir ing lemari luwih akeh tinimbang ing meja,Ana cangkir sing cacahe padha ing lemari lan ing meja,Kabeh cangkire ana ing lemari,2,jav_latn,"There are two more cups on the table than there are in the cupboard. Then, you put one cup back into the cupboard. Which is now true?",There are fewer cups in the cupboard than on the table,There are more cups in the cupboard than on the table,There are equal cups in the cupboard and on the table,All of the cups are in the cupboard,counting,parallel_ex000056_jav_latn,"{""example_inspiration"": ""ewok"", ""uncorrected_prompt"": ""Cacahe cangkir ing meja luwih akeh loro tinimbang sing ana ing lemari. Banjur, kowe nglebokake cangkir siji bali menyang lemari. Endi sing bener saiki?"", ""editdist_prompt"": 0, ""uncorrected_solution0"": ""Cangkir ing lemari luwih sithik tinimbang sing ana ing meja."", ""editdist_solution0"": 1, ""uncorrected_solution1"": ""Cangkir ing lemari luwih akeh tinimbang ing meja."", ""editdist_solution1"": 1, ""uncorrected_solution2"": ""Ana cangkir sing cacahe padha ing lemari lan ing meja."", ""editdist_solution2"": 1, ""uncorrected_solution3"": ""Kabeh cangkire ana ing lemari."", ""editdist_solution3"": 1}"
Kasure ambane 160cm lan dawane 200cm. Ukuran kamar turu sepira sing kokbutuhake?,"1,6m x 2m",16cm ping 20cm,160m ping 200m,"2,5m x 3m",3,jav_latn,The bed is 160cm wide by 200 cm long. What size bedroom do you need?,1.6m x 2m,16cm x 20cm,160m x 200m,2.5m x 3m,counting,parallel_ex000057_jav_latn,"{""example_inspiration"": ""hellaswag"", ""uncorrected_prompt"": ""Kasure ambane 160cm lan dawane 200cm. Ukuran kamar turu sepira sing kokbutuhake?"", ""editdist_prompt"": 0, ""uncorrected_solution0"": ""1,6m x 2m"", ""editdist_solution0"": 0, ""uncorrected_solution1"": ""16cm ping 20cm"", ""editdist_solution1"": 0, ""uncorrected_solution2"": ""160m ping 200m"", ""editdist_solution2"": 0, ""uncorrected_solution3"": ""2,5m x 3m"", ""editdist_solution3"": 0}"
"Supaya adonan roti bisa mekar kanthi apik, sampeyan bisa nggunakake peso landhep kanggo nggawe irisan wujud silang. Sepira jerone irisan sing kudu digawe?",10 sentimèter,0 sèntimèter,30 sentimèter,1 sèntimèter,3,jav_latn,"To help bread dough rise well, you can use a sharp knife to make a cross-shaped incision. How deep should you make the incision?",10cm,0cm,30cm,1cm,"object_properties_interactions,spatial",parallel_ex000058_jav_latn,"{""example_inspiration"": ""globalpiqa_nonparallel"", ""uncorrected_prompt"": ""Supaya adonan roti bisa mekar kanthi apik, sampeyan bisa nggunakake peso landhep kanggo nggawe irisan wujud silang. Sepira jerone irisan sing kudu digawe?"", ""editdist_prompt"": 0, ""uncorrected_solution0"": ""10 sentim\u00e8ter"", ""editdist_solution0"": 0, ""uncorrected_solution1"": ""0 s\u00e8ntim\u00e8ter"", ""editdist_solution1"": 0, ""uncorrected_solution2"": ""30 sentim\u00e8ter"", ""editdist_solution2"": 0, ""uncorrected_solution3"": ""1 s\u00e8ntim\u00e8ter"", ""editdist_solution3"": 0}"
"Nalika panganan keselip ing untu, piranti apa sing kudu digunakake kanggo ngetokake?",Cukit untu,Lading,Korek kuping,Sendhok,0,jav_latn,"When food gets stuck in your teeth, what object should you use to get it out?",A toothpick,A knife,A cotton swab,A spoon,"object_properties_interactions,affordances",parallel_ex000059_jav_latn,"{""example_inspiration"": ""globalpiqa_nonparallel"", ""uncorrected_prompt"": ""Nalika panganan keselip ing untu, piranti apa sing kudu digunakake kanggo ngetokake?"", ""editdist_prompt"": 0, ""uncorrected_solution0"": ""Cukit untu"", ""editdist_solution0"": 0, ""uncorrected_solution1"": ""Lading"", ""editdist_solution1"": 0, ""uncorrected_solution2"": ""Korek kuping"", ""editdist_solution2"": 0, ""uncorrected_solution3"": ""Sendhok"", ""editdist_solution3"": 0}"
"John lan Paul lagi meres andhuk teles. Saben wong nyekel salah siji pucuke, nyelehake ember ing ngisore, lan padha mletir andhuke. Menyang endi arah mletire sing bener?","Sing siji kudu muter nengen, sijine kudu muter ngiwa",Dheweke ora kena mluntir handuke,"Sing siji kudu munter ngiwa, sing sijine kudu munter nengen",Dheweke kabeh kudu muter nengen dhewe-dhewe,3,jav_latn,"John and Paul are wringing out a wet towel. They each take it by one end, place a bucket underneath, and each twist the towel. What direction should they twist?","One should twist to their right, the other to their left",They should not twist the towel,"One should twist to their left, the other to their right",They should each twist to their right,spatial,parallel_ex000061_jav_latn,"{""example_inspiration"": ""globalpiqa_nonparallel"", ""uncorrected_prompt"": ""John lan Paul lagi meres andhuk teles. Saben wong nyekel salah siji pucuke, nyelehake ember ing ngisore, lan padha mletir andhuke. Menyang endi arah mletire sing bener?"", ""editdist_prompt"": 0, ""uncorrected_solution0"": ""Sing siji kudu muter nengen, sijine kudu muter ngiwa."", ""editdist_solution0"": 1, ""uncorrected_solution1"": ""Dheweke ora kena mluntir handuke."", ""editdist_solution1"": 1, ""uncorrected_solution2"": ""Sing siji kudu munter ngiwa, sing sijine kudu munter nengen."", ""editdist_solution2"": 1, ""uncorrected_solution3"": ""Dheweke kabeh kudu muter nengen dhewe-dhewe."", ""editdist_solution3"": 1}"
Apa sing bisa kokcekel nganggo tangan kiwamu nanging ora bisa kokcekel nganggo tangan tengenmu?,Dengkulmu tengen,Sikut tengenmu,Sikut kiwamu,Pundhak kiwamu,1,jav_latn,What can you hold in your left hand but not in your right hand?,Your right knee,Your right elbow,Your left elbow,Your left shoulder,spatial,parallel_ex000062_jav_latn,"{""example_inspiration"": ""globalpiqa_nonparallel"", ""uncorrected_prompt"": ""Apa sing bisa kokcekel nganggo tangan kiwamu nanging ora bisa kokcekel nganggo tangan tengenmu?"", ""editdist_prompt"": 0, ""uncorrected_solution0"": ""Dengkulmu tengen"", ""editdist_solution0"": 0, ""uncorrected_solution1"": ""Sikut tengenmu"", ""editdist_solution1"": 0, ""uncorrected_solution2"": ""Sikut kiwamu"", ""editdist_solution2"": 0, ""uncorrected_solution3"": ""Pundhak kiwamu"", ""editdist_solution3"": 0}"
"Kanggo nuthuk paku cilik, apa sing bisa digunakake ngganteni palu?",Gelas stirofom,Toples kaca,Kalèng,Sabuk kulit,2,jav_latn,"To pound small nails, what could be used instead of a hammer?",A foam cup,A glass jar,A tin can,A leather belt,"object_properties_interactions,affordances",parallel_ex000063_jav_latn,"{""example_inspiration"": ""globalpiqa_nonparallel"", ""uncorrected_prompt"": ""Kanggo nuthuk paku cilik, apa sing bisa digunakake ngganteni palu?"", ""editdist_prompt"": 0, ""uncorrected_solution0"": ""Gelas stirofom"", ""editdist_solution0"": 0, ""uncorrected_solution1"": ""Toples kaca"", ""editdist_solution1"": 0, ""uncorrected_solution2"": ""Kal\u00e8ng"", ""editdist_solution2"": 0, ""uncorrected_solution3"": ""Sabuk kulit"", ""editdist_solution3"": 0}"
"Yen mobil diparkir luwih cendhek tinimbang omah, banjur ana ing sisih ngendi omah iku?",Sisih omah sing madhep munggah,Sisih omah sing madhep srengenge,Sisih omah sing madhep mangisor,Sisih omah sing madhep kidul,2,jav_latn,"If a car is parked lower than the house, then which side of the house is it on?",The side of the house that faces uphill,The side of the house that faces the sun,The side of the house that faces downhill,The side of the house that faces south,spatial,parallel_ex000064_jav_latn,"{""example_inspiration"": ""globalpiqa_nonparallel"", ""uncorrected_prompt"": ""Yen mobil diparkir luwih cendhek tinimbang omah, banjur ana ing sisih ngendi omah iku?"", ""editdist_prompt"": 0, ""uncorrected_solution0"": ""Sisih omah sing madhep munggah."", ""editdist_solution0"": 1, ""uncorrected_solution1"": ""Sisih omah sing madhep srengenge"", ""editdist_solution1"": 0, ""uncorrected_solution2"": ""Sisih omah sing madhep mangisor."", ""editdist_solution2"": 1, ""uncorrected_solution3"": ""Sisih omah sing madhep kidul"", ""editdist_solution3"": 0}"
Piye carane ngetokake masakan panas saka oven?,"Nganggo cempal, cekelen saka sisih loro-lorone lan angkaten metu saka oven kanthi ati-ati","Tanpa cempal, cekelen saka pinggir loro-lorone banjur angkaten kanthi ngati-ati metu saka oven","Nganggo cempal, cekelen saka salah siji sisih banjur angkaten metu saka oven kanthi ngati-ati","Nganggo cempal, cekelen tutupé banjur angkaten metu saka oven kanthi ngati-ati",0,jav_latn,How should I take a hot dish out of the oven?,"Using oven mitts, grab it from both sides and carefully lift it out of the oven","Without oven mitts, grab it from both sides and carefully lift it out of the oven","Using oven mitts, grab it from one side and carefully lift it out of the oven","Using oven mitts, grab it from the lid and carefully lift it out of the oven","object_properties_interactions,affordances",parallel_ex000065_jav_latn,"{""example_inspiration"": ""globalpiqa_nonparallel"", ""uncorrected_prompt"": ""Piye carane ngetokake masakan panas saka oven?"", ""editdist_prompt"": 0, ""uncorrected_solution0"": ""Nganggo cempal, cekelen saka sisih loro-lorone lan angkaten metu saka oven kanthi ati-ati."", ""editdist_solution0"": 1, ""uncorrected_solution1"": ""Tanpa cempal, cekelen saka pinggir loro-lorone banjur angkaten kanthi ngati-ati metu saka open."", ""editdist_solution1"": 2, ""uncorrected_solution2"": ""Nganggo cempal, cekelen saka salah siji sisih banjur angkaten metu saka oven kanthi ngati-ati."", ""editdist_solution2"": 1, ""uncorrected_solution3"": ""Nganggo cempal, cekelen tutup\u00e9 banjur angkaten metu saka oven kanthi ngati-ati."", ""editdist_solution3"": 1}"
Apa sing bisa digunakake kanggo nggundhul sirah?,Lading pawon,Gunting,Piso lempit,Silet,3,jav_latn,What can you use to shave your head?,A kitchen knife,Scissors,A pocket knife,A razor blade,"object_properties_interactions,affordances",parallel_ex000066_jav_latn,"{""example_inspiration"": ""globalpiqa_nonparallel"", ""uncorrected_prompt"": ""Apa sing bisa digunakake kanggo nggundhul sirah?"", ""editdist_prompt"": 0, ""uncorrected_solution0"": ""Lading pawon"", ""editdist_solution0"": 0, ""uncorrected_solution1"": ""Gunting"", ""editdist_solution1"": 0, ""uncorrected_solution2"": ""Piso lempit"", ""editdist_solution2"": 0, ""uncorrected_solution3"": ""Silet"", ""editdist_solution3"": 0}"
Apa sing bisa kok nggo ngethok kayu?,Gunting,Kampak,Lading pawon,Tali,1,jav_latn,What can you use to chop wood?,Scissors,An axe,A kitchen knife,String,"object_properties_interactions,affordances",parallel_ex000067_jav_latn,"{""example_inspiration"": ""globalpiqa_nonparallel"", ""uncorrected_prompt"": ""Apa sing bisa kok nggo ngethok kayu?"", ""editdist_prompt"": 0, ""uncorrected_solution0"": ""Gunting"", ""editdist_solution0"": 0, ""uncorrected_solution1"": ""Kampak"", ""editdist_solution1"": 0, ""uncorrected_solution2"": ""Lading pawon"", ""editdist_solution2"": 0, ""uncorrected_solution3"": ""Tali"", ""editdist_solution3"": 0}"
Apa urutane nganggo sandhangan sadurunge metu saka omah?,"Sepatu, kaos kaki, banjur celana","Celana, kaos sikil, banjur sepatu","Kathok, sepatu, banjur kaos sikil","Kaos kaki, sepatu, banjur kathok",1,jav_latn,What order should you put on your clothing before leaving the house?,"Shoes, socks, then pants","Pants, socks, then shoes","Pants, shoes, then socks","Socks, shoes, then pants","object_properties_interactions,affordances",parallel_ex000068_jav_latn,"{""example_inspiration"": ""globalpiqa_nonparallel"", ""uncorrected_prompt"": ""Apa urutane nganggo sandhangan sadurunge metu saka omah?"", ""editdist_prompt"": 0, ""uncorrected_solution0"": ""Sepatu, kaos kaki, banjur celana"", ""editdist_solution0"": 0, ""uncorrected_solution1"": ""Celana, kaos sikil, banjur sepatu."", ""editdist_solution1"": 1, ""uncorrected_solution2"": ""Kathok, sepatu, banjur kaos sikil."", ""editdist_solution2"": 1, ""uncorrected_solution3"": ""Kaos kaki, sepatu, banjur kathok."", ""editdist_solution3"": 1}"
Ana wong lagi mepe klambi ing latar nalika angin banter. Klambi sing kaya apa sing bakal garing luwih cepet?,Klambi wul kandel,Klambi nilon,Klambi linen,Kemeja denim,1,jav_latn,A person is drying a shirt on a windy day in the yard. What kind of shirts will lose moisture faster?,Heavy wool shirts,Nylon shirts,Linen shirts,Denim shirts,object_properties_interactions,parallel_ex000069_jav_latn,"{""example_inspiration"": ""globalpiqa_nonparallel"", ""uncorrected_prompt"": ""Ana wong lagi mepe klambi ing latar nalika angin banter. Klambi sing kaya apa sing bakal garing luwih cepet?"", ""editdist_prompt"": 0, ""uncorrected_solution0"": ""Klambi wul kandel"", ""editdist_solution0"": 0, ""uncorrected_solution1"": ""Klambi nilon"", ""editdist_solution1"": 0, ""uncorrected_solution2"": ""Klambi linen"", ""editdist_solution2"": 0, ""uncorrected_solution3"": ""Kemeja denim"", ""editdist_solution3"": 0}"
Kados pundi caranipun panjenengan mesthekake tetep cekap ngunjuk nalika mlampah tebih?,Ngombé banyu sepisan nalika munggah gunung,Ngombe banyu sadawane munggah gunung,Ombe kabeh banyumu saknalika kowe miwiti munggah gunung,Ombenen kabeh banyumu yen wis rampung munggah gunung,1,jav_latn,How do you make sure to stay hydrated on a long hike?,Drink water once during the hike,Drink water throughout the hike,Drink all your water as soon as you start the hike,Drink all your water when you finish the hike,"object_properties_interactions,affordances",parallel_ex000070_jav_latn,"{""example_inspiration"": ""globalpiqa_nonparallel"", ""uncorrected_prompt"": ""Kados pundi caranipun panjenengan mesthekake tetep cekap ngunjuk nalika mlampah tebih?"", ""editdist_prompt"": 0, ""uncorrected_solution0"": ""Ngomb\u00e9 banyu sepisan nalika munggah gunung."", ""editdist_solution0"": 1, ""uncorrected_solution1"": ""Ngombe banyu sadawane munggah gunung."", ""editdist_solution1"": 1, ""uncorrected_solution2"": ""Ombe kabeh banyumu saknalika kowe miwiti munggah gunung."", ""editdist_solution2"": 1, ""uncorrected_solution3"": ""Ombenen kabeh banyumu yen wis rampung munggah gunung."", ""editdist_solution3"": 1}"
Pira dawane sumbu lilin yen dibandhingake karo dhuwure lilin?,Sumbune kudu sadawa-dawane,Sumbuné kudu luwih cendhak tinimbang dhuwuré lilin,Sumbune kudu luwih dawa tinimbang dhuwure lilin,Sumbu kudu padha dawane karo dhuwure lilin,2,jav_latn,"How long is the wick of a candle, compared to the height of the candle wax?",The wick should be as long as possible,The wick should be shorter than the height of the candle wax,The wick should be longer than the height of the candle wax,The wick should be the same length as the height of the candle wax,"object_properties_interactions,spatial",parallel_ex000071_jav_latn,"{""example_inspiration"": ""globalpiqa_nonparallel"", ""uncorrected_prompt"": ""Pira dawane sumbu lilin yen dibandhingake karo dhuwure lilin?"", ""editdist_prompt"": 0, ""uncorrected_solution0"": ""Sumbune kudu sadawa-dawane."", ""editdist_solution0"": 1, ""uncorrected_solution1"": ""Sumbun\u00e9 kudu luwih cendhak tinimbang dhuwur\u00e9 lilin."", ""editdist_solution1"": 1, ""uncorrected_solution2"": ""Sumbune kudu luwih dawa tinimbang dhuwure lilin."", ""editdist_solution2"": 1, ""uncorrected_solution3"": ""Sumbu kudu padha dawane karo dhuwure lilin."", ""editdist_solution3"": 1}"
"Kowe duwe kubus saka waja lan kubus saka plastik sing volumene padha. Yen kowe nglebokake saben kubus alon-alon menyang njero gelas sing kebak banyu, endi sing bakal nggawe banyu luwih akeh sing luber?",Wong-wong kuwi bakal nggawe banyu sing jumlahe padha dadi luber,Kubus waja iku bakal nggawe banyu mbludak luwih akeh,Ora ana siji-sijia kubus sing bakal nggawe banyune luber,Kubus plastik iku bakal nggawe banyu luwih akeh mbludak,0,jav_latn,"You have a cube made of steel and a cube made of plastic with the same volume. If you gently put each cube underwater in a glass full of water, which one will make more volume of water overflow?",They will make the same amount of water overflow,The steel cube will make more water overflow,Neither cube will make any water overflow,The plastic cube will make more water overflow,spatial,parallel_ex000072_jav_latn,"{""example_inspiration"": ""globalpiqa_nonparallel"", ""uncorrected_prompt"": ""Kowe duwe kubus saka waja lan kubus saka plastik sing volumene padha. Yen kowe nglebokake saben kubus alon-alon menyang njero gelas sing kebak banyu, endi sing bakal nggawe banyu luwih akeh sing luber?"", ""editdist_prompt"": 0, ""uncorrected_solution0"": ""Wong-wong kuwi bakal nggawe banyu sing jumlahe padha dadi luber."", ""editdist_solution0"": 1, ""uncorrected_solution1"": ""Kubus waja iku bakal nggawe banyu mbludak luwih akeh."", ""editdist_solution1"": 1, ""uncorrected_solution2"": ""Ora ana siji-sijia kubus sing bakal nggawe banyune luber."", ""editdist_solution2"": 1, ""uncorrected_solution3"": ""Kubus plastik iku bakal nggawe banyu luwih akeh mbludak."", ""editdist_solution3"": 1}"
"Sakderengipun nyuntik mawi dom, papan ingkang badhe dipunsuntik kedah dipunresiki mawi punapa?",Kapas sing ditelesi alkohol,Bantalan kulit sing teles kebes,Bantalan lulang sing teles alkohol,Kapas sing teles banyu,0,jav_latn,"Before injection with a needle, what should you clean the injection site with?",An alcohol-soaked cotton ball,A water-soaked leather pad,An alcohol-soaked leather pad,A water-soaked cotton ball,"object_properties_interactions,affordances",parallel_ex000073_jav_latn,"{""example_inspiration"": ""globalpiqa_nonparallel"", ""uncorrected_prompt"": ""Sakderengipun nyuntik mawi dom, papan ingkang badhe dipunsuntik kedah dipunresiki mawi punapa?"", ""editdist_prompt"": 0, ""uncorrected_solution0"": ""Kapas sing ditelesi alkohol"", ""editdist_solution0"": 0, ""uncorrected_solution1"": ""Bantalan kulit sing teles kebes"", ""editdist_solution1"": 0, ""uncorrected_solution2"": ""Bantalan lulang sing teles alkohol."", ""editdist_solution2"": 1, ""uncorrected_solution3"": ""Kapas sing teles banyu"", ""editdist_solution3"": 0}"
"Yen gelas plastik retak, apa sing bisa dilakoni supaya banyune ora bocor?",Bungkus cangkire nganggo kaos kaki,Liliten gelasé nganggo tali plastik,Bungkus gelasé nganggo plastik,Bungkusen cangkiré nganggo kertas,2,jav_latn,"If a plastic cup is cracked, what can be done to stop the water from leaking out?",Wrap the cup with a sock,Wrap the cup with a plastic string,Wrap the cup with a plastic bag,Wrap the cup with paper,"object_properties_interactions,affordances",parallel_ex000074_jav_latn,"{""example_inspiration"": ""globalpiqa_nonparallel"", ""uncorrected_prompt"": ""Yen gelas plastik retak, apa sing bisa dilakoni supaya banyune ora bocor?"", ""editdist_prompt"": 0, ""uncorrected_solution0"": ""Bungkus cangkire nganggo kaos kaki."", ""editdist_solution0"": 1, ""uncorrected_solution1"": ""Liliten gelas\u00e9 nganggo tali plastik."", ""editdist_solution1"": 1, ""uncorrected_solution2"": ""Bungkus gelas\u00e9 nganggo plastik."", ""editdist_solution2"": 1, ""uncorrected_solution3"": ""Bungkusen cangkir\u00e9 nganggo kertas."", ""editdist_solution3"": 1}"
Pinten kathahipun toya kagem ngebaki bak siram ukuran limrah?,Rong atus liter,10 liter,Seket liter,Sewu liter,0,jav_latn,How much water fills an average bathtub?,200 liters,10 liters,50 liters,1000 liters,spatial,parallel_ex000075_jav_latn,"{""example_inspiration"": ""globalpiqa_nonparallel"", ""uncorrected_prompt"": ""Pinten kathahipun toya kagem ngebaki bak siram ukuran limrah?"", ""editdist_prompt"": 0, ""uncorrected_solution0"": ""Rong atus liter"", ""editdist_solution0"": 0, ""uncorrected_solution1"": ""10 liter"", ""editdist_solution1"": 0, ""uncorrected_solution2"": ""Seket liter"", ""editdist_solution2"": 0, ""uncorrected_solution3"": ""Sewu liter"", ""editdist_solution3"": 0}"
Piye carane supaya lilin murub suwe?,Tutupana nganggo alumunium foil,Tutupana nganggo cangkir logam,Aja ditutupi,Tutupana nganggo gelas,2,jav_latn,How do you make a candle burn for a long time?,Cover it with aluminum foil,Cover it with a metal cup,Do not cover it,Cover it with a glass cup,"object_properties_interactions,affordances",parallel_ex000076_jav_latn,"{""example_inspiration"": ""globalpiqa_nonparallel"", ""uncorrected_prompt"": ""Piye carane supaya lilin murub suwe?"", ""editdist_prompt"": 0, ""uncorrected_solution0"": ""Tutupana nganggo alumunium foil."", ""editdist_solution0"": 1, ""uncorrected_solution1"": ""Tutupana nganggo cangkir logam."", ""editdist_solution1"": 1, ""uncorrected_solution2"": ""Aja ditutupi"", ""editdist_solution2"": 0, ""uncorrected_solution3"": ""Tutupana nganggo gelas."", ""editdist_solution3"": 1}"
"Nalika ibu lagi nyapu omah, dhuwit koin sing ana ing jogan ketabrak sapu. Koin kuwi ngglindhing adoh tekan ngisor kulkas. Apa sing bisa digunakake kanggo ngetokake koin kuwi?",Kayu,Lading,Garpu,Kaos kaki,0,jav_latn,"While mother was sweeping the house, a coin that was on the floor was hit by the broom. The coin rolled far under the refrigerator. What could she use to get the coin out?",A stick,A knife,A fork,A sock,"object_properties_interactions,affordances",parallel_ex000077_jav_latn,"{""example_inspiration"": ""globalpiqa_nonparallel"", ""uncorrected_prompt"": ""Nalika ibu lagi nyapu omah, dhuwit koin sing ana ing jogan ketabrak sapu. Koin kuwi ngglindhing adoh tekan ngisor kulkas. Apa sing bisa digunakake kanggo ngetokake koin kuwi?"", ""editdist_prompt"": 0, ""uncorrected_solution0"": ""Kayu"", ""editdist_solution0"": 0, ""uncorrected_solution1"": ""Lading"", ""editdist_solution1"": 0, ""uncorrected_solution2"": ""Garpu"", ""editdist_solution2"": 0, ""uncorrected_solution3"": ""Kaos kaki"", ""editdist_solution3"": 0}"
"Supaya gedhang ora cepet mateng, kudu diselehake ing ngendi?",Ing mangkok,Ing njero kulkas,Ing srengenge,Ing njeron oven,1,jav_latn,"To stop a banana from ripening too fast, where can you put it?",In a bowl,In the refrigerator,In the sun,In the oven,"object_properties_interactions,affordances",parallel_ex000078_jav_latn,"{""example_inspiration"": ""globalpiqa_nonparallel"", ""uncorrected_prompt"": ""Supaya gedhang ora cepet mateng, kudu diselehake ing ngendi?"", ""editdist_prompt"": 0, ""uncorrected_solution0"": ""Ing mangkok"", ""editdist_solution0"": 0, ""uncorrected_solution1"": ""Ing njero kulkas"", ""editdist_solution1"": 0, ""uncorrected_solution2"": ""Ing srengenge"", ""editdist_solution2"": 0, ""uncorrected_solution3"": ""Ing njeron oven"", ""editdist_solution3"": 0}"
Ana mobil sing mlesed ora bisa dikendhaleni. Kahanan apa sing bakal nggawe mobil kuwi mlesed luwih cepet?,Mobile duwe ban anyar,Mobilé bané bocor,Mobil kuwi bane wis gundhul,Mobile kèlangan ban,2,jav_latn,A car is skidding out of control. What scenario would make the car skid faster?,The car has new tires,The car has a punctured tire,The car has worn out tires,The car has lost a tire,object_properties_interactions,parallel_ex000079_jav_latn,"{""example_inspiration"": ""globalpiqa_nonparallel"", ""uncorrected_prompt"": ""Ana mobil sing mlesed ora bisa dikendhaleni. Kahanan apa sing bakal nggawe mobil kuwi mlesed luwih cepet?"", ""editdist_prompt"": 0, ""uncorrected_solution0"": ""Mobile duwe ban anyar."", ""editdist_solution0"": 1, ""uncorrected_solution1"": ""Mobil\u00e9 ban\u00e9 bocor."", ""editdist_solution1"": 1, ""uncorrected_solution2"": ""Mobil kuwi bane wis gundhul."", ""editdist_solution2"": 1, ""uncorrected_solution3"": ""Mobile k\u00e8langan ban."", ""editdist_solution3"": 1}"
Sampeyan duwe secangkir banyu biasa lan secangkir banyu uyah. Sampeyan nglebokake lelorone menyang freezer. Endi sing bakal luwih cepet dadi es?,Banyu uyah bakal beku luwih cepet,Mung banyu uyah sing bakal beku,Bakal beku kanthi kacepetan sing padha,Banyu putih bakal luwih cepet dadi es,3,jav_latn,You have a cup of plain water and a cup of salt water. You put both in the freezer. Which will freeze faster?,The salt water will freeze faster,Only the salt water will freeze,They will freeze at the same rate,The plain water will freeze faster,object_properties_interactions,parallel_ex000080_jav_latn,"{""example_inspiration"": ""globalpiqa_nonparallel"", ""uncorrected_prompt"": ""Sampeyan duwe secangkir banyu biasa lan secangkir banyu uyah. Sampeyan nglebokake lelorone menyang freezer. Endi sing bakal luwih cepet dadi es?"", ""editdist_prompt"": 0, ""uncorrected_solution0"": ""Banyu uyah bakal beku luwih cepet"", ""editdist_solution0"": 0, ""uncorrected_solution1"": ""Mung banyu uyah sing bakal beku."", ""editdist_solution1"": 1, ""uncorrected_solution2"": ""Bakal beku kanthi kacepetan sing padha."", ""editdist_solution2"": 1, ""uncorrected_solution3"": ""Banyu putih bakal luwih cepet dadi es."", ""editdist_solution3"": 1}"
Handhuk teles nggléthak mruwel ing jogan jedhing. Piyé carané supaya cepet garing?,Handuké jarké waé,Beber andhuke banjur lempit dadi papat,Gelarna andhuke banjur lempit dadi loro,Beberake andhuke lan aja dilempit,3,jav_latn,A wet towel is lying crumpled up on the bathroom floor. How should you make it dry faster?,Leave the towel as is,Flatten out the towel and fold it into quarters,Flatten out the towel and fold it once in half,Flatten out the towel and do not fold it,object_properties_interactions,parallel_ex000081_jav_latn,"{""example_inspiration"": ""globalpiqa_nonparallel"", ""uncorrected_prompt"": ""Handhuk teles nggl\u00e9thak mruwel ing jogan jedhing. Piy\u00e9 caran\u00e9 supaya cepet garing?"", ""editdist_prompt"": 0, ""uncorrected_solution0"": ""Handuk\u00e9 jark\u00e9 wa\u00e9."", ""editdist_solution0"": 1, ""uncorrected_solution1"": ""Beber andhuke banjur lempit dadi papat."", ""editdist_solution1"": 1, ""uncorrected_solution2"": ""Gelarna andhuke banjur lempit dadi loro."", ""editdist_solution2"": 1, ""uncorrected_solution3"": ""Beberake andhuke lan aja dilempit."", ""editdist_solution3"": 1}"
Sampeyan tekan ing tlaga lan arep mriksa kandhele es. Sampeyan ngetuk es nganggo kayu. Swara sing kaya apa sing nandhakake yen es kuwi luwih aman diambah?,Swara mlengking,Swara kumandhang,Swara cendhèk sing mendhem,Swara kemretek dhuwur,2,jav_latn,You arrive at a lake and want to check the thickness of the ice. You hit the ice with a stick. What kind of sound would mean the ice is safer to walk on?,A sharp high sound,An echoing sound,A dull low sound,A high rattling sound,object_properties_interactions,parallel_ex000082_jav_latn,"{""example_inspiration"": ""globalpiqa_nonparallel"", ""uncorrected_prompt"": ""Sampeyan tekan ing tlaga lan arep mriksa kandhele es. Sampeyan ngetuk es nganggo kayu. Swara sing kaya apa sing nandhakake yen es kuwi luwih aman diambah?"", ""editdist_prompt"": 0, ""uncorrected_solution0"": ""Swara mlengking"", ""editdist_solution0"": 0, ""uncorrected_solution1"": ""Swara kumandhang"", ""editdist_solution1"": 0, ""uncorrected_solution2"": ""Swara cendh\u00e8k sing mendhem"", ""editdist_solution2"": 0, ""uncorrected_solution3"": ""Swara kemretek dhuwur"", ""editdist_solution3"": 0}"
"Ana wong mlaku ing salju sing kandel lan empuk, lan sikile ambles 20cm ing njero salju. Ana wong sing bobote padha nanging sikile luwih gedhe mlaku ing salju sing padha. Bakal sepira jerone sikile wong kapindho iku ambles ing njero salju?",Kurang saka 20cm,Luwih saka 40cm,20 sèntimèter,Luwih saka 20cm,0,jav_latn,"A person is walking in deep, fluffy snow, and their feet sink 20cm into the snow. A person with the same weight but much larger feet walks in the same snow. How much will the second person's feet sink into the snow?",Less than 20cm,More than 40cm,20cm,More than 20cm,object_properties_interactions,parallel_ex000083_jav_latn,"{""example_inspiration"": ""globalpiqa_nonparallel"", ""uncorrected_prompt"": ""Ana wong mlaku ing salju sing kandel lan empuk, lan sikile ambles 20cm ing njero salju. Ana wong sing bobote padha nanging sikile luwih gedhe mlaku ing salju sing padha. Bakal sepira jerone sikile wong kapindho iku ambles ing njero salju?"", ""editdist_prompt"": 0, ""uncorrected_solution0"": ""Kurang saka 20cm"", ""editdist_solution0"": 0, ""uncorrected_solution1"": ""Luwih saka 40cm"", ""editdist_solution1"": 0, ""uncorrected_solution2"": ""20 s\u00e8ntim\u00e8ter"", ""editdist_solution2"": 0, ""uncorrected_solution3"": ""Luwih saka 20cm"", ""editdist_solution3"": 0}"
"Wates wektu kanggo laporan yaiku rong minggu saka saiki. Awak dhewe bakal rapat babagan laporan kasebut seminggu maneh. Yen rapat kasebut diundur rong minggu, apa isih sadurunge wates wektu laporane?",Mboten,Kurang informasi,Mboten saged mangsuli,Inggih,0,jav_latn,"The deadline for a report is two weeks from today. We will meet about the report in one week. If the meeting is postponed by two weeks, will it still be before the report deadline?",No,Not enough information,Unable to answer,Yes,time,parallel_ex000084_jav_latn,"{""example_inspiration"": ""globalpiqa_nonparallel"", ""uncorrected_prompt"": ""Wates wektu kanggo laporan yaiku rong minggu saka saiki. Awak dhewe bakal rapat babagan laporan kasebut seminggu maneh. Yen rapat kasebut diundur rong minggu, apa isih sadurunge wates wektu laporane?"", ""editdist_prompt"": 0, ""uncorrected_solution0"": ""Mboten"", ""editdist_solution0"": 0, ""uncorrected_solution1"": ""Kurang informasi"", ""editdist_solution1"": 0, ""uncorrected_solution2"": ""Mboten saged mangsuli"", ""editdist_solution2"": 0, ""uncorrected_solution3"": ""Inggih"", ""editdist_solution3"": 0}"
Sawetara bocah seneng nggawe maneka warna kewan lan manuk nganggo ayang-ayangan tangan ing tembok. Kepiye carane nggawe ayang-ayangan iki nganggo tanganmu?,"Gawea wujud kewan nganggo tanganmu, banjur selehna lampune ing antarane tanganmu lan tembok","Gawea wangun kewan nganggo tanganmu, banjur selehake tanganmu ing sangisore lampu","Gawea wangun kewan nganggo tanganmu, banjur selehna tanganmu ing antarane lampu lan tembok","Gawea wangun kewan nganggo tanganmu, banjur tempelna tanganmu ing tembok",2,jav_latn,Some children enjoy making different animals and birds with hand shadows on the wall. How do you make these shadows with your hand?,"Make animal shapes with your hand, then place the lamp between your hand and the wall","Make animal shapes with your hand, then place your hand underneath the lamp","Make animal shapes with your hand, then place your hand between the lamp and the wall","Make animal shapes with your hand, then place your hand on the wall",spatial,parallel_ex000085_jav_latn,"{""example_inspiration"": ""globalpiqa_nonparallel"", ""uncorrected_prompt"": ""Sawetara bocah seneng nggawe maneka warna kewan lan manuk nganggo ayang-ayangan tangan ing tembok. Kepiye carane nggawe ayang-ayangan iki nganggo tanganmu?"", ""editdist_prompt"": 0, ""uncorrected_solution0"": ""Gawea wujud kewan nganggo tanganmu, banjur selehna lampune ing antarane tanganmu lan tembok."", ""editdist_solution0"": 1, ""uncorrected_solution1"": ""Gawea wangun kewan nganggo tanganmu, banjur selehake tanganmu ing sangisore lampu."", ""editdist_solution1"": 1, ""uncorrected_solution2"": ""Gawea wangun kewan nganggo tanganmu, banjur selehna tanganmu ing antarane lampu lan tembok."", ""editdist_solution2"": 1, ""uncorrected_solution3"": ""Gawea wangun kewan nganggo tanganmu, banjur tempelna tanganmu ing tembok."", ""editdist_solution3"": 1}"
"Apa sing bakal kedadeyan yen kita ngisi wadhah kaca nganggo banyu nganti kebak, ditutup rapet, banjur ditinggal ing njobo sing adhem njekut sedina muput?",Gelasé bakal pecah,Kacané bakal muai,Kacane bakal dadi atos,Gelase bakal nampung es,0,jav_latn,"What would happen if we completely fill a glass container with water, seal it, and leave it outdoors in the freezing cold for a day?",The glass would break,The glass would expand,The glass would harden,The glass would hold the ice,object_properties_interactions,parallel_ex000086_jav_latn,"{""example_inspiration"": ""globalpiqa_nonparallel"", ""uncorrected_prompt"": ""Apa sing bakal kedadeyan yen kita ngisi wadhah kaca nganggo banyu nganti kebak, ditutup rapet, banjur ditinggal ing njobo sing adhem njekut sedina muput?"", ""editdist_prompt"": 0, ""uncorrected_solution0"": ""Gelas\u00e9 bakal pecah."", ""editdist_solution0"": 1, ""uncorrected_solution1"": ""Kacan\u00e9 bakal muai."", ""editdist_solution1"": 1, ""uncorrected_solution2"": ""Kacane bakal dadi atos."", ""editdist_solution2"": 1, ""uncorrected_solution3"": ""Gelase bakal nampung es."", ""editdist_solution3"": 1}"
Resep kasebut ngandhakake yen bahan teles lan bahan garing kudu dicampur dhewe-dhewe. Bahan-bahan endi sing bakal dicampur dadi siji?,"Gula lan banyu, glepung lan lenga","Gula lan glepung, lenga lan banyu","Gula lan banyu, glepung lan uyah","Gula lan glepung, lenga lan uyah",1,jav_latn,A recipe says that you have to mix the wet and dry ingredients separately. Which ingredients would be mixed together?,"Sugar and water, flour and oil","Sugar and flour, oil and water","Sugar and water, flour and salt","Sugar and flour, oil and salt",object_properties_interactions,parallel_ex000087_jav_latn,"{""example_inspiration"": ""globalpiqa_nonparallel"", ""uncorrected_prompt"": ""Resep kasebut ngandhakake yen bahan teles lan bahan garing kudu dicampur dhewe-dhewe. Bahan-bahan endi sing bakal dicampur dadi siji?"", ""editdist_prompt"": 0, ""uncorrected_solution0"": ""Gula lan banyu, glepung lan lenga"", ""editdist_solution0"": 0, ""uncorrected_solution1"": ""Gula lan glepung, lenga lan banyu"", ""editdist_solution1"": 0, ""uncorrected_solution2"": ""Gula lan banyu, glepung lan uyah"", ""editdist_solution2"": 0, ""uncorrected_solution3"": ""Gula lan glepung, lenga lan uyah."", ""editdist_solution3"": 1}"
Kita duwe 1 liter susu lan kita pengin ngesok kabeh susune menyang gelas. Kita mung duwe telung gelas. Kombinasi ukuran sing endi sing bakal bisa nampung kabeh susune?,"Kalih gelas 0,3L lan satunggal gelas 0,2L","Telung gelas 0,3L","Rong gelas 0,4L lan siji gelas 0,3L","Rong gelas 0,2L lan siji gelas 0,5L",2,jav_latn,We have 1 liter of milk and we want to pour all the milk into glasses. We only have three glasses. Which combination of sizes will be able to hold all the milk?,Two glasses of 0.3L and one glass of 0.2L,Three glasses of 0.3L,Two glasses of 0.4L and one glass of 0.3L,Two glasses of 0.2L and one glass of 0.5L,counting,parallel_ex000088_jav_latn,"{""example_inspiration"": ""globalpiqa_nonparallel"", ""uncorrected_prompt"": ""Kita duwe 1 liter susu lan kita pengin ngesok kabeh susune menyang gelas. Kita mung duwe telung gelas. Kombinasi ukuran sing endi sing bakal bisa nampung kabeh susune?"", ""editdist_prompt"": 0, ""uncorrected_solution0"": ""Kalih gelas 0,3L lan satunggal gelas 0,2L"", ""editdist_solution0"": 0, ""uncorrected_solution1"": ""Telung gelas 0,3L"", ""editdist_solution1"": 0, ""uncorrected_solution2"": ""Rong gelas 0,4L lan siji gelas 0,3L"", ""editdist_solution2"": 0, ""uncorrected_solution3"": ""Rong gelas 0,2L lan siji gelas 0,5L"", ""editdist_solution3"": 0}"
"Ana dluwang salembar, gelas, lan endhog siji. Piye carane sampeyan nyelehake barang-barang kuwi ing jero kothak supaya bisa njaga endhoge ora pecah?","Buntelen endhoge nganggo kertas, banjur delehno ing sandhinge cangkir","Bungkus cangkire nganggo kertas, banjur delehno ing sandhinge endhog","Lebokna endhogé menyang cangkir, banjur bungkus cangkiré nganggo kertas","Bungkusen endhoge nganggo kertas, banjur lebokna ing jero cangkir",3,jav_latn,"There is a sheet of paper, a glass cup, and an egg. How would you place them in a box to best protect the egg from breaking?","Wrap the egg with the paper, then put it next to the cup","Wrap the cup with the paper, then put it next to the egg","Put the egg in the cup, then wrap the cup with the paper","Wrap the egg with the paper, then put it inside the cup","object_properties_interactions,affordances",parallel_ex000089_jav_latn,"{""example_inspiration"": ""globalpiqa_nonparallel"", ""uncorrected_prompt"": ""Ana dluwang salembar, gelas, lan endhog siji. Piye carane sampeyan nyelehake barang-barang kuwi ing jero kothak supaya bisa njaga endhoge ora pecah?"", ""editdist_prompt"": 0, ""uncorrected_solution0"": ""Buntelen endhoge nganggo kertas, banjur delehno ing sandhinge cangkir."", ""editdist_solution0"": 1, ""uncorrected_solution1"": ""Bungkus cangkire nganggo kertas, banjur delehno ing sandhinge endhog."", ""editdist_solution1"": 1, ""uncorrected_solution2"": ""Lebokna endhog\u00e9 menyang cangkir, banjur bungkus cangkir\u00e9 nganggo kertas."", ""editdist_solution2"": 1, ""uncorrected_solution3"": ""Bungkusen endhoge nganggo kertas, banjur lebokna ing jero cangkir."", ""editdist_solution3"": 1}"
"Ana truk kebak banyu lagi mlaku ing dalan. Dumadakan, truk iku kudu mandheg. Nalika lagi mandheg, banyune bakal menyang ngendi?",Banyune bakal obah menyang ngarep truk,Banyune ora bakal obah,Banyu bakal mili menyang ngisor truk,Banyune bakal obah menyang mburine truk,0,jav_latn,"A truck full of water is driving down a road. Suddenly, it has to stop. As it is stopping, where will the water go?",The water will move towards the front of the truck,The water will not move,The water will move towards the bottom of the truck,The water will move towards the back of the truck,object_properties_interactions,parallel_ex000090_jav_latn,"{""example_inspiration"": ""new"", ""uncorrected_prompt"": ""Ana truk kebak banyu lagi mlaku ing dalan. Dumadakan, truk iku kudu mandheg. Nalika lagi mandheg, banyune bakal menyang ngendi?"", ""editdist_prompt"": 0, ""uncorrected_solution0"": ""Banyune bakal obah menyang ngarep truk."", ""editdist_solution0"": 1, ""uncorrected_solution1"": ""Banyune ora bakal obah."", ""editdist_solution1"": 1, ""uncorrected_solution2"": ""Banyu bakal mili menyang ngisor truk."", ""editdist_solution2"": 1, ""uncorrected_solution3"": ""Banyune bakal obah menyang mburine truk."", ""editdist_solution3"": 1}"
"James lagi nglukis sesawangan taman, nanging dheweke ora duwe cat ijo. Cat apa sing bisa dicampur supaya dadi ijo?",Biru lan abang,Biru lan kuning,Biru lan putih,Kuning lan ireng,1,jav_latn,"James is painting a garden scene, but he has no green paint. What paints could he mix to get green?",Blue and red,Blue and yellow,Blue and white,Yellow and black,object_properties_interactions,parallel_ex000091_jav_latn,"{""example_inspiration"": ""new"", ""uncorrected_prompt"": ""James lagi nglukis sesawangan taman, nanging dheweke ora duwe cat ijo. Cat apa sing bisa dicampur supaya dadi ijo?"", ""editdist_prompt"": 0, ""uncorrected_solution0"": ""Biru lan abang"", ""editdist_solution0"": 0, ""uncorrected_solution1"": ""Biru lan kuning"", ""editdist_solution1"": 0, ""uncorrected_solution2"": ""Biru lan putih"", ""editdist_solution2"": 0, ""uncorrected_solution3"": ""Kuning lan ireng"", ""editdist_solution3"": 0}"
"Alex lagi manggang roti jeruk, lan dheweke kudu nambahake pewarna panganan supaya wernane dadi oranye. Pewarna panganan apa sing kudu ditambahake?",Satètès abang lan rong tètès kuning,Setetes kuning lan setetes biru,Rong tètès abang lan satètès kuning,Setètès abang lan setètès biru,0,jav_latn,"Alex is baking an orange cake, and he needs to add food coloring to make it orange. What food coloring should he add?",One drop of red and two drops of yellow,One drop of yellow and one drop of blue,Two drops of red and one drop of yellow,One drop of red and one drop of blue,object_properties_interactions,parallel_ex000092_jav_latn,"{""example_inspiration"": ""new"", ""uncorrected_prompt"": ""Alex lagi manggang roti jeruk, lan dheweke kudu nambahake pewarna panganan supaya wernane dadi oranye. Pewarna panganan apa sing kudu ditambahake?"", ""editdist_prompt"": 0, ""uncorrected_solution0"": ""Sat\u00e8t\u00e8s abang lan rong t\u00e8t\u00e8s kuning"", ""editdist_solution0"": 0, ""uncorrected_solution1"": ""Setetes kuning lan setetes biru"", ""editdist_solution1"": 0, ""uncorrected_solution2"": ""Rong t\u00e8t\u00e8s abang lan sat\u00e8t\u00e8s kuning."", ""editdist_solution2"": 1, ""uncorrected_solution3"": ""Set\u00e8t\u00e8s abang lan set\u00e8t\u00e8s biru"", ""editdist_solution3"": 0}"
"Kanggo nggawe bantal njobo sauntara, apa sing bisa koklakoni?",Isenana tas nganggo watu,Isenana tas nganggo carang,Isènana tas nganggo banyu,Isenana tas nganggo godhong,3,jav_latn,"To make a temporary outdoor pillow, what could you do?",Fill a bag with stones,Fill a bag with twigs,Fill a bag with water,Fill a bag with leaves,"object_properties_interactions,affordances",parallel_ex000093_jav_latn,"{""example_inspiration"": ""new"", ""uncorrected_prompt"": ""Kanggo nggawe bantal njobo sauntara, apa sing bisa koklakoni?"", ""editdist_prompt"": 0, ""uncorrected_solution0"": ""Isenana tas nganggo watu."", ""editdist_solution0"": 1, ""uncorrected_solution1"": ""Isenana tas nganggo carang."", ""editdist_solution1"": 1, ""uncorrected_solution2"": ""Is\u00e8nana tas nganggo banyu."", ""editdist_solution2"": 1, ""uncorrected_solution3"": ""Isenana tas nganggo godhong."", ""editdist_solution3"": 1}"
Panjenengan nglebetaken roti wonten ing oven saderengipun nindakaken padamelan griya. Padamelan griya punapa ingkang mboten saged rampung saderengipun roti kasebat kedah dipunpendhet saking oven?,Mepe kumbahan,Isah-isah,Nyapu lanté,Nglempiti umbahan,0,jav_latn,You put some cookies in the oven before doing some housework. What housework would not be possible to finish before the cookies need to be taken out of the oven?,Drying the laundry,Washing the dishes,Sweeping the floor,Folding the laundry,time,parallel_ex000094_jav_latn,"{""example_inspiration"": ""new"", ""uncorrected_prompt"": ""Panjenengan nglebetaken roti wonten ing oven saderengipun nindakaken padamelan griya. Padamelan griya punapa ingkang mboten saged rampung saderengipun roti kasebat kedah dipunpendhet saking oven?"", ""editdist_prompt"": 0, ""uncorrected_solution0"": ""Mepe kumbahan"", ""editdist_solution0"": 0, ""uncorrected_solution1"": ""Isah-isah"", ""editdist_solution1"": 0, ""uncorrected_solution2"": ""Nyapu lant\u00e9"", ""editdist_solution2"": 0, ""uncorrected_solution3"": ""Nglempiti umbahan"", ""editdist_solution3"": 0}"
"Kowe lan kancamu lagi mlaku ing alas, nanging kancamu menggok ngiwa nalika kowe menggok nengen, lan kowe sakloron terus mlaku. Saiki kancamu ana ing arah endi yen didelok saka kowe?",Ing ngarepmu,Ing sisih kiwamu,Ing tengenmu,Ing mburimu,3,jav_latn,"You and your friend are walking in a forest, but your friend turns left when you turn right, and you both keep walking. What direction is your friend relative to you now?",In front of you,To your left,To your right,Behind you,spatial,parallel_ex000095_jav_latn,"{""example_inspiration"": ""new"", ""uncorrected_prompt"": ""Kowe lan kancamu lagi mlaku ing alas, nanging kancamu menggok ngiwa nalika kowe menggok nengen, lan kowe sakloron terus mlaku. Saiki kancamu ana ing arah endi yen didelok saka kowe?"", ""editdist_prompt"": 0, ""uncorrected_solution0"": ""Ing ngarepmu"", ""editdist_solution0"": 0, ""uncorrected_solution1"": ""Ing sisih kiwamu"", ""editdist_solution1"": 0, ""uncorrected_solution2"": ""Ing tengenmu"", ""editdist_solution2"": 0, ""uncorrected_solution3"": ""Ing mburimu"", ""editdist_solution3"": 0}"
"Sampeyan lan kanca sampeyan mlaku neng dalan nuju siji lan sijine. Sampeyan mbalik arah, nanging kanca sampeyan tetep mlaku neng arah sing padha. Menyang arah endi sampeyan lan kanca sampeyan mlaku yen dibandingake siji lan sijine?",Kancamu ngetutake kowe,Kowe lan kancamu mlaku lawan arah,Kowe lan kancamu mlaku padha methuk,Kowe lagi ngetutake kancamu,0,jav_latn,"You and your friend are walking down the street towards each other. You turn around, but your friend keeps walking in the same direction. Which direction are you and your friend walking relative to one another?",Your friend is following you,You and your friend are walking in opposite directions,You and your friend are walking towards each other,You are following your friend,spatial,parallel_ex000096_jav_latn,"{""example_inspiration"": ""new"", ""uncorrected_prompt"": ""Sampeyan lan kanca sampeyan mlaku neng dalan nuju siji lan sijine. Sampeyan mbalik arah, nanging kanca sampeyan tetep mlaku neng arah sing padha. Menyang arah endi sampeyan lan kanca sampeyan mlaku yen dibandingake siji lan sijine?"", ""editdist_prompt"": 0, ""uncorrected_solution0"": ""Kancamu ngetutake kowe."", ""editdist_solution0"": 1, ""uncorrected_solution1"": ""Kowe lan kancamu mlaku lawan arah."", ""editdist_solution1"": 1, ""uncorrected_solution2"": ""Kowe lan kancamu mlaku padha methuk."", ""editdist_solution2"": 1, ""uncorrected_solution3"": ""Kowe lagi ngetutake kancamu."", ""editdist_solution3"": 1}"
"Ana telung mobil mlaku jejer-jejer, banjur mobil sing ing tengah nyoba belok ngiwa. Mobil loro liyane bakal ngapa?","Mobil sing tengen bakal menggok nengen, lan mobil sing kiwa ora bakal menggok","Mobil sing kiwa bakal mbanting setir mangiwa, lan mobil sing tengen ora bakal mbanting setir","Mobil sisih kiwa bakal mbanting setir nengen, lan mobil sisih tengen ora bakal mbanting setir","Mobil sisih kiwa bakal menggok ngiwa, lan mobil sisih tengen bakal menggok nengen",1,jav_latn,"Three cars are driving next to each other, and the car in the middle tries to turn left. What would the other two cars do?","The right car would swerve right, and the left car would not swerve","The left car would swerve left, and the right car would not swerve","The left car would swerve right, and the right car would not swerve","The left car would swerve left, and the right car would swerve right",spatial,parallel_ex000097_jav_latn,"{""example_inspiration"": ""new"", ""uncorrected_prompt"": ""Ana telung mobil mlaku jejer-jejer, banjur mobil sing ing tengah nyoba belok ngiwa. Mobil loro liyane bakal ngapa?"", ""editdist_prompt"": 0, ""uncorrected_solution0"": ""Mobil sing tengen bakal menggok nengen, lan mobil sing kiwa ora bakal menggok."", ""editdist_solution0"": 1, ""uncorrected_solution1"": ""Mobil sing kiwa bakal mbanting setir mangiwa, lan mobil sing tengen ora bakal mbanting setir."", ""editdist_solution1"": 1, ""uncorrected_solution2"": ""Mobil sisih kiwa bakal mbanting setir nengen, lan mobil sisih tengen ora bakal mbanting setir."", ""editdist_solution2"": 1, ""uncorrected_solution3"": ""Mobil sisih kiwa bakal menggok ngiwa, lan mobil sisih tengen bakal menggok nengen."", ""editdist_solution3"": 1}"
"Jack nyetir 40km saben dina. Sawise nem dina, wis pira adohe dheweke nyetir?",160km,240km,300km,200km,1,jav_latn,"Jack drives for 40km per day. After six days, how far has he driven?",160km,240km,300km,200km,"spatial,counting",parallel_ex000098_jav_latn,"{""example_inspiration"": ""new"", ""uncorrected_prompt"": ""Jack nyetir 40km saben dina. Sawise nem dina, wis pira adohe dheweke nyetir?"", ""editdist_prompt"": 0, ""uncorrected_solution0"": ""160 kilom\u00e8ter"", ""editdist_solution0"": 8, ""uncorrected_solution1"": ""240 kilom\u00e8ter"", ""editdist_solution1"": 8, ""uncorrected_solution2"": ""300km"", ""editdist_solution2"": 0, ""uncorrected_solution3"": ""Rongatus kilom\u00e8ter"", ""editdist_solution3"": 16}"
"Sampeyan nyetel weker supaya muni jam 9 esuk saben dina, nanging wekere keri 5 menit saben dina. Jam pira wekere bakal muni telung dina sawise sampeyan nyetel?",Jam 9 esuk,Jam sanga langkung telung puluh enjing,Jam 9.15 esuk,Jam 08.45 esuk,2,jav_latn,"You set your alarm to ring at 9am every morning, but the alarm clock falls 5min behind every day. What time will the alarm ring three days after you set it?",9:00 AM,9:30 AM,9:15 AM,8:45 AM,"time,counting",parallel_ex000099_jav_latn,"{""example_inspiration"": ""new"", ""uncorrected_prompt"": ""Sampeyan nyetel weker supaya muni jam 9 esuk saben dina, nanging wekere keri 5 menit saben dina. Jam pira wekere bakal muni telung dina sawise sampeyan nyetel?"", ""editdist_prompt"": 0, ""uncorrected_solution0"": ""Jam 9 esuk"", ""editdist_solution0"": 0, ""uncorrected_solution1"": ""Jam sanga langkung telung puluh enjing"", ""editdist_solution1"": 0, ""uncorrected_solution2"": ""Jam 9.15 esuk"", ""editdist_solution2"": 0, ""uncorrected_solution3"": ""Jam 08.45 esuk"", ""editdist_solution3"": 0}"
Ana truk teka menyang omahmu saben rong dina sepisan. Truk kuwi teka sepisanan ing dina Setu. Dina apa truk kuwi bakal teka kanggo sing kaping telune?,Kemis,Jemuwah,Rebo,Selasa,2,jav_latn,A truck comes to your house every two days. It first arrives at your house on a Saturday. What day will the truck arrive for the third time?,Thursday,Friday,Wednesday,Tuesday,"time,counting",parallel_ex000100_jav_latn,"{""example_inspiration"": ""new"", ""uncorrected_prompt"": ""Ana truk teka menyang omahmu saben rong dina sepisan. Truk kuwi teka sepisanan ing dina Setu. Dina apa truk kuwi bakal teka kanggo sing kaping telune?"", ""editdist_prompt"": 0, ""uncorrected_solution0"": ""Kemis"", ""editdist_solution0"": 0, ""uncorrected_solution1"": ""Jemuwah"", ""editdist_solution1"": 0, ""uncorrected_solution2"": ""Rebo"", ""editdist_solution2"": 0, ""uncorrected_solution3"": ""Selasa"", ""editdist_solution3"": 0}"
"Rapat kula ingkang sepisanan dinten menika jam 9 enjang, lan dangunipun satunggal jam. Rapat kula ingkang kaping kalih dipunwiwiti gangsal jam sasampunipun rapat sepisanan rampung. Jam pinten rapat kula ingkang kaping kalih dipunwiwiti?",Jam 2 awan,Jam 10 esuk,Jam 3 sore,Jam 9 esuk,2,jav_latn,"My first meeting for the day is at 9am, and it lasts for 1 hour. My second meeting starts 5 hours after the first meeting ends. What time does my second meeting start?",2:00 PM,10:00 AM,3:00 PM,9:00 AM,"time,counting",parallel_ex000101_jav_latn,"{""example_inspiration"": ""new"", ""uncorrected_prompt"": ""Rapat kula ingkang sepisanan dinten menika jam 9 enjang, lan dangunipun satunggal jam. Rapat kula ingkang kaping kalih dipunwiwiti gangsal jam sasampunipun rapat sepisanan rampung. Jam pinten rapat kula ingkang kaping kalih dipunwiwiti?"", ""editdist_prompt"": 0, ""uncorrected_solution0"": ""Jam 2 awan"", ""editdist_solution0"": 0, ""uncorrected_solution1"": ""Jam 10 esuk"", ""editdist_solution1"": 0, ""uncorrected_solution2"": ""Jam 3 sore"", ""editdist_solution2"": 0, ""uncorrected_solution3"": ""Jam 9 esuk"", ""editdist_solution3"": 0}"
Endi sing paling apik kanggo ngresiki layar komputermu tanpa ninggalake tilas teles?,Lengo goreng,Sabun lan banyu,Alkohol gosok,Banyu,2,jav_latn,Which of these is best for cleaning your computer screen without leaving moisture?,Cooking oil,Soap and water,Rubbing alcohol,Water,object_properties,parallel_ex000102_jav_latn,"{""example_inspiration"": ""english_piqa"", ""uncorrected_prompt"": ""Endi sing paling apik kanggo ngresiki layar komputermu tanpa ninggalake tilas teles?"", ""editdist_prompt"": 0, ""uncorrected_solution0"": ""Lengo goreng"", ""editdist_solution0"": 0, ""uncorrected_solution1"": ""Sabun lan banyu"", ""editdist_solution1"": 0, ""uncorrected_solution2"": ""Alkohol gosok"", ""editdist_solution2"": 0, ""uncorrected_solution3"": ""Banyu"", ""editdist_solution3"": 0}"
Kepiye carane nyimpen bawang putih supaya tetep seger kanggo masak?,Sèlèhna bawangé ing wadhah sing rapet,Sèlèhaké bawang putih ing lemah sing teles,Selehno bawang putih ing wadah sing ana sirkulasi udarane,Pèpènen bawangé ing panas,2,jav_latn,How should you store garlic for cooking so that it stays fresh?,Place the garlic in an airtight container,Place the garlic in some moist soil,Place the garlic in a breathable container,Leave the garlic in the sun,object_properties_interactions,parallel_ex000103_jav_latn,"{""example_inspiration"": ""english_piqa"", ""uncorrected_prompt"": ""Kepiye carane nyimpen bawang putih supaya tetep seger kanggo masak?"", ""editdist_prompt"": 0, ""uncorrected_solution0"": ""S\u00e8l\u00e8hna bawang\u00e9 ing wadhah sing rapet."", ""editdist_solution0"": 1, ""uncorrected_solution1"": ""S\u00e8l\u00e8hak\u00e9 bawang putih ing lemah sing teles."", ""editdist_solution1"": 1, ""uncorrected_solution2"": ""Selehno bawang putih ing wadah sing ana sirkulasi udarane."", ""editdist_solution2"": 1, ""uncorrected_solution3"": ""P\u00e8p\u00e8nen bawang\u00e9 ing panas."", ""editdist_solution3"": 1}"
Bahan apa sing paling apik kanggo nggawe kasur ing njaba?,Kayu cilik-cilik,Godhong wit,Banyu,Watu cilik-cilik,1,jav_latn,What material would be best to use to make an outdoor mattress?,Small sticks,Tree leaves,Water,Small rocks,"object_properties_interactions,affordances",parallel_ex000104_jav_latn,"{""example_inspiration"": ""english_piqa"", ""uncorrected_prompt"": ""Bahan apa sing paling apik kanggo nggawe kasur ing njaba?"", ""editdist_prompt"": 0, ""uncorrected_solution0"": ""Kayu cilik-cilik"", ""editdist_solution0"": 0, ""uncorrected_solution1"": ""Godhong wit"", ""editdist_solution1"": 0, ""uncorrected_solution2"": ""Banyu"", ""editdist_solution2"": 0, ""uncorrected_solution3"": ""Watu cilik-cilik"", ""editdist_solution3"": 0}"
Kepiye carane ngerti yen daging beku wis lumer?,Dagingé diuyahi,Dagingé wis mateng,Daginge empuk,Dagingé kenceng,2,jav_latn,How can you tell when frozen meat has thawed?,The meat is salted,The meat is cooked,The meat is soft,The meat is firm,object_properties_interactions,parallel_ex000105_jav_latn,"{""example_inspiration"": ""english_piqa"", ""uncorrected_prompt"": ""Kepiye carane ngerti yen daging beku wis lumer?"", ""editdist_prompt"": 0, ""uncorrected_solution0"": ""Daging\u00e9 diuyahi."", ""editdist_solution0"": 1, ""uncorrected_solution1"": ""Daging\u00e9 wis mateng."", ""editdist_solution1"": 1, ""uncorrected_solution2"": ""Daginge empuk."", ""editdist_solution2"": 1, ""uncorrected_solution3"": ""Daging\u00e9 kenceng"", ""editdist_solution3"": 0}"
Serbet piring cukup gedhe kanggo nutupi sakabehe sing endi ing ngisor iki?,Kulkas,Sendhok,Pèl,Meja,1,jav_latn,A dish towel is big enough to completely cover which of the following?,A refrigerator,A spoon,A mop,A table,spatial,parallel_ex000106_jav_latn,"{""example_inspiration"": ""english_piqa"", ""uncorrected_prompt"": ""Serbet piring cukup gedhe kanggo nutupi sakabehe sing endi ing ngisor iki?"", ""editdist_prompt"": 0, ""uncorrected_solution0"": ""Kulkas"", ""editdist_solution0"": 0, ""uncorrected_solution1"": ""Sendhok"", ""editdist_solution1"": 0, ""uncorrected_solution2"": ""P\u00e8l"", ""editdist_solution2"": 0, ""uncorrected_solution3"": ""Meja"", ""editdist_solution3"": 0}"
"Supaya slamet nalika mlaku ing pinggir dalan nalika peteng, klambi kaya apa sing kudu koknggo?",Sandhangan werna padhang,Sandhangan anti banyu,Mantel abot,Klambi werna peteng,0,jav_latn,"To be safe when walking alongside the road in the dark, what kind of clothes should you wear?",Light colored clothing,Waterproof clothing,A heavy coat,Dark colored clothing,object_properties,parallel_ex000107_jav_latn,"{""example_inspiration"": ""english_piqa"", ""uncorrected_prompt"": ""Supaya slamet nalika mlaku ing pinggir dalan nalika peteng, klambi kaya apa sing kudu koknggo?"", ""editdist_prompt"": 0, ""uncorrected_solution0"": ""Sandhangan werna padhang"", ""editdist_solution0"": 0, ""uncorrected_solution1"": ""Sandhangan anti banyu"", ""editdist_solution1"": 0, ""uncorrected_solution2"": ""Mantel abot"", ""editdist_solution2"": 0, ""uncorrected_solution3"": ""Klambi werna peteng"", ""editdist_solution3"": 0}"
"Saka wadhah-wadhah ing ngisor iki, endi sing bisa amot bal?",Botol sak liter,Cangkir,Amplop dluwang,Timba,3,jav_latn,Which of the following containers can a football fit into?,A 1 liter bottle,A drinking cup,A paper envelope,A bucket,spatial,parallel_ex000108_jav_latn,"{""example_inspiration"": ""english_piqa"", ""uncorrected_prompt"": ""Saka wadhah-wadhah ing ngisor iki, endi sing bisa amot bal?"", ""editdist_prompt"": 0, ""uncorrected_solution0"": ""Botol sak liter"", ""editdist_solution0"": 0, ""uncorrected_solution1"": ""Cangkir"", ""editdist_solution1"": 0, ""uncorrected_solution2"": ""Amplop dluwang"", ""editdist_solution2"": 0, ""uncorrected_solution3"": ""Timba"", ""editdist_solution3"": 0}"
